"GeneID","baseMean","log2FoldChange","lfcSE","stat","pvalue","padj","Description","GeneSymbol","Synonym"
"Os01g0100400",142.247055719332,1.12954959571225,0.247007528007341,4.57293591342963,4.80937274305273e-06,1.76405371509426e-05,"","Os01g0100400",""
"Os01g0101150",47.9420271636174,2.57939355466788,0.37656563478795,6.84978478219442,7.39611737520782e-12,4.98920773769464e-11,"","P0672D08.16",""
"Os01g0102000",13.4860689822257,4.38590647936211,0.851623296346876,5.15005460533536,2.60410631629269e-07,1.11765013335846e-06,"","OsNPC6",""
"Os01g0102850",176.89046762209,1.66039487747853,0.202329418908735,8.20639374359835,2.27931080508123e-16,2.18132421079558e-15,"","Os01g0102850",""
"Os01g0102900",81290.6562254266,1.23416842229806,0.533975611845109,2.31128237867174,0.0208172626932202,0.0400395371642538,"","LIR1",""
"Os01g0103000",117.126013014561,3.09411269983904,0.405378483690663,7.63265152030146,2.29973913679308e-14,1.90189040695334e-13,"","P0455C04.24",""
"Os01g0103900",8.26686248213027,2.20600885023014,0.85972798683501,2.56593816184967,0.010289717058944,0.0213114034581171,"","Os01g0103900",""
"Os01g0105900",6323.183428573,2.81435848192238,0.185202722122106,15.196096740235,3.75328795761361e-52,1.78836953318832e-50,"","Os01g0105900",""
"Os01g0106500",268.591356359467,1.02461384481406,0.285600535455132,3.5875767641025,0.000333765485831714,0.000931063661613644,"","Os01g0106500",""
"Os01g0110200",38.5562293683552,3.14046684883712,0.613715108691646,5.1171411691854,3.1020145097991e-07,1.31855573013025e-06,"","OsAGP12",""
"Os01g0110400",1454.68451359644,2.01331716715962,0.254957049031855,7.896691520414,2.86404035320374e-15,2.52985125958392e-14,"","Os01g0110400",""
"Os01g0110500",37.9138210528226,1.44232769899019,0.347890364663043,4.14592597408435,3.38443164614452e-05,0.000110235392265706,"","Os01g0110500",""
"Os01g0118700",382.60762569283,1.14762752411336,0.291555468612793,3.93622362692668,8.27738453926424e-05,0.000254515707035679,"","Os01g0118700",""
"Os01g0119800",5.15981460243754,5.51695489721109,1.26058747667146,4.37649508606769,1.2060290906482e-05,4.18043967249447e-05,"","Os01g0119800",""
"Os01g0121000",8.55840704277612,4.74412403778142,1.12999051103326,4.19837511152496,2.68837048852217e-05,8.88959770373867e-05,"","Os01g0121000",""
"Os01g0121300",60.237778588057,1.08400017056877,0.24789385123674,4.37284008925878,1.2264055682546e-05,4.24572457239683e-05,"","Os01g0121300",""
"Os01g0124100",33.5098849902961,1.82584910552113,0.698068972002408,2.61557120965238,0.0089078344525046,0.0186851857627588,"","RBBI3-2",""
"Os01g0124650",15.310855557051,6.35106080194466,1.24824181302369,5.0880051731003,3.61849502752858e-07,1.52579052581817e-06,"","RBBI2-3",""
"Os01g0125800",121.613272753499,1.05090186070085,0.258132184630465,4.07117718468655,4.67761519690757e-05,0.000148987365643115,"","P0044F08.16",""
"Os01g0127400",512.433844963267,1.41205353486853,0.203825131611695,6.92776952333148,4.27527502459687e-12,2.94983261722185e-11,"","Os01g0127400",""
"Os01g0127500",3.65658515017251,5.02383517133661,1.47916931497706,3.39638952787127,0.000682811134782155,0.00180902603576748,"","Os01g0127500",""
"Os01g0127700",159.084427928292,1.10257499688481,0.284656555010642,3.87335186025698,0.000107348668409338,0.000324363165509533,"","OsRLCK19",""
"Os01g0127900",119.007009761968,1.12210995362773,0.229157989428511,4.89666520650718,9.74767014604616e-07,3.90048487093969e-06,"","Os01g0127900",""
"Os01g0128000",29.2300415679634,2.24195593920745,0.50087601718644,4.47606965053177,7.60296904767924e-06,2.71009587245502e-05,"","Os01g0128000",""
"Os01g0128200",104.399304393057,2.61651661614925,0.419957870299431,6.23042643368885,4.65167229106771e-10,2.67040047163542e-09,"","Os01g0128200",""
"Os01g0128250",17.7852578014392,5.25845658501375,0.92541969309631,5.68223977103813,1.32942102589118e-08,6.56941857967807e-08,"","Os01g0128250",""
"Os01g0128300",362.150708781538,2.60545532632959,0.199192860960324,13.0800637822485,4.28080843485633e-39,1.29664536174126e-37,"protein MAO HUZI 4, chloroplastic-like [Source:NCBI gene (formerly Entrezgene);Acc:4325995]","MHZ4","P0408F06.3"
"Os01g0130000",773.737057665121,2.09554363226323,0.251085221874864,8.34594571761617,7.06462528945794e-17,7.04103864830649e-16,"","OsMTP9",""
"Os01g0132766",189.290855808167,1.48955967573502,0.2348857852452,6.34163397406128,2.27340932341182e-10,1.34242761692504e-09,"","Os01g0132766",""
"Os01g0132800",1630.59316259158,1.16049607559401,0.120834263204354,9.6040315455177,7.68772132859441e-22,1.02352859408159e-20,"","Os01g0132800",""
"Os01g0133100",9.78124764040028,2.45998097461458,0.728729616403468,3.37571153860252,0.00073625068277512,0.00193920305805455,"","Os01g0133100",""
"Os01g0133400",1168.77406330081,1.08226258771717,0.151675386441957,7.13538704667371,9.65151883900367e-13,7.00661243111614e-12,"","OsPGLCT",""
"Os01g0133600",8.27335695829855,6.20205857395393,1.39115824722647,4.4581977545106,8.2651634166849e-06,2.93011809951641e-05,"","Os01g0133600",""
"Os01g0134200",20.9195301943917,2.56101705689165,0.554785914288972,4.61622581058842,3.90781735471547e-06,1.44967795475049e-05,"","Os01g0134200",""
"Os01g0134900",37.1278467081354,2.80340612894401,0.420199224182907,6.67161186314737,2.53008992077362e-11,1.62530562527892e-10,"","Os01g0134900",""
"Os01g0135700",366.860855805278,2.32144988403234,0.654064117943845,3.5492695904649,0.000386301367487455,0.00106621242979132,"","OsCML16",""
"Os01g0136050",1.77473473819727,3.98244776164302,1.60757253217778,2.47730518028196,0.0132378656941505,0.026769470904546,"","Os01g0136050",""
"Os01g0136100",153.797724678555,3.9987269557147,0.384062081679302,10.4116681819521,2.19343868952716e-25,3.54051012445696e-24,"","Oshsp16.9A",""
"Os01g0136200",28.179679766094,1.91405894131676,0.411239248352671,4.65436834879948,3.2497539535443e-06,1.21758889621907e-05,"","Oshsp16.9B",""
"Os01g0137800",1.90967711270005,4.08425945725881,1.54016413586769,2.65183389363746,0.00800559152917901,0.0169533795998691,"","Os01g0137800",""
"Os01g0141900",554.564906702362,1.01382756043657,0.12567307941549,8.06718165220364,7.19394755234732e-16,6.65587895834613e-15,"","Os01g0141900",""
"Os01g0143300",44.2909951011898,1.49385144440723,0.298478288162559,5.00489149010947,5.5893507318976e-07,2.305048986089e-06,"","Os01g0143300",""
"Os01g0143800",3156.80936131508,2.71679482572698,0.171921447897755,15.802535744945,2.9884961150373e-56,1.67146655174445e-54,"","Os01g0143800",""
"Os01g0149200",1541.61298686366,1.69546623287891,0.176870892419272,9.58589742884208,9.1657306564236e-22,1.21378572140143e-20,"","OsMT2d",""
"Os01g0149500",83.3741627616316,3.15232652275868,0.289882657094786,10.8744916110243,1.52503572115899e-27,2.7341396572472e-26,"","PIT",""
"Os01g0149600",883.409787145619,1.18305419198592,0.2753672802203,4.29627728842531,1.73690298052205e-05,5.89685463803712e-05,"","H2B",""
"Os01g0149700",2.84690745259848,3.0354441720447,1.33227905928235,2.27838466040275,0.0227036695250636,0.0432576975910483,"","Os01g0149700",""
"Os01g0149800",15233.3934728174,1.7239586838266,0.170772797675968,10.0950426958379,5.81057833817706e-24,8.64676873783862e-23,"","OsMT2a",""
"Os01g0151600",1709.67518019295,2.63819932723517,0.171759585240708,15.3598375516448,3.04336246822191e-53,1.52642493674361e-51,"","Os01g0151600",""
"Os01g0151900",64.1790096091673,2.31688204016382,0.320738447356571,7.2235868797734,5.0633924418057e-13,3.76517630644117e-12,"","Os01g0151900",""
"Os01g0155800",715.993968386024,8.40418677413334,0.719548786731551,11.6798011880587,1.61673223413387e-31,3.5702116368213e-30,"","Os01g0155800",""
"Os01g0158900",1368.71918944595,1.62019988522912,0.139443030960991,11.6190810975872,3.29662840004245e-31,7.17755376694657e-30,"","Os01g0158900",""
"Os01g0159000",41.4233683526695,5.71688540961759,0.75455202577958,7.57652913821427,3.54922019455534e-14,2.89177996581708e-13,"","OsDOG1L-2",""
"Os01g0159200",27.9916119226363,4.26179771833721,0.777021401106089,5.48478807954395,4.13965372030934e-08,1.94368391563586e-07,"","OsFLA8",""
"Os01g0159400",1179.79162421547,1.32756802687619,0.184265324187144,7.20465466160028,5.81911394545606e-13,4.30003537806636e-12,"","Os01g0159400",""
"Os01g0162300",13.4893511401843,3.12030107561542,0.659323737504169,4.7325780919509,2.21685971850465e-06,8.47510156540497e-06,"","Os01g0162300",""
"Os01g0162400",16.5858887284573,3.29314122125419,0.595328002908674,5.53164172551005,3.17247381339572e-08,1.51075117575448e-07,"","Os01g0162400",""
"Os01g0162500",149.723820688933,4.18058565536332,0.326793084543955,12.7927604747126,1.79965972212625e-37,5.08439782612567e-36,"","Os01g0162500",""
"Os01g0165000",331.881560133213,1.4798635101405,0.259558756264268,5.70145862709325,1.18786568047428e-08,5.89814588479183e-08,"","DREB2A","ERF40"
"Os01g0165200",54.7860760086884,2.09494430181972,0.315903844333475,6.6315885020008,3.32093324714995e-11,2.11741541597103e-10,"","P0701D05.9-1",""
"Os01g0166100",1159.26945369705,1.15682840903058,0.18810321820785,6.14996606678101,7.74995259558826e-10,4.34927690738144e-09,"","Os01g0166100",""
"Os01g0168400",23.5713475711232,2.18622799141393,0.438100490795418,4.99024319156686,6.03033233892838e-07,2.47455356677093e-06,"","Os01g0168400",""
"Os01g0168800",17.0016542994991,2.64929812705361,0.746643695554151,3.54827629675133,0.000387761227903499,0.00107012251545611,"","P0028E10.22",""
"Os01g0170000",273.478818443513,6.81035662800142,0.455765539698438,14.9426756408735,1.73852116672522e-50,7.74736312013501e-49,"","RS5",""
"Os01g0170051",3044.84423715348,6.56385761511264,0.241427346587242,27.1877138522115,9.07545081721119e-163,5.62156112245104e-160,"","Os01g0170051",""
"Os01g0174900",245.795539962594,1.50306585513511,0.190236186422787,7.90105123214916,2.76560942242229e-15,2.4437769136718e-14,"","OsGRX1",""
"Os01g0175100",378.186112842004,2.29245501122527,0.30304593751394,7.56471124487459,3.88727139315695e-14,3.15579696291775e-13,"","Os01g0175100",""
"Os01g0175400",40.3511279316808,2.07336106803335,0.424624969521897,4.88280533847981,1.04587108036143e-06,4.16482606205642e-06,"","Os01g0175400",""
"Os01g0176000",12.0887747700595,1.70357414282347,0.61068080293878,2.78963107178964,0.00527681325827359,0.0116485746703711,"","OsUGT98B1",""
"Os01g0176200",59.7114636865923,1.16534827772078,0.322340515802019,3.61527087223667,0.000300033742191025,0.000844477567904923,"","Os01g0176200",""
"Os01g0176300",70.8252166763883,2.57011805234561,0.317087047461876,8.1054022008093,5.25713162297727e-16,4.93580713234209e-15,"","Os01g0176300",""
"Os01g0178900",86.2711410271608,1.08765115327078,0.275679287066681,3.94534955761005,7.96836486808464e-05,0.000245531869589023,"","Os01g0178900",""
"Os01g0180300",1119.32948167768,1.13477788901558,0.136463745202789,8.31559977581786,9.12894045633699e-17,9.02584827161459e-16,"","Os01g0180300",""
"Os01g0182400",381.886669751185,1.82300923860709,0.242176505599357,7.52760567791398,5.16791791164362e-14,4.16002281016225e-13,"","Os01g0182400",""
"Os01g0182500",131.450218382386,1.22004934456505,0.19012573706993,6.41706569224926,1.38925985711474e-10,8.38530852125019e-10,"","Os01g0182500",""
"Os01g0182700",14.6127869301918,1.12221250217749,0.462479281146521,2.42651411193046,0.0152446574290791,0.0303289607451656,"","OsWRKY102",""
"Os01g0184500",1244.09663293984,1.41877804033894,0.198145035555962,7.16030071789628,8.05002748162358e-13,5.89581823565438e-12,"","OsRH39",""
"Os01g0185300",17.6445721158229,1.71829911634061,0.523622907858898,3.28155833243959,0.00103235168751452,0.00264651606430908,"acyl transferase 9-like [Source:NCBI gene (formerly Entrezgene);Acc:4325654]","OsAT9",""
"Os01g0189800",728.033926774869,1.22911186292892,0.123491912129615,9.95297458540334,2.44755843331733e-23,3.51758441428674e-22,"","Os01g0189800",""
"Os01g0190000",5116.2470358942,1.0060210526118,0.181187526470947,5.55237478101513,2.81814579357946e-08,1.34953997540623e-07,"","Os01g0190000",""
"Os01g0190400",457.375825923498,1.57716964166941,0.147076311649319,10.7234783357223,7.89762442510046e-27,1.36172192331743e-25,"","OsHXK8",""
"Os01g0192000",156.728606407033,2.93892489847608,0.395871479058667,7.42393694404172,1.13689300757604e-13,8.89728302233465e-13,"","DOS",""
"Os01g0192300",2413.00351284463,1.91763310006088,0.184643674869868,10.3855878161674,2.88387302932315e-25,4.63083098169408e-24,"","OsMYB1R1",""
"Os01g0192900",48.2548046229844,8.74482598845112,1.14213363212077,7.65656989910482,1.90964837459142e-14,1.58669878528678e-13,"","OsACS5",""
"Os01g0195200",27.4868470456907,1.31886710953317,0.442061397185629,2.98344781500873,0.00285020635369463,0.00666536694907898,"","Os01g0195200",""
"Os01g0195400",27.6734730433638,1.93647844785266,0.743914741618985,2.60309191297687,0.00923871817557315,0.0193138474718339,"","Os01g0195400",""
"Os01g0197100",31.0447480595899,1.51137986110736,0.426146019958483,3.5466243736234,0.000390200509198007,0.00107601536075671,"","D2",""
"Os01g0197450",23.8411978933087,2.83046474663878,0.493077309652604,5.7404076221495,9.44489316021547e-09,4.74774026842481e-08,"","Os01g0197450",""
"Os01g0198000",57.7039964386847,2.66694446928372,0.357172289495735,7.46682916821174,8.2150306345978e-14,6.50715518009685e-13,"","OsRDR4",""
"Os01g0198500",20.9311112322601,7.54033645158933,1.1524838669237,6.54268286784491,6.04248784804247e-11,3.77020199977206e-10,"","B1046G12.22",""
"Os01g0199300",6.9408979215267,2.68005746841874,0.855281125618318,3.13353982467603,0.00172711479756581,0.00422936581728486,"","B1046G12.31",""
"Os01g0200300",25.78717528059,4.36113202935208,0.624773543270497,6.98034043906998,2.94465627767999e-12,2.05926470765106e-11,"","Oshox29",""
"Os01g0200350",305.36979889533,4.01283431426809,0.277983244735899,14.4355258464607,3.09277880118617e-47,1.22021943243614e-45,"","Os01g0200350",""
"Os01g0200600",17.3747926594335,7.27144065245424,1.14309458902958,6.36118893592811,2.00198004306394e-10,1.18866665533178e-09,"","OsERF#039",""
"Os01g0202500",2054.23291156755,2.20269310861203,0.204828900073362,10.7538199337257,5.68570868482586e-27,9.86518235881866e-26,"","OsBBX1",""
"Os01g0205200",514.268618992155,1.13455700303052,0.233021658055622,4.86889078250273,1.12226409423795e-06,4.44972595022145e-06,"","Os01g0205200",""
"Os01g0209200",144.856959922913,1.10445620110883,0.189005367111484,5.84351766295277,5.11098763707491e-09,2.63274304955935e-08,"","GF14G",""
"Os01g0209500",6.76479562887955,4.40021279843257,1.18784262504822,3.7043735471725,0.000211913787142255,0.000610888645028931,"","Os01g0209500",""
"Os01g0212700",2.9587377965342,3.07865858819312,1.37170978056844,2.24439501110601,0.0248069972245023,0.0467871637536342,"","Os01g0212700",""
"Os01g0213800",1.80859509343267,4.00586410614976,1.66723656285326,2.40269689101242,0.0162746708508014,0.0321432857449427,"","OsPCF5",""
"Os01g0214200",620.853523359233,2.0828740344604,0.203403729296448,10.2400975717841,1.31104085792692e-24,2.03276967064176e-23,"","OsGELP1",""
"Os01g0214500",1146.78483275841,5.55983298585987,0.56283091857177,9.87833610841495,5.16839339330628e-23,7.32174288770439e-22,"","Os01g0214500",""
"Os01g0222800",17.1536196209757,3.00033347369506,0.667888856031491,4.49226461349071,7.04697875287965e-06,2.52645047836925e-05,"","Os01g0222800",""
"Os01g0223800",27.3911189160052,2.53141551602935,0.457905892469379,5.52824402930921,3.23451925961369e-08,1.53822809396254e-07,"","Os01g0223800",""
"Os01g0224000",2.17839405334509,4.27579598046673,1.89561372568692,2.25562619774622,0.0240940511054346,0.0455952267806732,"","Os01g0224000",""
"Os01g0224100",15.9067147426991,2.5219483810138,0.584283242249365,4.31631133438782,1.5865816412637e-05,5.40353722688533e-05,"","OsERF#053",""
"Os01g0224200",19.5672002738152,2.88156653392475,0.63189098219965,4.56022734158011,5.10982703627117e-06,1.86789885626572e-05,"","Os01g0224200",""
"Os01g0225000",330.912313324711,3.21798691647846,0.63982133572188,5.0295086093804,4.9173842274774e-07,2.04186406911693e-06,"","Os01g0225000",""
"Os01g0226300",125.852998020332,1.25084912734798,0.237245556381955,5.27238168935046,1.34664646847754e-07,5.97312201028785e-07,"","Os01g0226300",""
"Os01g0226400",21.5396358647893,7.58047992333668,1.08241154634515,7.0033250743978,2.49957945659016e-12,1.75743700896522e-11,"","Os01g0226400",""
"Os01g0227100",9273.9156092871,2.05352742809058,0.295755043192216,6.94333866948114,3.82939885314556e-12,2.65253048320905e-11,"","NYC1",""
"Os01g0228500",6.09707278470252,5.75979494835111,1.34310481398594,4.28841806564428,1.79950154736738e-05,6.09518111266185e-05,"","Os01g0228500",""
"Os01g0230800",6.72654742023732,2.66579482334221,0.969397763398729,2.74994942632824,0.00596044632376294,0.0130081897792543,"","Os01g0230800",""
"Os01g0232800",1602.11524574596,1.24335962012436,0.10293329060853,12.0792759346734,1.35911256709811e-33,3.27671331355924e-32,"","Os01g0232800",""
"Os01g0233000",5755.33927701326,2.05045156257371,0.274228244400229,7.47717131420324,7.5939394622948e-14,6.03641443879622e-13,"","OsDREPP1",""
"Os01g0233900",291.754236380774,2.73392007344271,0.321450882737581,8.50493876439148,1.81691468959844e-17,1.88122420661013e-16,"","OsUBC37",""
"Os01g0234100",48.0754922062796,1.13711022508821,0.339127999106161,3.35304141234367,0.000799287463766189,0.00209100892088849,"","Os01g0234100",""
"Os01g0241000",412.858099072944,1.76648823626576,0.22601007732689,7.81597111579587,5.45408818523486e-15,4.71843376276411e-14,"","Os01g0241000",""
"Os01g0242600",1674.1608220011,2.77944019016278,0.211383367289016,13.1488121596747,1.72868776879263e-39,5.33395975683376e-38,"","OsNTMC2T6.1",""
"Os01g0242900",357.828180926559,1.17041717820315,0.228065302198219,5.13193882156569,2.86772719035562e-07,1.22506338957657e-06,"","B1066G12.20-1",""
"Os01g0243200",747.832302304439,1.17943057650618,0.138581265245456,8.51075052906442,1.72811086874126e-17,1.79077386009211e-16,"","Os_F0797",""
"Os01g0246500",335.297445890829,1.5917270232958,0.154089007742101,10.3299193538833,5.16039520836902e-25,8.17513504333498e-24,"","Os01g0246500",""
"Os01g0246700",1165.42428392418,1.83104479341797,0.191728391856438,9.55020159345528,1.29444157475538e-21,1.70325963344206e-20,"","OsWRKY1",""
"Os01g0253050",4.19468678987112,5.21714625905353,1.43302467434234,3.64065347405678,0.000271946945680582,0.000770148528189254,"","Os01g0253050",""
"Os01g0253300",8081.01669116243,1.13482879590327,0.104961328727062,10.8118752846036,3.02423625970277e-27,5.32940980132686e-26,"","rImpa1a",""
"Os01g0253900",1480.67478208753,2.32504848514128,0.314763130378871,7.38666082759658,1.5056200901374e-13,1.16759777694317e-12,"","P0705D01.7-1",""
"Os01g0255100",5.74402997310618,3.58584260365677,1.16097443483193,3.08864906588221,0.00201068794534607,0.0048565817139637,"","Os01g0255100",""
"Os01g0256500",23176.7472003452,2.69524064606343,0.224252771500302,12.0187618107534,2.83183015942054e-33,6.68868025357129e-32,"","Os01g0256500",""
"Os01g0257300",19.8710002071779,1.62641556936247,0.719995011918191,2.25892616259857,0.023887978259904,0.0452432684104603,"","OsRAA1",""
"Os01g0260000",18.1959631893687,3.63151254722375,0.622675055199673,5.83211502837421,5.4729167157879e-09,2.81157904762755e-08,"","Os01g0260000",""
"Os01g0260100",21.4555383083902,1.46480287266779,0.469104244998323,3.12255301094755,0.00179289814413973,0.00437402888118846,"","Os01g0260100",""
"Os01g0262700",69.9747617409984,1.46235984855142,0.318440335688599,4.59225696201205,4.38478006066197e-06,1.61645135490287e-05,"","P0469E09.26-1",""
"Os01g0263300",59.7240843050984,1.39377588172798,0.368287053242528,3.78448242873782,0.000154028788885036,0.000454384010263667,"","atp6",""
"Os01g0263400",92.2623632929357,1.72778011248509,0.292134255779662,5.91433588599155,3.33217286461738e-09,1.75289271903662e-08,"","P0453A06.6",""
"Os01g0265100",30.4915189028986,2.61376089483075,0.521048689607663,5.01634673872578,5.26632494280403e-07,2.17726903233532e-06,"","OsARFA1e",""
"Os01g0265200",1303.69600509578,1.63055902710222,0.150046578638461,10.8670190410078,1.65520777524661e-27,2.95681925358942e-26,"","OsPAPST1",""
"Os01g0266100",30.7217234669635,2.62470725556186,0.467546857684411,5.613784399196,1.9794883134777e-08,9.60928329604955e-08,"","Os01g0266100",""
"Os01g0268900",344.442507900526,1.50596078761281,0.290247323462934,5.18854323838451,2.11945553297855e-07,9.20002623346346e-07,"","Os01g0268900",""
"Os01g0269500",54.6947675562004,3.57687734365629,0.36520545890361,9.79415081689769,1.19295584350512e-22,1.65497575221313e-21,"","Os01g0269500",""
"Os01g0270100",3189.7190045879,1.14224995059962,0.155058697998638,7.3665648257259,1.75080826339624e-13,1.35139490162519e-12,"","Os01g0270100",""
"Os01g0272800",5.40469912675449,4.07707161760852,1.17706583761112,3.46375834497331,0.000532684814282256,0.00143741359654448,"","Os01g0272800",""
"Os01g0272850",807.78284728895,4.49979892442982,0.274331983450095,16.4027499376441,1.82773886386654e-60,1.14938796522896e-58,"","Os01g0272850",""
"Os01g0275600",4221.33368018904,1.36177955067317,0.191432659948123,7.1136218398794,1.13036604888644e-12,8.16057097705691e-12,"","OsAGO4a",""
"Os01g0276200",155.325948787252,1.76879313489473,0.260005012309114,6.80291937138447,1.02520033347023e-11,6.8081985157845e-11,"","OSVDAC7",""
"Os01g0276300",37.4750696219818,8.37926450715059,1.07709323240539,7.77951643836605,7.28022858791128e-15,6.23512698661175e-14,"","OsEnS-4",""
"Os01g0280400",413.297133123703,2.30664234557993,0.245292525436833,9.40363894689456,5.27079256985857e-21,6.72820337472364e-20,"","Os01g0280400",""
"Os01g0281600",30.6465984949369,1.81549824032882,0.468981381601475,3.87115205752789,0.000108322192039747,0.00032710529581582,"","OsENODL4",""
"Os01g0282800",42.1659393195535,2.83331763283127,0.498300010539771,5.68596743508424,1.30074181762153e-08,6.4315466005206e-08,"","OsTUB1",""
"Os01g0283000",82.6388580848073,1.06336862984485,0.260841965225628,4.07667772678003,4.56837403124448e-05,0.000145789030618424,"","OSJNBa0004B13.7",""
"Os01g0284900",163.733770729305,2.43093544276054,0.323323396682955,7.51858810002628,5.53709287446157e-14,4.44564323235691e-13,"","OSJNBa0004B13.24",""
"Os01g0285300",22.7272142568158,2.46983079145322,0.609572353447051,4.05174345176032,5.0837391209114e-05,0.000161115124326966,"","OsMYB55/61",""
"Os01g0286000",248.811290201095,1.10546229560857,0.188142835272061,5.87565449415087,4.21175953987236e-09,2.18910774322252e-08,"","Os01g0286000",""
"Os01g0286200",20.6274297225255,2.39700768840087,0.639237257341878,3.74979346224011,0.000176980275463549,0.000516829203728193,"","Os01g0286200",""
"Os01g0287600",54.7290431915936,1.64375239462965,0.466628188792083,3.52261700881098,0.000427308370876115,0.00117104518362985,"","Cht10","GCH7"
"Os01g0289100",2.00595220874173,4.15560150057896,1.56022318487467,2.66346606105124,0.0077340213152946,0.0164386931568203,"","Os01g0289100",""
"Os01g0289600",50.0867427873521,1.45611183777766,0.385890253291115,3.77338330097488,0.000161048568466828,0.000473569947887799,"","OsWRKY9",""
"Os01g0290600",126.427022178582,1.90485975491218,0.321088023095062,5.93251575238053,2.98327756685029e-09,1.57941598875747e-08,"","Os01g0290600",""
"Os01g0293200",376.072887655646,1.08900332114988,0.182509427498652,5.96683325390368,2.41902391021568e-09,1.29423786273837e-08,"","Os01g0293200",""
"Os01g0296000",24.0677101341157,1.32750743362627,0.531317500282363,2.49852006177244,0.0124713083319275,0.0253591798555739,"","OsRLCK30",""
"Os01g0299150",4.97330205767536,3.908888260195,1.24730453154034,3.1338684029054,0.00172518206874446,0.0042250505206367,"","Os01g0299150",""
"Os01g0299200",19.1716675731301,3.50627746824934,0.6360341606302,5.51271878978202,3.53332538580007e-08,1.67230569405861e-07,"","Os01g0299200",""
"Os01g0301700",108.888350213394,1.30937198760869,0.296479985947871,4.41639250427823,1.00361775012722e-05,3.51174085509137e-05,"","Os01g0301700",""
"Os01g0302100",36.4302498309607,1.09047473371599,0.363379032352798,3.00092915833754,0.00269157175449194,0.00632663631164471,"","Os01g0302100",""
"Os01g0302250",48.3494174097431,1.62548282536442,0.337081268458175,4.82222827984316,1.419633424137e-06,5.56026831328525e-06,"","Os01g0302250",""
"Os01g0303100",22.1865127845505,6.15640533595824,1.08273173381333,5.68599325548137,1.30054527723988e-08,6.4315466005206e-08,"","Os01g0303100",""
"Os01g0303300",19.6568933463863,5.98568931480686,1.08793489026712,5.50188193094642,3.75758569136364e-08,1.77201562000222e-07,"","Os01g0303300",""
"Os01g0303600",162.939686946296,4.20697254519365,0.34828281025405,12.0791851372881,1.36061410042691e-33,3.27671331355924e-32,"","OsRFPV-1",""
"Os01g0303800",150.327336954299,1.58897335388384,0.367748143057234,4.32081951705883,1.55450784094522e-05,5.30450912754439e-05,"","Os01g0303800",""
"Os01g0306400",42.4660411759358,5.01628240755549,1.26123358215613,3.97728262117786,6.97072973638441e-05,0.000216162416368456,"","OsDOG1L-1",""
"Os01g0306800",2493.58119764962,2.51996485351011,0.175102006611272,14.3914104828305,5.85887315341189e-47,2.27889011180669e-45,"","P0552C05.41-2",""
"Os01g0313600",11.4115943369622,1.65024934616813,0.567539095066522,2.90772804994993,0.00364064786156986,0.00833681442385549,"","Os01g0313600",""
"Os01g0314000",118.849147297466,1.81418663336524,0.241059614187381,7.52588375071005,5.23649153478123e-14,4.20975180912636e-13,"","Os01g0314000",""
"Os01g0315600",4.81158458043638,2.45584379654972,0.975811478948693,2.51671951963054,0.0118453084370046,0.0241914941595502,"","Os01g0315600",""
"Os01g0315700",11.6251468632567,1.43267062945299,0.606184233203786,2.36342443596905,0.0181069188213206,0.0353813192141845,"","Os01g0315700",""
"Os01g0315800",403.244486288736,1.17805951270898,0.176511709813128,6.67411535447812,2.48727922570529e-11,1.59863339494942e-10,"","OsUXS2",""
"Os01g0319000",1.98337275853121,4.14114105729413,1.65134901715475,2.50773217186349,0.0121508727384974,0.0247400915310831,"","Os01g0319000",""
"Os01g0323000",76.9581390250504,3.40463897600882,0.341266339923276,9.97648633256434,1.93187018921686e-23,2.78128690750879e-22,"","Os01g0323000",""
"Os01g0327100",4.59234666183769,2.38125405890226,1.03643796157429,2.29753651177082,0.0215881826914156,0.0413617694513768,"","prx15",""
"Os01g0327400",85.652730546636,1.73441905264165,0.365935237087556,4.73968854829538,2.14046975164982e-06,8.19950819984967e-06,"","prx16",""
"Os01g0342800",113.160603044306,1.09405895841164,0.26884926438763,4.06941399264611,4.71315342145354e-05,0.000150042146117634,"","Os01g0342800",""
"Os01g0347100",457.499448212793,1.40290565099395,0.13808018191673,10.1600796835565,2.98832118569281e-24,4.54243153484115e-23,"","Os01g0347100",""
"Os01g0348900",753.93049808408,4.23025035346692,0.638496596208057,6.6253295296949,3.46474372323313e-11,2.20513627615071e-10,"","OsJRL",""
"Os01g0350100",143.40006877279,8.87182468794553,1.02443500850071,8.66021232613835,4.70886338428273e-18,5.07046971196755e-17,"","Os01g0350100",""
"Os01g0350300",174.777384870332,6.33641437783467,0.44461627209056,14.2514225762391,4.39241435747072e-46,1.66408028341058e-44,"","Os01g0350300",""
"Os01g0351200",86.7291762617384,1.15813551163691,0.300978408680424,3.84790230207712,0.000119133541560371,0.00035731409747504,"","PARP2A",""
"Os01g0357200",10.4246680002401,2.37416157026646,0.689711235759364,3.44225444965028,0.000576887337845306,0.00154758960261944,"","Os01g0357200",""
"Os01g0358400",35.2128131388928,1.1509044488991,0.336260859934933,3.42265361815171,0.00062013045814867,0.00165588666467826,"","Os01g0358400",""
"Os01g0372100",467.555170897281,6.40988741156869,0.294745286528681,21.7472092159987,7.34118494408603e-105,1.37797378302742e-102,"","Os01g0372100",""
"Os01g0374200",31.0440494641789,1.34023457630916,0.405362028221042,3.30626571558977,0.000945483807498818,0.00243871042040373,"","Os01g0374200",""
"Os01g0375200",230.092847718228,1.61207101175901,0.185883077375257,8.67250012492849,4.22734318564379e-18,4.57983743378645e-17,"","DHQDT/SDH",""
"Os01g0379101",1.66591942318548,3.89178877864287,1.72364631138511,2.25788130252515,0.023953060609094,0.0453492001766274,"","Os01g0379101",""
"Os01g0385400",193.105564300134,5.88012841081466,0.366913849852715,16.025910205284,8.42481780138568e-58,4.95823540771812e-56,"","OsSLAC7",""
"Os01g0387133",103.654528353044,1.49629792138045,0.229756617373444,6.51253460503549,7.38931833098032e-11,4.57369823349237e-10,"","Os01g0387133",""
"Os01g0388200",215.592922241452,2.22751867115747,0.195983379740139,11.3658549725544,6.18558466195027e-30,1.25829418037062e-28,"","Os01g0388200",""
"Os01g0391100",336.249922161327,8.29788380989628,0.570386065428773,14.5478375311616,6.02785892133425e-48,2.43244723931431e-46,"","Os01g0391100",""
"Os01g0505500",36.0788123708992,2.70771559224216,0.415543159927972,6.51608750511378,7.21648868631952e-11,4.47384684844196e-10,"","Os01g0505500",""
"Os01g0505700",41.9869899742555,1.14942979286258,0.347782216798811,3.30502750670404,0.000949670791600732,0.00244925504356108,"","Os01g0505700",""
"Os01g0507700",9161.71905619235,1.15082979298043,0.151361429837685,7.6031905500268,2.88917591479175e-14,2.3633249138592e-13,"","Os01g0507700",""
"Os01g0508000",410.512327120487,4.11299450004042,0.348095879208895,11.8156943121185,3.23862248720736e-32,7.32815975940976e-31,"","Os1bglu1",""
"Os01g0509900",14.8187986643633,1.83368302676666,0.598788255512172,3.06232296623491,0.00219626345919495,0.0052596964748186,"","Os_F0780",""
"Os01g0511000",132.658771906781,1.49157902105983,0.385323493975691,3.87097865658285,0.000108399283842783,0.000327298203238196,"","Os01g0511000",""
"Os01g0511100",2845.38866304124,5.62923575544286,0.32642955412939,17.2448716246187,1.22284056056592e-66,9.32256017512058e-65,"","Os01g0511100",""
"Os01g0512400",7.43106595644561,1.97266478516126,0.760923617943912,2.59246097590135,0.00952919915833167,0.0198591107364777,"","Os01g0512400",""
"Os01g0514600",15.0191372056004,1.63993398665858,0.499323039744384,3.28431467432005,0.00102230708553331,0.00262266542330285,"","Os01g0514600",""
"Os01g0518500",17.2604741932066,1.73884334663619,0.547089657716615,3.17835170544731,0.00148114963988692,0.00366986335459956,"","Os01g0518500",""
"Os01g0524100",2.68811642045155,3.76192156324282,1.47014018156277,2.55888629562105,0.0105008081051932,0.0216851577281524,"","Os01g0524100",""
"Os01g0525800",17.9026655120923,1.4352713473976,0.432305255080082,3.32004140715737,0.000900040974847864,0.00233144958011558,"","Os01g0525800",""
"Os01g0528300",27.6193533469823,4.6626565957796,0.65690655865966,7.09789928919753,1.26667430345514e-12,9.09956196483273e-12,"","Os01g0528300",""
"Os01g0530500",70.391745526237,2.22097744788023,0.322514370810919,6.88644491188372,5.72038972961732e-12,3.90344523081047e-11,"","Os_F0571",""
"Os01g0532700",114.490237839783,1.64552530776952,0.223004301315169,7.3788949274298,1.59608726596063e-13,1.23543437015641e-12,"","Os01g0532700",""
"Os01g0532800",124.893669692549,1.37542042238642,0.252029359290061,5.45738173624225,4.83206778528206e-08,2.24960810815358e-07,"","Os01g0532800",""
"Os01g0533100",7.59506198273709,2.71640993021363,0.929870446761816,2.92127784001876,0.00348598794779038,0.0080137616795697,"","OsGSL9",""
"Os01g0534700",67.803064702272,1.33080273886306,0.307663988628189,4.32550700781343,1.52181430340164e-05,5.20154407440783e-05,"","OsABCB3",""
"Os01g0534900",515.55711799068,1.20129364989367,0.290428386515682,4.13628180187821,3.52978675940171e-05,0.000114548168353237,"","OsOSCA1.1",""
"Os01g0535400",229.382359593473,1.259858472766,0.186161838170574,6.76754422467418,1.30986619488541e-11,8.63842286682877e-11,"","Os01g0535400",""
"Os01g0536400",21.8169324721618,1.05274051457872,0.45491996471508,2.31412247479193,0.0206610049213599,0.0397667768924519,"","Os01g0536400",""
"Os01g0541800",133.020290293514,1.02218346254821,0.388226818521065,2.63295427771368,0.00846457414477857,0.0178278437253637,"","OsSWEET2a",""
"Os01g0543100",68.9258422024881,2.83106557943619,0.487747155482882,5.80437127641137,6.46079727851248e-09,3.29516620357562e-08,"","prx17",""
"Os01g0546500",189.843505881365,2.06405994449524,0.211786577294846,9.74594316060784,1.91987692742921e-22,2.63685092189099e-21,"","Os01g0546500",""
"Os01g0547500",138.472497741315,1.02382339223081,0.206701395898648,4.95315180519065,7.30209633372097e-07,2.96937536288535e-06,"","Os01g0547500",""
"Os01g0548600",66.9625979106972,3.84695500421836,0.531294419130956,7.24072165205661,4.46303537389098e-13,3.33576553420503e-12,"","Os01g0548600",""
"Os01g0548750",14.6240180222622,3.66292849707733,0.744284363264182,4.9214099850398,8.59229201138851e-07,3.46052046759059e-06,"","Os01g0548750",""
"Os01g0550300",20778.2271175268,1.40896159512187,0.176078364056993,8.00190075974251,1.22513110826371e-15,1.11150031012266e-14,"","B1156H12.27-2",""
"Os01g0555600",67.2460642621313,1.87959682393031,0.39606979122061,4.74562025580834,2.07868371206498e-06,7.97515427900805e-06,"","Os01g0555600",""
"Os01g0555800",224.63013252205,1.59070727981243,0.278371454905701,5.71433331895072,1.10134938497905e-08,5.48836156710094e-08,"","OsPDF1A",""
"Os01g0557550",7.48303731123732,2.37550399620658,0.857435572222656,2.77047520905713,0.00559745610773793,0.0122830723568703,"","Os01g0557550",""
"Os01g0558100",268.752130861061,2.79988442649074,0.215991965703002,12.9629100664822,1.98568958558321e-38,5.79498596725502e-37,"","OsGSTU6",""
"Os01g0559900",436.333924770072,1.30749059852967,0.260103132635255,5.02681603747993,4.98690324105749e-07,2.06726621388124e-06,"","OsAGP14",""
"Os01g0566100",929.900803226381,3.47702772645081,0.244166535633118,14.2403942351681,5.14360643028799e-46,1.94273073968362e-44,"","OsELF3.2",""
"Os01g0566200",69.8952370300099,1.48654022902053,0.281092077082462,5.28844585179977,1.23359995093982e-07,5.49827414722718e-07,"","Os01g0566200",""
"Os01g0570601",1.573284289083,3.8088483496903,1.71266427085099,2.22393169199341,0.0261530404147511,0.0489811565268569,"","Os01g0570601",""
"Os01g0571000",271.808144142187,1.16829357482562,0.188627312697485,6.19366070649213,5.87826943396379e-10,3.34126822127371e-09,"","B1114B07.36-2",""
"Os01g0571300",115.388386050442,4.31647974816153,0.387270849203347,11.1458937770321,7.49875882149108e-29,1.4414022290154e-27,"","OsHsfA7",""
"Os01g0578500",213.663421779162,1.72177377162961,0.194764670501304,8.84027769101011,9.54809912055274e-19,1.06949933051508e-17,"","SAF",""
"Os01g0580500",52.2657772747614,3.54667505366847,0.400406176386545,8.85769316965923,8.1687183557065e-19,9.19147750678201e-18,"","ACO7",""
"Os01g0583100",4389.83777040565,1.98602869635144,0.213074794035185,9.3208054258332,1.15460456799919e-20,1.45364011083922e-19,"","OsPP2C06/OsABI2",""
"Os01g0584032",23.6369598345535,2.8553672903576,0.809745901987878,3.52625099225306,0.000421487312408342,0.00115573164448224,"","Os01g0584032",""
"Os01g0584100",35.2417775849782,3.01466114507189,0.461679202451419,6.52977463369517,6.58687277618181e-11,4.09543153765261e-10,"","Os01g0584100",""
"Os01g0584250",15.4360451265201,1.26899705737729,0.499569016918263,2.54018366712464,0.0110794268853166,0.0227605472131241,"","Os01g0584250",""
"Os01g0584300",509.500943094873,1.47640338970488,0.156575918746966,9.42931327831336,4.12782557657915e-21,5.30197689532927e-20,"","Os01g0584300",""
"Os01g0585100",1165.85232288561,2.62426704674994,0.233695871983257,11.2294112192874,2.92420603212286e-29,5.79624422863265e-28,"","Os01g0585100",""
"Os01g0588100",2.09805656081904,4.22130074501246,1.49475507666558,2.82407520195824,0.00474172578527152,0.0105901010662674,"","P0700A11.19",""
"Os01g0589400",27.3118699587474,2.09546908937489,0.579336367913178,3.61701630595531,0.000298018536429729,0.000839282254730551,"","Os01g0589400",""
"Os01g0589900",80.4020947163264,1.88235427262128,0.293742138929568,6.40818603514227,1.47261156466684e-10,8.8689588570127e-10,"","Os01g0589900",""
"Os01g0590300",18.9738737019627,3.35217314181689,0.698513856916287,4.79900736202378,1.59453933957189e-06,6.20510463586819e-06,"","Os01g0590300",""
"Os01g0590700",247.092044370696,2.02795719519046,0.196521269446542,10.3192758773732,5.76563429393906e-25,9.11065822072246e-24,"","Os01g0590700",""
"Os01g0592500",9.11437402153743,4.82112972591785,1.39816711327953,3.44817846173583,0.000564381000000648,0.00151666681529458,"","OsAGP15",""
"Os01g0592900",235.674189176473,1.02687624176506,0.177818643433821,5.77485139879178,7.70210293205628e-09,3.90255632612594e-08,"","Os01g0592900",""
"Os01g0593500",218.291549527054,1.24020035407649,0.175771995244856,7.05573349354573,1.71692613700516e-12,1.22101833801885e-11,"","Os01g0593500",""
"Os01g0601200",3.9499228479058,2.42623758923961,1.05980188333551,2.28933126784369,0.0220601122932977,0.0421583804312408,"","OsRLCK41",""
"Os01g0605300",9.30949946890775,2.72757219411676,0.757535850454169,3.60058496569039,0.000317502050337862,0.000888998564947588,"","OsUBC48",""
"Os01g0606000",284.785399467845,3.91319308268478,0.24737067172862,15.8191472551676,2.29581049010766e-56,1.28987066923804e-54,"","OsSWEET6a",""
"Os01g0606050",90.8180337167554,1.97312323550566,0.24063808796678,8.19954668098118,2.41295208773432e-16,2.30565807473171e-15,"","Os01g0606050",""
"Os01g0606900",2304.00254087164,7.18814730082596,0.316148824237998,22.7365934956465,1.94773378372231e-114,4.38718181448069e-112,"","OsDjC10",""
"Os01g0607000",3.48458657482017,3.34115067813817,1.36798602724186,2.44238655337337,0.0145905145532672,0.0291680796422705,"","Os01g0607000",""
"Os01g0607100",14.7517890521045,2.42031828239424,0.584821523047002,4.13855883720565,3.49494249841594e-05,0.000113581047066175,"","OsAGP29",""
"Os01g0609900",61.6928691462049,3.16216928964211,0.538371150733908,5.87358606665948,4.26467456838164e-09,2.21568131224139e-08,"","OsPDR8",""
"Os01g0610800",2.73439851583222,3.81099915319369,1.35999240190556,2.80222091524473,0.00507521068870972,0.011259714831139,"","Os01g0610800",""
"Os01g0612500",25.0151914887955,1.91922599133068,0.460659406900986,4.16625811299931,3.09640105702779e-05,0.000101415828177438,"","OsPOP2",""
"Os01g0615100",273.249886571721,6.63881724304702,0.50840022730826,13.0582499504307,5.70236146323775e-39,1.71882493886425e-37,"","OCPI2",""
"Os01g0616600",131.623829711824,1.78929206587623,0.258006995426925,6.93505252799633,4.06070249045258e-12,2.80960697028605e-11,"","Os01g0616600",""
"Os01g0617600",152.092036746402,1.57460270297846,0.241474104093508,6.52079322911045,6.99365399974967e-11,4.34181320851409e-10,"","Os01g0617600",""
"Os01g0618000",17.193726782541,5.80578388690791,1.081680039985,5.36737637036219,7.98902329124655e-08,3.62933681861415e-07,"","Os01g0618000",""
"Os01g0618300",11.4931270665744,1.34003252466749,0.556648346564265,2.40732328217341,0.0160699374698717,0.0317896080392025,"","Os01g0618300",""
"Os01g0618400",2691.69708557052,1.34296072858307,0.165992569997306,8.0904869935134,5.94266460066883e-16,5.54581547309874e-15,"","OsRH25",""
"Os01g0626300",14.060432682061,1.90205121723712,0.563470568160104,3.37559994206595,0.000736549349436997,0.00193978350669648,"","Os01g0626300",""
"Os01g0628900",12.3634966708089,3.38100788326203,0.718035207366413,4.70869373615088,2.49309335402595e-06,9.45673209318754e-06,"","Os01g0628900",""
"Os01g0629600",41.3329903307558,1.90962444966614,0.365524540382292,5.22433992439719,1.74777449211946e-07,7.65504836330985e-07,"","OsSCP4",""
"Os01g0633400",314.988677881728,4.61793780271908,0.281472444905364,16.4063583711426,1.72231016093193e-60,1.08584424573564e-58,"","OsCBSX10",""
"Os01g0634300",462.111854634816,1.02198105590794,0.223555049325891,4.57149618847627,4.84254099682926e-06,1.77516849058202e-05,"","OsDjC11",""
"Os01g0642900",129.343355272945,1.00368769256413,0.241088808531323,4.16314510274635,3.13893749853697e-05,0.000102725471405694,"","SSB",""
"Os01g0644000",2704.29898505459,4.21342346696305,0.236270640124712,17.8330386913035,3.91549902063403e-71,3.35689685931659e-69,"","Os01g0644000",""
"Os01g0644200",28.8662196642674,5.22474900214761,0.823745613259711,6.34267292965886,2.25812508522681e-10,1.33372026785851e-09,"","LP1",""
"Os01g0645900",1032.16385309201,3.4656061023031,0.263624772964506,13.145980415011,1.79464213851005e-39,5.53057814252034e-38,"","OsSultr5",""
"Os01g0646000",63.0554584800386,4.74393294474369,0.446350270579452,10.6282739306624,2.20149149994895e-26,3.72584391354065e-25,"","Os01g0646000",""
"Os01g0646400",108.666813222825,1.07549887679582,0.232357602293062,4.6286364904013,3.68081227017108e-06,1.36895054965519e-05,"","Os01g0646400",""
"Os01g0649200",246.898638884731,1.93326204897975,0.200373831963913,9.64827607493141,4.9988991959167e-22,6.7350584761951e-21,"","OsGELP18",""
"Os01g0651100",123.923687442829,2.66793014438179,0.216170647117941,12.3417780348605,5.39511300914168e-35,1.37808984564436e-33,"","Os01g0651100",""
"Os01g0651932",17.3972655051205,7.26996736160116,1.12353310679855,6.47063029795051,9.75949534525927e-11,5.97506835111166e-10,"","Os01g0651932",""
"Os01g0652300",28.078807310996,2.68227835150137,0.427909597496127,6.26832949575441,3.64941927266585e-10,2.11760330957475e-09,"","Os01g0652300",""
"Os01g0652375",133.823613924147,2.5923825723964,0.291615384172678,8.88973186291621,6.12565519150459e-19,6.95898022374641e-18,"","Os01g0652375",""
"Os01g0652450",152.297589234262,2.64595321337154,0.265107095070146,9.98069558519902,1.85164120061655e-23,2.67126503427452e-22,"","Os01g0652450",""
"Os01g0652600",3610.697299273,1.35491008765713,0.141878199262789,9.54981170255441,1.29932230262695e-21,1.7087743467191e-20,"","Os01g0652600",""
"Os01g0652800",19.7126294563993,1.49346401523086,0.540128963644309,2.76501375737063,0.00569203951604711,0.0124740547575711,"","OsTBL57",""
"Os01g0654150",3.44840360690782,2.70790503013975,1.19256841798226,2.27064962421304,0.0231681968475509,0.044044994497949,"","Os01g0654150",""
"Os01g0654400",244.477063507491,10.3626093387393,1.03364340732224,10.0253233033089,1.17972868013564e-23,1.71437756643523e-22,"","Os01g0654400",""
"Os01g0654450",5.8585682815547,3.08262534410649,1.03135149518153,2.98891828683869,0.00279966994391723,0.00655956711115246,"","Os01g0654450",""
"Os01g0654500",828.602330763168,1.24418997571712,0.176864799191287,7.03469532324222,1.99696878175708e-12,1.41449100930804e-11,"","Os01g0654500",""
"Os01g0656200",336.160807275589,2.63055889958796,0.287456299800584,9.15116106835318,5.63248766368279e-20,6.80429774954015e-19,"","OsPP2C08",""
"Os01g0656250",31.6555835002212,4.64864370900296,0.62873276528912,7.39367178814882,1.42828712294862e-13,1.10971056899649e-12,"","Os01g0656250",""
"Os01g0658900",1077.54171951388,2.8103244801613,0.189784597448562,14.8079692342946,1.30112162684092e-49,5.60658966056304e-48,"","OsBZ8",""
"Os01g0659800",18.3814731960665,2.17943778366517,0.668797946370112,3.25873874986314,0.00111908669274235,0.00284619287477697,"","Os01g0659800",""
"Os01g0660700",34.054817101489,5.76986784037923,0.839003845150222,6.87704576532203,6.11064842593279e-12,4.15487201013548e-11,"","Os_F0640",""
"Os01g0661000",157.609121435263,1.57196155589598,0.171440116435036,9.16915823777826,4.76726991453744e-20,5.78445870090569e-19,"","Os01g0661000",""
"Os01g0662300",4449.55074934036,1.05620401510651,0.252561670559711,4.18196479602713,2.89000725663952e-05,9.51065344637501e-05,"","rpl12-2",""
"Os01g0665400",252.254250244369,1.01193281413183,0.17751729050103,5.70047464827634,1.1947430032889e-08,5.92872970007791e-08,"","Os01g0665400",""
"Os01g0665900",75.8064748746753,3.26920141065487,0.416264543073663,7.85366292914443,4.04059310100384e-15,3.52637461301768e-14,"","Os01g0665900",""
"Os01g0667200",1575.38771220016,3.27125945304526,0.131657712595775,24.8466982188041,2.80733864775661e-136,1.02290337758038e-133,"","GLYII-1",""
"Os01g0668100",39.9751308693205,1.97442825268228,0.610989744907818,3.23152437358858,0.00123131822167976,0.00310392910856474,"","OsFLA7",""
"Os01g0670800",1109.18113424812,1.55854818778553,0.141865040405264,10.9861329002075,4.45612261142635e-28,8.21498139459156e-27,"","OsARF2",""
"Os01g0672166",26.1180955744226,1.15687396291477,0.396571412743231,2.91718950418601,0.00353201109863427,0.00810527359367058,"","Os01g0672166",""
"Os01g0674000",641.186723478481,1.01632251709309,0.147397632670897,6.89510746324051,5.38240992166284e-12,3.6799108893223e-11,"","Os01g0674000",""
"Os01g0674700",5938.8934391411,1.21547682627518,0.140526656369684,8.64943959868811,5.1752939412347e-18,5.55844720169454e-17,"","Os01g0674700",""
"Os01g0678700",131.205124497746,1.57054496068195,0.252173914438696,6.22802308548749,4.7235747865409e-10,2.70979422287854e-09,"","Orysa",""
"Os01g0679000",404.051305362255,1.17776330570968,0.229140003419709,5.13992881265872,2.74842575502963e-07,1.1769399400686e-06,"","B1144G04.33-1",""
"Os01g0680950",6.69335775240253,2.91464390535458,0.969397060390577,3.0066564305242,0.00264138110849757,0.00622105510696239,"","Os01g0680950",""
"Os01g0681200",288.517725656946,1.56668915774936,0.252040593157765,6.21601916628045,5.09925780284346e-10,2.91788246145618e-09,"","Os01g0681200",""
"Os01g0681900",2286.71750042693,3.05439731049113,0.381160595820669,8.01341309668901,1.11568107889477e-15,1.01666899932974e-14,"","OsGLT1",""
"Os01g0683400",108.038791305211,1.87747449188011,0.235854782250747,7.96029859544713,1.71624602094793e-15,1.53958825709728e-14,"","OsORC4",""
"Os01g0683550",3.10909899306458,4.78781638552901,1.40494749479064,3.40782584636195,0.000654826731837802,0.00174177583840528,"","Os01g0683550",""
"Os01g0687800",20.7354157194378,1.8595197902747,0.466642064856538,3.98489534124271,6.75098737592714e-05,0.000210031660237753,"","Os01g0687800",""
"Os01g0692050",3.95300270491509,4.35277541701278,1.30062837961439,3.34667110547234,0.000817881862178184,0.00213424527637587,"","Os01g0692050",""
"Os01g0692100",144.966743768919,3.43158389347568,0.279579385239143,12.2740948533828,1.24779450111692e-34,3.13238139353332e-33,"","OsGSTU39",""
"Os01g0695100",703.198819546615,1.34511420377431,0.197413647023213,6.81368397806938,9.51305613345282e-12,6.34297609845426e-11,"","OsPEAMT1",""
"Os01g0697100",16.86749330425,1.7196272360554,0.513473618931075,3.34900795806265,0.000811014662130836,0.00211900350981923,"","Os01g0697100",""
"Os01g0699400",624.54598908691,6.22374844016433,0.418666017678616,14.8656642224589,5.50660192369831e-50,2.40629763427642e-48,"","Os01g0699400",""
"Os01g0699900",9.98539209201905,6.47023844444725,1.18186239558178,5.47461233104233,4.38470432620617e-08,2.05251878122823e-07,"","Os01g0699900",""
"Os01g0701900",388.898482127771,2.61751509298268,0.242584101131505,10.7901345585864,3.83228028414579e-27,6.71991568296392e-26,"","OsSNDP5",""
"Os01g0702000",5809.30732488468,5.60464263633663,0.197083679412277,28.4378831014837,6.88126603856779e-178,5.68323762125314e-175,"","OsBBD1",""
"Os01g0702500",43.9852630939629,7.1592214246846,1.03524912000021,6.91545762886826,4.66355419520963e-12,3.20346222053532e-11,"","OsLEA22",""
"Os01g0702700",22.1652159598703,1.51758488141034,0.557862362545577,2.72035717642873,0.0065211435692337,0.0140989855335867,"","OsMYB14",""
"Os01g0705000",59.046410771072,2.08895041069821,0.356772446811083,5.85513379570016,4.76626147809633e-09,2.46387775177953e-08,"","Os01g0705000",""
"Os01g0705100",1.7774185333223,3.98406169606053,1.6484164105203,2.41690247114381,0.0156532106023772,0.031049523584589,"","OsGLP1-3",""
"Os01g0705200",1702.1370588433,9.36087885305987,0.45203183419648,20.7084504782711,2.90656389511206e-95,4.3912154651946e-93,"","OsLEA14",""
"Os01g0705400",29.005209621344,1.42287455454299,0.603545653886781,2.35752597235984,0.0183971683135013,0.0358777362694704,"","Os01g0705400",""
"Os01g0706600",34.3706943267023,2.05505026361715,0.41572638043791,4.94327605924946,7.68205824703775e-07,3.11061214556062e-06,"","Os01g0706600",""
"Os01g0706700",279.938505229363,1.55925687966275,0.255052841710372,6.11346601436175,9.7490140646202e-10,5.41716352274265e-09,"","Os01g0706700",""
"Os01g0708300",356.61019672297,1.40981363511553,0.180714933090952,7.80131232655791,6.12666699435175e-15,5.2800148910975e-14,"","Os01g0708300",""
"Os01g0708700",4.08826891594005,5.18366316821348,1.39043773884917,3.72808003075627,0.000192944111604538,0.000559589869276089,"","P0510F09.30-2","P0456F08.2-2"
"Os01g0708900",542.989978877397,1.32936109986305,0.211275064778606,6.29208705369977,3.13225728421917e-10,1.82521022415565e-09,"","Os01g0708900",""
"Os01g0715400",908.393371830427,3.17729803367606,0.244016400797617,13.0208380391253,9.31430100161678e-39,2.7738033163108e-37,"","OsSTA30",""
"Os01g0715700",16.1236045806696,2.92507410239118,0.617481360315634,4.73710510208112,2.16792746662833e-06,8.29827573623517e-06,"","Os01g0715700",""
"Os01g0715900",48.3342755136822,2.69776806277237,0.370663646526002,7.27821055033818,3.38277096678291e-13,2.55066695812477e-12,"","Os01g0715900",""
"Os01g0716200",17.2244914795709,2.35208926897752,0.541318728364248,4.34510972137439,1.39206064700976e-05,4.77782056392308e-05,"","P0683B11.9-1",""
"Os01g0716300",69.1504380100679,1.02557024455514,0.337314457578081,3.04039812559099,0.00236265605880881,0.00561153462127166,"","Os01g0716300",""
"Os01g0717000",3314.7037259556,1.54440040069252,0.231203610345554,6.67982821887722,2.3922249207788e-11,1.54033671679148e-10,"","P0683B11.20-2",""
"Os01g0718500",26.7786318502856,6.45961520089686,1.14647551833542,5.63432458660403,1.75745739834393e-08,8.58189238446346e-08,"","Os01g0718500",""
"Os01g0719000",50.3591411747077,1.53958089873963,0.294617059000076,5.22570181090306,1.7349577067044e-07,7.6015998406746e-07,"","Os01g0719000",""
"Os01g0719100",7750.36055116608,1.61302392378138,0.191999654671342,8.40118137994829,4.42009055126102e-17,4.47006463626915e-16,"","OsRZFP34",""
"Os01g0719300",46.4858782249533,3.39667227013368,0.582090257354292,5.8353017031623,5.36933199881477e-09,2.76008172063555e-08,"","OsSultr3",""
"Os01g0723400",1726.85047176542,1.22258021728462,0.15386354873349,7.94587299817368,1.92827906211119e-15,1.72417792572822e-14,"","NADP-ME2",""
"Os01g0723600",159.740036176145,1.60035003887938,0.21576416883296,7.41712605728497,1.19689020196465e-13,9.35795157276053e-13,"","Os01g0723600",""
"Os01g0725600",723.483492138154,1.11956998573859,0.23830440158679,4.69806675111221,2.6263560394217e-06,9.93636029756472e-06,"","Os01g0725600",""
"Os01g0726700",6.84916684705409,4.40461642512019,1.20233911273053,3.66337281926831,0.000248915833543798,0.000709629226523378,"","Os01g0726700",""
"Os01g0727500",448.373961197894,5.21514765289735,0.685694550081512,7.60564255947112,2.83491812970995e-14,2.32124145736363e-13,"","OsS40-7",""
"Os01g0727600",32.0095542544927,5.09483160510502,0.662589030429275,7.68927852881024,1.47967027045251e-14,1.23941143647741e-13,"","OsS40-10",""
"Os01g0727700",344.043348778385,5.83903162268963,0.430308013233635,13.5694233970013,6.07984240870177e-42,2.04396547300412e-40,"","OsS40-10",""
"Os01g0728700",337.431701876828,10.1129920984094,1.0155294032053,9.95834494450873,2.31890814380742e-23,3.33462490302476e-22,"","Os01g0728700",""
"Os01g0730100",21.256696309667,1.5714631319217,0.435542432530264,3.60805977684505,0.000308495421720969,0.000865638852092917,"","OsFbox035",""
"Os01g0730900",102.773733037421,1.03372984365944,0.220070178718248,4.69727361371806,2.63657156187348e-06,9.97348604405178e-06,"","Os01g0730900",""
"Os01g0731100",125.886223202203,1.21834834659304,0.21989388378647,5.54061952799072,3.01403429359392e-08,1.43945118913602e-07,"","Os01g0731100",""
"Os01g0731800",133.860883396839,1.78521502798966,0.239130988431826,7.46542737809411,8.30296747297768e-14,6.57050862593318e-13,"","Os01g0731800",""
"Os01g0732300",3.29371898658261,4.86705479186495,1.4736877385901,3.30263641639669,0.000957804873943821,0.00246894833143009,"","OsOFP3",""
"Os01g0733001",130.795203299232,3.6060480414426,0.24790720511047,14.5459590004078,6.19564493818956e-48,2.49608934363451e-46,"","Os01g0733001",""
"Os01g0733200",1823.0179772322,8.45817809534337,0.283468925900087,29.8381138902138,1.25216604636142e-195,1.47737705384271e-192,"","OsHsfC1b",""
"Os01g0733500",1220.15184486462,2.72128420607997,0.296794537184898,9.16891608548934,4.7779898058498e-20,5.79462816542048e-19,"","RD22",""
"Os01g0736500",10.0364926995599,1.89452381982238,0.76272133467379,2.48390038890502,0.0129952153248381,0.0263315709930907,"","Os01g0736500",""
"Os01g0738000",92.6821578111548,1.55006542257489,0.300392535419804,5.16013295872563,2.46774522111985e-07,1.0624382857287e-06,"","Os01g0738000",""
"Os01g0738400",3.06089422746306,4.76193349463903,1.40688743053839,3.38472957485784,0.000712484103807543,0.00188140452307785,"","OsC3H10",""
"Os01g0740700",4.98393938307768,2.82010045197884,1.07021609356422,2.6350757281054,0.00841185136985777,0.0177258412477433,"","Os01g0740700",""
"Os01g0741200",21.8789875191856,1.80643652344386,0.496084444369917,3.64138917062444,0.000271170859299816,0.000768126258245288,"","OsLysM-RLK4",""
"Os01g0741900",756.987955921084,2.46832188558618,0.337272067557503,7.31848890855849,2.5077874451922e-13,1.91068417987476e-12,"","IAA6",""
"Os01g0742000",294.893757006043,2.40154725295762,0.238307039128686,10.0775338476711,6.94472753053595e-24,1.02605553979779e-22,"","Os01g0742000",""
"Os01g0742100",296.136607403243,1.95631689763271,0.180117202978459,10.8613550803733,1.76116185045703e-27,3.13930267401251e-26,"","Os01g0742100",""
"Os01g0743300",592.556602654806,1.08843104989121,0.135832483937332,8.01303943166767,1.11907739817906e-15,1.01901435849623e-14,"","Os01g0743300",""
"Os01g0743500",1643.22083771255,5.94314350851917,0.290035815212392,20.4910676433772,2.58658649786513e-93,3.66216306614882e-91,"","OscytME3",""
"Os01g0744000",80.712822985336,2.07767997085702,0.295218822945051,7.03776253197693,1.95351238950586e-12,1.38489775321278e-11,"","KIN14C",""
"Os01g0744200",40.6700081803189,8.49737492806239,1.06373854882324,7.98821753471531,1.36903722236647e-15,1.23888368365865e-14,"","Os01g0744200",""
"Os01g0747500",62.3711580392506,1.53462482288957,0.36644271601504,4.18789828756368,2.81549637600421e-05,9.28270841094561e-05,"","PYRC",""
"Os01g0747600",43.9279316705063,1.03784055727703,0.369808111195821,2.80642994530608,0.0050093803592785,0.011128612674782,"","Os01g0747600",""
"Os01g0748150",9.57143332807638,6.40961652583039,1.35634435230945,4.72565577828132,2.29373915441738e-06,8.74338077369221e-06,"","OsENODL1",""
"Os01g0749200",4428.90360044188,1.21547309677824,0.197580423985406,6.15178909054279,7.66137192100319e-10,4.3015139833831e-09,"","WLP1",""
"Os01g0750000",74.9760538329278,5.58099797493864,0.505297743141972,11.0449691309438,2.31847332885868e-28,4.35517920160208e-27,"","OsRab11D2",""
"Os01g0750300",137.29516382726,3.09042811900468,0.300309492928361,10.290810619636,7.752097257275e-25,1.2148874999589e-23,"","OsCesA4",""
"Os01g0751600",78.1637871698788,1.70262181377393,0.285534118506908,5.96293648786051,2.47744737426714e-09,1.32406629836533e-08,"","THIS1",""
"Os01g0752200",253.173003658494,1.37324044261521,0.155672644098106,8.82133434921161,1.13103747401981e-18,1.26346778601393e-17,"","NOG1",""
"Os01g0754000",31.3367630875682,1.26963756690653,0.393923888147825,3.22305299350132,0.00126832086643572,0.00319037422412972,"","Os01g0754000",""
"Os01g0754700",49.1119781263437,3.23598477483019,0.382045300664681,8.47015987161793,2.45056463562788e-17,2.51522949365998e-16,"","Os01g0754700",""
"Os01g0755500",57.0682432619932,3.85193245228542,0.404892983153014,9.51345815452113,1.84427432981967e-21,2.41010469778174e-20,"","OsPCF7",""
"Os01g0755550",7.02710567021664,5.21359796562228,1.19954793443198,4.34630231603965,1.38451714828524e-05,4.75390540230923e-05,"","Os01g0755550",""
"Os01g0755700",340.874356668671,1.9814661116831,0.213002550521703,9.30254641003095,1.37121609818931e-20,1.71675701186643e-19,"","Os01g0755700",""
"Os01g0757200",55.8056582270921,1.37447006031053,0.599801392118597,2.29154196434202,0.021932087688772,0.0419395953279852,"","GA2OX3",""
"Os01g0757700",1442.9543228796,1.33260484700412,0.181304003037307,7.35011265432407,1.98039872354071e-13,1.52197081802631e-12,"","Os01g0757700",""
"Os01g0757800",386.209723272896,2.02695796704943,0.153059169698801,13.2429698334193,4.95500208346194e-40,1.55602137670388e-38,"","XPV",""
"Os01g0758200",20.4204615070344,2.44971094677738,0.875336954034901,2.79859194277739,0.00513259547026113,0.0113714309716706,"","OsDof6",""
"Os01g0762000",609.52159424862,1.16063103693698,0.218382277074632,5.31467595486394,1.06847293973344e-07,4.79072638939113e-07,"","OspPLAIValpha",""
"Os01g0763100",69.2184511287879,1.42364736664536,0.240968190308607,5.90803028740891,3.4622237598364e-09,1.8174474173192e-08,"","OsRhmbd4",""
"Os01g0763900",38.3470744358869,4.90156571936625,0.605023991794466,8.10144025004446,5.43123185368341e-16,5.09347583795284e-15,"","Os01g0763900",""
"Os01g0764950",49.1177980008133,1.54271145450256,0.336260878735394,4.58784102481493,4.47853465947048e-06,1.64831629913399e-05,"","P0403C05.21-1",""
"Os01g0765000",53.2910737750979,2.72231160475081,0.329649390630027,8.25820305491213,1.47881828149262e-16,1.43688943374677e-15,"","ST2",""
"Os01g0765400",200.948362324145,2.57470700872989,0.243410985993846,10.5776121739837,3.78480909076976e-26,6.34051486423276e-25,"","OsSRP-LGC",""
"Os01g0765500",1.9607634233215,4.12699628846643,1.61097125650259,2.56180628413328,0.0104129380550621,0.021525226613572,"","Os01g0765500",""
"Os01g0766200",871.138206645508,1.15849675769657,0.15880230195381,7.2952138819344,2.98185005524915e-13,2.25591752118803e-12,"","OsRDCP3",""
"Os01g0768600",857.738783726121,1.17133069937239,0.21417393995873,5.46906266746597,4.52421777871529e-08,2.11423130711484e-07,"","Os01g0768600",""
"Os01g0769000",6249.30145268848,2.64105745726009,0.172284630875522,15.3296172957429,4.84834596366964e-53,2.40254935883685e-51,"","Os01g0769000",""
"Os01g0769700",153.144362676539,1.3784934897049,0.281370557550385,4.89921014375521,9.62226875006111e-07,3.85217244821884e-06,"","DRUS2",""
"Os01g0769900",2437.49203458616,3.25899720360958,0.161185411384757,20.2189340561981,6.6708951739716e-91,8.79174307050502e-89,"","PTAC12",""
"Os01g0771100",352.433312499211,1.43162150377125,0.198723623520518,7.20408313017422,5.84357088854552e-13,4.31682039074217e-12,"","Os01g0771100",""
"Os01g0773000",39.2803742472751,3.48106864212006,0.452009880020599,7.70131095798485,1.3467730620789e-14,1.13115241217386e-13,"","Os01g0773000",""
"Os01g0773100",287.256228714271,1.37273141226312,0.237144210250425,5.78859340826206,7.09782745640774e-09,3.61114724614814e-08,"","Os01g0773100",""
"Os01g0773200",834.081445183362,1.03353675012306,0.133293757264269,7.75382712090528,8.91636945722313e-15,7.59439278245505e-14,"","JMJ713",""
"Os01g0775400",17.7708960807,1.89444339156971,0.505196832575364,3.74991145908878,0.000176897019054332,0.000516677760357088,"","OsCKX5",""
"Os01g0776400",134.603301454941,1.53634193142623,0.212000835663594,7.2468673371841,4.26521354950834e-13,3.19368981916495e-12,"","OsWD40-25",""
"Os01g0777200",278.404439801194,1.04160930617225,0.250011023390013,4.16625351973922,3.09646341430487e-05,0.000101415828177438,"","P0413G02.28",""
"Os01g0777400",20.2482413536069,1.69089163758211,0.515616609455919,3.27935835768819,0.00104043424466636,0.00266530596361647,"","Os01g0777400",""
"Os01g0777800",449.773404759338,1.01202046672104,0.159163589929244,6.35836667903086,2.03910252141671e-10,1.21012798019501e-09,"","Os01g0777800",""
"Os01g0779100",123.934839693873,2.08450015092698,0.886564021188623,2.35121220927991,0.0187123585654036,0.0364207469108408,"","Os01g0779100",""
"Os01g0782800",205.292533610653,2.63062639310058,0.710566307074922,3.70215469957993,0.000213776198187878,0.0006156843964316,"","OsCNGC1",""
"Os01g0783500",1714.39058010932,2.21741373216322,0.251677154638388,8.81054832072154,1.24535192785242e-18,1.38741388113306e-17,"","Os01g0783500",""
"Os01g0783700",11.0326219357039,1.696444962212,0.739775429154076,2.29318911571835,0.0218371195095343,0.041777338436239,"","Os01g0783700",""
"Os01g0783900",126.958099795664,1.57788154977022,0.271837364962439,5.8045057565513,6.45561428641867e-09,3.29320064184878e-08,"","Os01g0783900",""
"Os01g0785400",7.03899355188657,2.09227087130533,0.858637033111839,2.43673495391016,0.0148205378920109,0.0295825720897731,"","OsGH3-1",""
"Os01g0785600",1.97938482196216,4.13797412487422,1.85440595647781,2.23142840456236,0.0256527650847034,0.0481514060987648,"","Os01g0785600",""
"Os01g0787400",299.4211465404,1.13898569572011,0.179364179060877,6.35012911543243,2.15134284939178e-10,1.27460119032473e-09,"","Os01g0787400",""
"Os01g0788900",95.6899844644228,1.01404254458763,0.221040538323903,4.58758629650862,4.48400096605938e-06,1.65008305266676e-05,"","Os01g0788900",""
"Os01g0794400",3172.56211054623,3.1972039162019,0.185539611136562,17.2319209715745,1.52985240717294e-66,1.14864100280376e-64,"","Os01g0794400",""
"Os01g0795900",6.06922009577051,3.10118521012076,1.06292348404558,2.91759967360715,0.00352736892179329,0.00809537048677958,"","Os01g0795900",""
"Os01g0800300",1173.43838184585,1.99808458671332,0.257930232418327,7.74660871654899,9.43792110438809e-15,8.02482399462676e-14,"","Os01g0800300",""
"Os01g0800400",212.261259413286,1.62618928110342,0.169707301170076,9.58231773112519,9.48911725610825e-22,1.25593941375317e-20,"","Os01g0800400",""
"Os01g0800500",2108.83160441941,1.02643133069144,0.211988412356669,4.84192187337332,1.28589324751768e-06,5.06125130957038e-06,"","OsPAP9b",""
"Os01g0800800",8.19562754488637,6.18701015783635,1.15860919756751,5.34003197180373,9.29301912310371e-08,4.19481025347314e-07,"","Os01g0800800",""
"Os01g0802200",63.7935903789018,1.48998741017577,0.317442300253761,4.69372673076238,2.68272347808722e-06,1.014032640985e-05,"","Os01g0802200",""
"Os01g0802600",70.3000061423987,9.28729019632388,1.07398210523289,8.64752787879083,5.26270478764896e-18,5.63988047247311e-17,"","Os01g0802600",""
"Os01g0804200",556.758469412586,2.38220516995771,0.32785335956672,7.26606911427096,3.70099279727666e-13,2.78467957905022e-12,"","Os01g0804200",""
"Os01g0805700",1717.57225584969,1.12788741909426,0.199468828416119,5.6544545232969,1.56341984378966e-08,7.67522359214907e-08,"","Os01g0805700",""
"Os01g0805900",382.622725365577,2.88766143513533,0.290846202145264,9.92848252387727,3.12982220925829e-23,4.47476081239426e-22,"","OsTUB4",""
"Os01g0806300",64.6410900439981,1.25773482860803,0.370345134282142,3.39611543984765,0.000683495264674805,0.0018104513761864,"","Os01g0806300",""
"Os01g0807266",45.7151308282831,1.16007819069003,0.288573751706818,4.02004057482203,5.81881189485831e-05,0.000182589541943901,"","Os01g0807266",""
"Os01g0813300",25.8536026880547,6.3825926359373,1.173124057829,5.44068003152969,5.30775705707361e-08,2.45859593574711e-07,"","AP2/EREBP#079",""
"Os01g0813350",29.8553580920035,8.05265801944123,1.12703254939505,7.14500927569802,8.99898126318913e-13,6.55834593170801e-12,"","Os01g0813350",""
"Os01g0814300",74.556041354658,3.74718943327143,0.322542735869255,11.6176525357879,3.35220723059385e-31,7.29215439441824e-30,"","P0432B10.26",""
"Os01g0814800",328.23993479831,4.30430199762097,0.267450750034399,16.0938116534254,2.81932691957985e-58,1.67516698048993e-56,"","Os01g0814800",""
"Os01g0815900",12.7943075929872,2.44443585441437,0.595298625515811,4.10623466885436,4.0216092471775e-05,0.000129693364984143,"","Os01g0815900",""
"Os01g0816000",21.8436797205872,1.91498394281842,0.588936362932848,3.25159739378628,0.00114758450765702,0.00291090308622215,"","Os01g0816000",""
"Os01g0816100",73.6684186957165,1.77274936802418,0.380436111081073,4.65978206691951,3.16544350109901e-06,1.18833626707167e-05,"","OsNAC4",""
"Os01g0817633",7.18086963846465,5.99653112239947,1.20631563713247,4.97094702067679,6.6626655403972e-07,2.72096364091679e-06,"","Os01g0817633",""
"Os01g0817700",6523.48693318193,1.74366189324371,0.130155291654557,13.3967806539248,6.31432462402911e-41,2.04242847532075e-39,"","BPM",""
"Os01g0818200",43.7956914807371,4.09887827347685,0.486782627275036,8.42034625685388,3.75373222213014e-17,3.80860865142172e-16,"","P0454H12.27",""
"Os01g0818300",368.237555525142,2.78672051665578,0.161607759162751,17.243729701427,1.24724102241291e-66,9.47941435960882e-65,"","Os01g0818300",""
"Os01g0818400",322.80071876204,1.00528227825776,0.205885508253458,4.88272480557588,1.04629846640263e-06,4.16585844481086e-06,"","OsWOX8",""
"Os01g0819000",2042.93349603249,1.11988329120059,0.172627558133707,6.48727991815302,8.73998709969257e-11,5.36813734182159e-10,"","P0454H12.39-1",""
"Os01g0819800",68.0065383059635,1.31079845256535,0.339480807289117,3.86118574134593,0.000112838079356897,0.00033991356744387,"","Os01g0819800",""
"Os01g0822800",2363.23678024878,2.35937989607119,0.161629446454436,14.597463196388,2.91491409498127e-48,1.18983239755109e-46,"","Os01g0822800",""
"Os01g0824600",625.801221791455,1.77624642457307,0.239658257591548,7.41158031616984,1.24803177338557e-13,9.7395499278623e-13,"","OsCIPK11",""
"Os01g0829000",852.650456901248,2.93521522360795,0.166910213487021,17.5855938488521,3.17636244084577e-69,2.62335773989452e-67,"","MRL7",""
"Os01g0830500",180.395249991271,1.45037821720779,0.318030979779643,4.56049350353456,5.10335412891069e-06,1.86580795709046e-05,"","Os2OG-Fe",""
"Os01g0832600",3.65845265630206,5.02375048821631,1.67305812870924,3.00273517220357,0.00267565155082386,0.00629339457706121,"","Os01g0832600",""
"Os01g0833400",465.368992304216,2.25754098231019,0.192332895735164,11.7376747939092,8.17018872828359e-32,1.81554050332451e-30,"","Os01g0833400",""
"Os01g0839400",4.6791375726714,3.15360970794751,1.20421188538052,2.61881629490062,0.0088235450163185,0.0185287714949846,"","Os01g0839400",""
"Os01g0839500",1643.7155031837,1.36470870164776,0.152552132729389,8.94585134426546,3.69093577022464e-19,4.25350305017934e-18,"","H2B.11",""
"Os01g0839900",14.0458707212001,3.28859278087573,1.00939728032492,3.25797666090121,0.00112209634549874,0.00285267608787423,"","Os01g0839900",""
"Os01g0840700",383.363402168424,1.01249551842245,0.138142580448519,7.32935142180708,2.31269216448119e-13,1.76802140571893e-12,"","OsRPL36.2",""
"Os01g0841100",21.6893925001611,2.40879360108042,0.834478511686759,2.88658553497255,0.00389446874283281,0.00885421655727367,"","OsFLA12",""
"Os01g0841400",1.70716509953543,3.92266734691593,1.60156064945454,2.44927805153799,0.0143142899095574,0.0286783505368403,"","Os01g0841400",""
"Os01g0842500",81.7617002220202,8.05197160677726,1.1098240066814,7.25517880159604,4.01131587010871e-13,3.01268182217895e-12,"","OsLAC5",""
"Os01g0843800",73.568529739924,8.62798570415111,1.41982362341999,6.07680106305636,1.22603707612641e-09,6.73708596921361e-09,"","OsLAC6",""
"Os01g0844300",946.137548686355,4.92305633494532,0.19589351526185,25.1312879263241,2.26376520547107e-139,8.62912469168566e-137,"","OsFKBP20-1b",""
"Os01g0844500",218.293315295672,1.67689719823426,0.24089664628953,6.96106493827574,3.37710048085877e-12,2.3457925039035e-11,"","Os01g0844500",""
"Os01g0844800",1153.3066257588,1.46583472580936,0.118156512746569,12.4058732924303,2.42850450611855e-35,6.26781834876035e-34,"","Os01g0844800",""
"Os01g0846300",2330.63692290009,2.19597763372531,0.209974884974392,10.4582871136856,1.34260792340149e-25,2.19431375449331e-24,"","OsPP15",""
"Os01g0846400",121.125942778097,1.56040857689012,0.471316343983169,3.31074573757163,0.000930477132144153,0.00240375684528575,"","Os01g0846400",""
"Os01g0846450",1053.94285932585,1.30276273701794,0.298512849579393,4.36417641268555,1.27602575182868e-05,4.40335516059321e-05,"","HESO1",""
"Os01g0848200",4047.86658659498,4.59433605967837,0.225671764355113,20.3584886784897,3.90442396191276e-92,5.25760394045177e-90,"","P5CS2",""
"Os01g0848250",12.5308353293593,4.71619769737358,0.967795691645325,4.87313359429788,1.09841890255077e-06,4.36286071633544e-06,"","Os01g0848250",""
"Os01g0848550",1.77975435381748,3.98567485400131,1.65545210269674,2.40760505695611,0.0160575414566279,0.0317701592805933,"","Os01g0848550",""
"Os01g0848700",22.3226974568587,2.23666731259404,0.527241211499619,4.24220881033244,2.21330614961818e-05,7.38772551112619e-05,"","OsSTA36",""
"Os01g0848900",2848.23493821449,2.20051205317999,0.340948722323871,6.45408505473061,1.08874653361403e-10,6.63123718371556e-10,"","Os01g0848900",""
"Os01g0849000",741.896235867382,4.9577121283489,0.406818942145206,12.1865321762214,3.66696160607811e-34,9.04042862823854e-33,"","OsLTPd5",""
"Os01g0849600",54.4854807234652,5.0747561207216,0.612615377353144,8.28375569455587,1.19350322479712e-16,1.16698616419883e-15,"","Os01g0849600",""
"Os01g0850100",754.982101029139,2.05233005054265,0.24684197308697,8.31434794041105,9.22581098653017e-17,9.11435082987473e-16,"","ERH1",""
"Os01g0850400",20.4328778020706,2.32912126689889,0.47322932882148,4.92176018062803,8.57692779651164e-07,3.45489416378099e-06,"","R2R3-MYB",""
"Os01g0852200",969.7002800255,1.30637552252649,0.141215475187482,9.25093741172559,2.22532347001207e-20,2.75408789293153e-19,"probable anion transporter 3, chloroplastic [Source:NCBI gene (formerly Entrezgene);Acc:4324813]","PHT4;3",""
"Os01g0852900",124.38513147915,1.15419041032947,0.188950595756303,6.10842429847681,1.00619564791224e-09,5.58104087045477e-09,"","Os01g0852900",""
"Os01g0853000",20.5483914622837,1.89129403416621,0.541280648965757,3.49410982598393,0.000475645304990116,0.00129454198202552,"","Os01g0853000",""
"Os01g0858700",238.215199544336,1.17309795278889,0.17876337218604,6.56229482831661,5.29859188988689e-11,3.32026330945188e-10,"","Os01g0858700",""
"Os01g0859100",37.0450601563143,3.80528683809981,0.550207724579164,6.91609126536774,4.64275357900854e-12,3.19182867444769e-11,"","Os01g0859100",""
"Os01g0860800",898.684621691752,1.13339871108828,0.237449900942075,4.77321197689094,1.81310778153042e-06,7.0116078512532e-06,"","P0489B03.44-1","P0679C12.34-1"
"Os01g0860900",5.61688585006837,2.9651604936607,1.10910456629943,2.67347244232713,0.00750704438012812,0.0159987991232096,"","Os01g0860900",""
"Os01g0861700",22.1258089859698,1.73798364401675,0.494394583600908,3.51537759851292,0.000439129133444881,0.00120148104399094,"","OsHORZ1",""
"Os01g0862600",192.543846999133,1.80930321641241,0.261630847817749,6.91548122671207,4.66277790502077e-12,3.20346222053532e-11,"","OsS40-9",""
"Os01g0863100",12.9078543344852,3.98040631303485,0.7958042083576,5.00174071867465,5.68149684857735e-07,2.34032331533169e-06,"","Os01g0863100",""
"Os01g0863300",668.060511505133,3.87344187824319,0.330845224286285,11.707715855954,1.16372509133127e-31,2.57443005249241e-30,"","Os01g0863300",""
"Os01g0865100",546.019537867478,2.18531598929356,0.27799693342786,7.86093559503468,3.81274801133009e-15,3.33104575023715e-14,"","P0423B08.43-2","P0505D12.9-2"
"Os01g0866500",26.6549508054963,1.96910641417295,0.430607304057346,4.57285883360378,4.8111429745388e-06,1.76444182179023e-05,"","Os01g0866500",""
"Os01g0867200",521.467596356574,1.07691831317587,0.155818997706775,6.91134155029316,4.80091578109866e-12,3.29416478283804e-11,"","Os01g0867200",""
"Os01g0867300",1319.76692655423,4.33919584492624,0.192762475634384,22.510583715248,3.26937902841683e-112,6.98322449888654e-110,"","BZIP12","ABF1"
"Os01g0867400",303.559534557652,5.13701005415401,0.301396405587054,17.0440322410224,3.8709843525335e-65,2.8376147722699e-63,"","Os01g0867400",""
"Os01g0867600",796.16678103874,1.38589064691042,0.173942607035059,7.96751681795298,1.61894433572318e-15,1.45537127189059e-14,"","Os01g0867600",""
"Os01g0869900",5947.91658748526,2.96744809935327,0.155571784591487,19.0744620378652,4.11636266519425e-81,4.34004756406459e-79,"","SAPK4","RK2"
"Os01g0871600",7.594323756872,6.0745980101989,1.2167721231023,4.99238755956296,5.96374335487419e-07,2.44885099608415e-06,"","OsPOT",""
"Os01g0871800",58.7008393493214,9.02717803711791,1.06798296788863,8.45254869088819,2.85011633944482e-17,2.91445862742155e-16,"","P0491F11.6-1","P0039A07.32-1"
"Os01g0871900",173.406630767929,7.55584837499165,0.628334910232584,12.0251926988981,2.61976191638438e-33,6.21146803849338e-32,"","Os01g0871900",""
"Os01g0872000",114.82736156709,6.51969871318927,0.603524768944796,10.8027028030487,3.34217912292833e-27,5.88133324778375e-26,"","Os01g0872000",""
"Os01g0872100",29.7462753970428,8.04563468213144,1.07645386976958,7.47420294364646,7.76731920666854e-14,6.17027470290562e-13,"","Os01g0872100",""
"Os01g0872500",81.6927481215389,2.68082823692631,0.322628166162811,8.3093434426722,9.6233026392364e-17,9.48057930387119e-16,"","P0491F11.13-1",""
"Os01g0872566",133.594124177546,2.63798251118433,0.272375839917702,9.68508261225148,3.48926324139895e-22,4.7268165845895e-21,"","Os01g0872566",""
"Os01g0872600",6.53940302847793,4.36387569835084,1.15809754007917,3.76814175604978,0.000164467302520839,0.000482820658123084,"","Os01g0872600",""
"Os01g0874300",888.077810114884,2.31723623086571,0.368613008498023,6.28636585645117,3.24983570826365e-10,1.89327955193154e-09,"","R2R3-MYB",""
"Os01g0874700",535.676497439439,1.07313233914533,0.17117700482366,6.26913842925823,3.63051270581175e-10,2.10712610241035e-09,"","P0698A10.10-2",""
"Os01g0874800",1956.75086244997,1.42960054437928,0.214746235709919,6.6571622997406,2.79164867403576e-11,1.78684265555629e-10,"","P0698A10.12-1",""
"Os01g0875000",19.3497175321622,2.51231586320568,0.583872818001015,4.30284778765179,1.68616694729912e-05,5.72852851408617e-05,"","P0648C09.16",""
"Os01g0875500",56.3503842412578,1.99724343825737,0.432147069173978,4.6216753062215,3.80653468717532e-06,1.41273981342335e-05,"","OsBgal4",""
"Os01g0876300",18.0731653071039,2.5746403829058,0.841255073318689,3.06047531190396,0.00220985978613386,0.0052886792157866,"","OsFbox051",""
"Os01g0876400",691.496061316982,1.64692983220212,0.271498825592623,6.06606613714527,1.31081169765949e-09,7.18539412232504e-09,"","P0698A10.35-1",""
"Os01g0877450",12.7107676301905,3.09102907221912,0.721764149109249,4.28260267018506,1.84719851460678e-05,6.2447861367734e-05,"","Os01g0877450",""
"Os01g0880900",40.0007526136117,3.17342641084416,0.395596341879764,8.02188007038921,1.04138792223544e-15,9.52120610672598e-15,"","Os01g0880900",""
"Os01g0881800",1383.64790732191,1.28169354094329,0.3098228585563,4.13685919404291,3.52092014518206e-05,0.000114305343864224,"","Os01g0881800",""
"Os01g0881900",3435.89575050377,1.29546579126862,0.173717222865582,7.45732501302428,8.82967116105787e-14,6.96728542539907e-13,"","Os01g0881900",""
"Os01g0884300",7324.49915114306,1.20201560415461,0.258812074095325,4.64435675327839,3.41137642831212e-06,1.2740981875835e-05,"","OsNAC6",""
"Os01g0884400",61.1414992084625,1.50000605398019,0.433285037661928,3.46193827064617,0.000536300145885965,0.00144653915900463,"","OsPUB16",""
"Os01g0886350",181.365673854893,1.53850324875773,0.260051034966606,5.91615891455804,3.29546825119406e-09,1.73579542644208e-08,"","Os01g0886350",""
"Os01g0887400",427.704670670044,1.07241074771155,0.140335946767152,7.64173950022167,2.14306434907838e-14,1.77706510632915e-13,"","Os01g0887400",""
"Os01g0889400",20.2363763877539,1.48975437095277,0.454476299399644,3.27795832900575,0.00104560830207994,0.0026770213917919,"","CRL1L3",""
"Os01g0896200",51.4668856593325,1.36901422705774,0.384358523502754,3.56181570941,0.000368298881100635,0.00102027519868408,"","Os01g0896200",""
"Os01g0897700",31.384563621331,1.33999669917496,0.571732119184191,2.34374920388767,0.0190910038191864,0.03709652589036,"","OsFH1",""
"Os01g0901200",270.28998853848,1.44785184944507,0.235083366454457,6.15888682930514,7.32580528428582e-10,4.11684004374574e-09,"","RecA",""
"Os01g0901300",20.97053378427,1.20678633845338,0.471984041364257,2.5568371654372,0.0105628650223356,0.0217915159582357,"","Os01g0901300",""
"Os01g0901900",3068.10769173595,3.52297065795863,0.138118525666825,25.5068655051885,1.65417792580476e-143,7.06647697718355e-141,"","Os01g0901900",""
"Os01g0904500",129.680709450887,1.18284555115945,0.217082757581288,5.44882313242466,5.07042038446864e-08,2.35349954788272e-07,"","Os01g0904500",""
"Os01g0909100",190.729566774491,1.12749087298138,0.222689659770935,5.06305894104445,4.12582224919576e-07,1.72970385563999e-06,"","OsHDT2",""
"Os01g0909500",1466.35277261661,1.18828063885693,0.13264487425349,8.95836077756064,3.29540723633545e-19,3.80654103005517e-18,"","Os01g0909500",""
"Os01g0910800",5697.60667465885,9.93325550398684,0.552824488696958,17.9681900984527,3.45814018605853e-72,3.00639787333236e-70,"","Os01g0910800",""
"Os01g0911900",216.685512196424,1.12872441200082,0.199010767692483,5.67167508114415,1.414079829379e-08,6.9710815623803e-08,"","Os01g0911900",""
"Os01g0912900",43.4604460224104,1.47343842278176,0.337224465135765,4.36931057830743,1.24639398702617e-05,4.31070684206413e-05,"","Os01g0912900",""
"Os01g0913400",75.4618078149041,1.13132391931151,0.237278751369151,4.76791079177349,1.86146169333206e-06,7.18514353882043e-06,"","P0470A12.44-1",""
"Os01g0913600",5.99431656685658,3.15798611973209,1.28931668453067,2.44934868029078,0.0143114830170808,0.0286750456666838,"","Os01g0913600",""
"Os01g0913800",277.335728132974,1.28378504796209,0.171168730791585,7.50011431425069,6.37622018043045e-14,5.09788988094628e-13,"","Os01g0913800",""
"Os01g0914000",17.7333319063054,4.8328003247089,0.826478661710685,5.84745928552558,4.99137952518083e-09,2.5732711297421e-08,"","Os01g0914000",""
"Os01g0914200",22.1065385484552,3.03712853530107,0.499291862227624,6.08287209359015,1.1804852063801e-09,6.50264160926629e-09,"","Os01g0914200",""
"Os01g0914600",26.3869096866935,3.29833172376859,0.490923355567139,6.71862865427983,1.83442737259897e-11,1.19546572885021e-10,"","Os01g0914600",""
"Os01g0915000",653.625447000719,5.89027236524674,0.572362046078871,10.2911651909831,7.72360094183753e-25,1.21118772491081e-23,"","Os01g0915000",""
"Os01g0915200",2.17730260429557,4.27607087366592,1.60990176021024,2.65610671368389,0.00790485954386495,0.0167558135784363,"","Os01g0915200",""
"Os01g0916350",27.9428391535196,1.12446115443127,0.413200833806112,2.72134289777088,0.00650172809974579,0.0140582351974345,"","Os01g0916350",""
"Os01g0916600",3148.54814920237,4.52578302846772,0.210522539590408,21.4978549910763,1.63051869200292e-102,2.94885851326688e-100,"","OsGRP1",""
"Os01g0916700",159.845551314951,1.55836044287199,0.238123253929299,6.54434381001147,5.9757180348357e-11,3.72948024556988e-10,"","Os01g0916700",""
"Os01g0920100",5243.03126022141,2.3890887080666,0.117263036042524,20.3737579095277,2.85876311223541e-92,3.89184470504707e-90,"","Os01g0920100",""
"Os01g0920300",2716.00358134031,1.19268007159066,0.137569157508725,8.66967635180158,4.3335038161498e-18,4.68869974029448e-17,"","Os01g0920300",""
"Os01g0921600",2161.71313281322,1.27951631237538,0.139958223881595,9.14213025065144,6.12340261248809e-20,7.3829463031444e-19,"","TOM20",""
"Os01g0922600",300.391054899683,1.87327004450709,0.185106695071825,10.1199475458207,4.50657072043183e-24,6.76313160146211e-23,"","OsSPL2",""
"Os01g0922700",182.273680380541,1.7121460777467,0.354099144537564,4.83521664527791,1.33000703989363e-06,5.22575078138988e-06,"","Os01g0922700",""
"Os01g0923000",138.376013397304,2.19051260161303,0.345445679207377,6.34112027870534,2.28100366313829e-10,1.34659108319222e-09,"","Os01g0923000",""
"Os01g0924933",7.28530488650924,2.28765536993872,0.983426293818467,2.3262092790464,0.0200073888980786,0.0386517565252104,"","DPW2",""
"Os01g0926300",19.9064505219074,2.7343777525442,0.516666894411874,5.29234170433305,1.20759984178026e-07,5.38723465606581e-07,"","Os01g0926300",""
"Os01g0926400",5.59805998640394,2.34037892363145,0.972507223721758,2.40654142873601,0.0161043773221517,0.0318475661992938,"","Os01g0926400",""
"Os01g0927300",61.0437688663242,1.03015269967141,0.278452589850257,3.6995622853621,0.000215971633316099,0.000621357310575126,"","Os01g0927300",""
"Os01g0928300",404.027524597594,1.31115692444318,0.153384387614002,8.54817719612219,1.2504763710925e-17,1.3073018163105e-16,"","Os01g0928300",""
"Os01g0930300",28.1305887609291,3.37119721712619,0.480572770548106,7.01495678434141,2.30020041143978e-12,1.62185730205588e-11,"","Os01g0930300",""
"Os01g0930500",71.8174356275448,6.58547372861517,0.778769525466778,8.4562550449929,2.76101371694056e-17,2.82567686347114e-16,"","Os01g0930500",""
"Os01g0934900",183.645353086285,2.28562439167876,0.242546373993105,9.42345314856667,4.36491628653926e-21,5.59780180287698e-20,"","PIR7A",""
"Os01g0934901",7.6818044357856,3.17951084861607,0.852727911998428,3.72863466045653,0.000192520023796698,0.000558425266870848,"","Os01g0934901",""
"Os01g0935300",87.7566249091149,1.65610662774762,0.221441078247594,7.47876880321149,7.50221210071432e-14,5.96541428817069e-13,"","P0423A12.51-2","P0492G09.21-2"
"Os01g0938200",129.72932421878,1.11111852331611,0.191384068542004,5.80570019114337,6.4097567714642e-09,3.27048071512703e-08,"","Os01g0938200",""
"Os01g0945001",141.299134521059,1.22701962531761,0.213890182394107,5.73668043845391,9.65501805268092e-09,4.84749091190527e-08,"","Os01g0945001",""
"Os01g0948200",1191.14631857759,1.6019558557699,0.323118674602983,4.95779409140692,7.1298068091231e-07,2.9026490849432e-06,"","P0466H10.34",""
"Os01g0948600",4870.76966380481,2.37004230168518,0.177706132081534,13.336862796596,1.41281022221636e-40,4.52263551367633e-39,"","Os01g0948600",""
"Os01g0950900",440.553413350178,2.4968781958652,0.180131848261538,13.8613921966754,1.08548278411868e-43,3.79337192413378e-42,"","OsEnS-22",""
"Os01g0951200",750.004246826586,1.83527460818306,0.159243407587499,11.5249644301578,9.87529774006832e-31,2.09486517213761e-29,"","UMPS1",""
"Os01g0953000",13.628883834457,2.23670506261992,0.698964923044858,3.20002476358369,0.00137415780337458,0.003432554480715,"","Os01g0953000",""
"Os01g0955700",674.190995599887,1.269021745082,0.259950208209629,4.88178776167256,1.0512837071104e-06,4.18369039689597e-06,"","OsCLT1",""
"Os01g0956075",47.5775083591865,1.1608522829892,0.315805357163923,3.67584734285126,0.000237061255442307,0.000678017629700339,"","Os01g0956075",""
"Os01g0958700",2112.13138457511,1.02687064757846,0.188688152117282,5.44215752847162,5.26390935889339e-08,2.44056665765908e-07,"","Os01g0958700",""
"Os01g0959100",10.3434013623866,1.86267385153611,0.624136016764921,2.98440372210995,0.00284131603243537,0.00664771362942881,"","Asr3",""
"Os01g0959200",6.47503430123701,3.27529167791232,1.07710529474588,3.04082775740606,0.00235928753779863,0.00560514597027871,"","Asr4",""
"Os01g0960200",16.4743449940072,2.40685594885999,0.514849874527672,4.67486944824075,2.94140673381669e-06,1.10708240382464e-05,"","Os01g0960200",""
"Os01g0962100",138.187929191692,5.60565301353232,0.497594531514526,11.2655036550953,1.94238142353982e-29,3.87491018768487e-28,"","Os01g0962100",""
"Os01g0962500",168.691996129721,1.35496727899877,0.167643149485843,8.08244943592636,6.34786615748616e-16,5.90172907257165e-15,"","Os01g0962500",""
"Os01g0966200",838.225514301703,1.25491218035643,0.274439757418903,4.57263259579747,4.81634240435847e-06,1.76608725400014e-05,"","Os01g0966200",""
"Os01g0966300",473.39841590844,1.1577237904059,0.21930999231509,5.27893771818,1.29934956841963e-07,5.77677808303124e-07,"","Os01g0966300",""
"Os01g0967800",73.5963592059303,1.54996890145777,0.320991310931065,4.82869426266381,1.37431222892013e-06,5.3921352487655e-06,"","Os01g0967800",""
"Os01g0969000",349.211156819133,2.40354057551955,0.207096416887323,11.605901307444,3.84613663156602e-31,8.34463461648961e-30,"","Os01g0969000",""
"Os01g0970900",263.64184184485,1.6345658174467,0.226620971673351,7.21277384602667,5.48234268342488e-13,4.06086710514853e-12,"","Os01g0970900",""
"Os01g0971600",52.0634050472715,1.82016325198911,0.35580031648902,5.11568755742037,3.12600145849917e-07,1.32829597217002e-06,"","OsSTA45",""
"Os01g0971800",478.665960384522,5.36916419558876,0.356912824849934,15.0433490246428,3.81738792805615e-51,1.73866582157072e-49,"","OsPCL1",""
"Os01g0971900",325.19695957696,1.97073989656225,0.186688765740322,10.556285423749,4.75091744720256e-26,7.92683377705978e-25,"","Os01g0971900",""
"Os01g0972900",6.3520242113803,4.30190696969722,1.19399099291387,3.60296433995592,0.000314608703332818,0.000881494949957845,"","OsWD40-33",""
"Os01g0973200",12.3225770692175,1.935169764043,0.589727071509003,3.28146672848383,0.00103268707151378,0.00264710196264193,"","Os01g0973200",""
"Os01g0974100",18.4454890146914,1.24778458381454,0.417829133467892,2.9863513189188,0.00282328089538059,0.00660988668098317,"","Os01g0974100",""
"Os01g0977400",61.6439447155464,4.11635689445466,0.398144691227228,10.3388466182145,4.70161950726752e-25,7.47222748759251e-24,"","Os01g0977400",""
"Os02g0101000",403.685241347014,1.05948189195867,0.195717430477447,5.41332414478412,6.18653503801964e-08,2.84332737223173e-07,"","OsATL11",""
"Os02g0101900",7.49540344004609,2.7736741101876,0.889157328034278,3.11944132127838,0.0018119434693918,0.00441831742359223,"","Os02g0101900",""
"Os02g0106300",51.7072249676771,4.43151513947942,0.456818978996559,9.70081223248127,2.99107924518547e-22,4.06304662598467e-21,"","Os02g0106300",""
"Os02g0106600",27.6358567525392,3.63063058609635,0.677476921882665,5.35904688237506,8.36621447021274e-08,3.79304109658666e-07,"","Os02g0106600",""
"Os02g0113400",26.8844266589371,1.18448097941442,0.482588030222727,2.45443505689057,0.0141106149777242,0.028306915011179,"","Os02g0113400",""
"Os02g0115600",388.628780486221,1.69579155135085,0.173333079564584,9.78342711968603,1.32641510051402e-22,1.83498531241965e-21,"","Os02g0115600",""
"Os02g0116800",19.4286122979384,1.74642755344316,0.579647914407935,3.01291095858941,0.00258754826204782,0.00610296842348965,"","OsREM6.1",""
"Os02g0119600",56.5254523038691,1.85942936399878,0.496500831597892,3.74506797504159,0.000180344939888458,0.000525880496129966,"","Os02g0119600",""
"Os02g0119700",146.561570191009,1.62618342039457,0.273145928679779,5.95353343999873,2.62414206851024e-09,1.39824447379523e-08,"","Os02g0119700",""
"Os02g0120300",31.7803198263511,4.13822312649105,0.601148236019623,6.8838647084643,5.82501995760022e-12,3.97046821153949e-11,"","Os02g0120300",""
"Os02g0121900",90.9066849649285,1.2080616849415,0.232264699112462,5.20122812273146,1.97975920562649e-07,8.62992502424484e-07,"","Os02g0121900",""
"Os02g0122100",56.6691396956404,1.22009889029273,0.398995124068559,3.05792932467787,0.00222872133229205,0.00532918630092649,"","OsNTP4",""
"Os02g0122400",317.1213339776,1.92228377734695,0.141179432905388,13.6158910528786,3.22191953783812e-42,1.08759537314735e-40,"","Os02g0122400",""
"Os02g0122600",773.015062722896,1.86568929595689,0.211109076266884,8.83756079534111,9.78310073217527e-19,1.09532709824269e-17,"","Os02g0122600",""
"Os02g0125200",15.4966806833674,2.26165064439147,0.540629620559904,4.18336428190744,2.87226588884036e-05,9.45478038100139e-05,"","Os02g0125200",""
"Os02g0126500",137.071106028957,1.19105701072301,0.272323451546822,4.37368505708081,1.22166590944599e-05,4.23227296397419e-05,"","Os02g0126500",""
"Os02g0126600",66.0151753302504,1.03511733634164,0.252087856957018,4.10617690529269,4.02261453511822e-05,0.000129708902051828,"","Os02g0126600",""
"Os02g0128800",121.929802724332,1.13116495858539,0.223461105617267,5.06202166798011,4.14833863835405e-07,1.73855525105714e-06,"","OsRFPHC-9",""
"Os02g0130000",361.107118697994,1.40749804841567,0.234160452499096,6.0108273339671,1.8457891481894e-09,9.98321714138589e-09,"","Os02g0130000",""
"Os02g0131000",82.7905451965496,1.51153956304714,0.310688218954448,4.86513318121264,1.14379760875401e-06,4.53075513222991e-06,"","Os02g0131000",""
"Os02g0131800",18.9675786322868,1.35698749859096,0.434226339020578,3.12506952399922,0.00177763040493439,0.00434105544481169,"","NRAT1",""
"Os02g0132100",65.0063441444085,2.30226405176053,0.289216769858547,7.96034079519853,1.71566076190885e-15,1.53958825709728e-14,"","Os02g0132100",""
"Os02g0133900",38.1769787241581,1.29950444036412,0.398014504363515,3.26496754795965,0.00109476618536757,0.00278863182634443,"","Os02g0133900",""
"Os02g0134300",3477.01185245625,2.22748794917742,0.167195981976477,13.3226165057651,1.7100749314492e-40,5.4601194041903e-39,"","OsTEF1",""
"Os02g0136000",17.3159797917938,3.07277672817514,0.616443468413829,4.98468535335723,6.206272565112e-07,2.54338100141879e-06,"","Os02g0136000",""
"Os02g0136150",221.422631900987,1.06213748632713,0.2267703965481,4.68375723857696,2.8166357708855e-06,1.06254239487257e-05,"","Os02g0136150",""
"Os02g0137600",141.899378862303,1.29199000253053,0.19622624333688,6.58418558374196,4.57385529045665e-11,2.87849663529704e-10,"","Os02g0137600",""
"Os02g0138600",203.299091989882,1.14886796563686,0.300404096922221,3.82440844651435,0.000131086445292242,0.000390845830927301,"","Os02g0138600",""
"Os02g0138900",75.0652530539016,4.01010632665101,0.48471395820685,8.2731397739937,1.30476587218438e-16,1.27176176298633e-15,"","Os02g0138900",""
"Os02g0139000",1034.02063614922,2.68791866494014,0.236126359332275,11.383390962962,5.05934755733465e-30,1.03599549114116e-28,"","PHR3",""
"Os02g0139200",431.722502405474,1.01477199909421,0.155608934856265,6.52129647973971,6.97022522053395e-11,4.32835263882631e-10,"","OsPRMT5",""
"Os02g0139300",327.136959836059,2.27332343428739,0.155886586036508,14.5831882786566,3.59335191575192e-48,1.46194549124114e-46,"","Os02g0139300",""
"Os02g0139900",41.1840912633034,1.52181109366088,0.343972574779014,4.42422217712727,9.6790371683717e-06,3.39540569051034e-05,"","Os02g0139900",""
"Os02g0140800",473.048208200868,4.61917044140553,0.225849924177943,20.4523887188298,5.72042986508312e-93,8.00763224673245e-91,"","Os02g0140800",""
"Os02g0148050",30.0444511077916,1.00136099326986,0.346257602670068,2.89195380996156,0.00382854229096044,0.00872193750856259,"","Os02g0148050",""
"Os02g0149600",18.5039115523667,1.43888615059195,0.606189342267776,2.37365794853638,0.0176128581961057,0.0345139028412615,"","Os02g0149600",""
"Os02g0151100",120.858471105118,1.19544585330975,0.229938941134697,5.19897085465601,2.00394940935573e-07,8.72769458878661e-07,"","Os02g0151100",""
"Os02g0151800",373.558839862345,1.05630213191396,0.178489629250524,5.91800283495104,3.25874352682049e-09,1.71718180272291e-08,"","Os02g0151800",""
"Os02g0152400",31.1805088739133,3.1655451835599,0.473319601253427,6.68796554205028,2.26294400376372e-11,1.46111779064628e-10,"","RbcS1",""
"Os02g0158800",19.6449449340928,1.97492061818492,0.487162626847004,4.05392472523381,5.03654289337394e-05,0.000159762416168386,"","Os02g0158800",""
"Os02g0158900",23.2568210176955,7.69245683584692,1.17196113578648,6.56374738116608,5.24720680501891e-11,3.28889559848099e-10,"","OsCBSX9",""
"Os02g0159700",221.407419840092,1.38872490922564,0.185356802987828,7.49217124400249,6.77434542297547e-14,5.40399087395568e-13,"","B1103G11.32-1",""
"Os02g0160250",408.616222551173,1.9105182989311,0.248417485434147,7.69075613011774,1.46267998037356e-14,1.2264237520716e-13,"","Os02g0160250",""
"Os02g0161100",26.6467701630766,1.17472665194401,0.435140031444421,2.69965199029053,0.00694120418763242,0.0149031383151619,"","OsFH10",""
"Os02g0161900",35983.588049387,1.62697374977159,0.161183282956096,10.093936045556,5.87648476028197e-24,8.73959561257541e-23,"","rubq2",""
"Os02g0162600",2031.07228711179,4.00220643679746,0.248718095430157,16.0913359756782,2.93436441548927e-58,1.73934801728655e-56,"","Os02g0162600",""
"Os02g0166600",455.320209291574,1.59201187962934,0.252196626180082,6.31258198709033,2.74417995200552e-10,1.6066291746418e-09,"","Os02g0166600",""
"Os02g0167200",77.941685091111,4.55080657912317,0.397133800683661,11.4591268013174,2.11637716962169e-30,4.39911720903662e-29,"","Os02g0167200",""
"Os02g0168200",17.2698189536803,3.17325915556391,0.841657493795475,3.77024998762147,0.000163084106068708,0.000479043852526897,"","Os02g0168200",""
"Os02g0173100",1501.05803349612,1.20792743716417,0.21075840721338,5.73133690435048,9.96421298913641e-09,4.99359436148529e-08,"","CYP97B4",""
"Os02g0173900",2379.18197166177,1.08442365343902,0.108562654901782,9.98891980322434,1.70428765168537e-23,2.46366016019885e-22,"","OsALDH5F1",""
"Os02g0174300",311.107217680832,1.26712377712967,0.194475045858597,6.51561114967415,7.23942927681182e-11,4.48652674316074e-10,"","Os02g0174300",""
"Os02g0175400",81.9815812766823,1.27102456102176,0.331655924876245,3.83235897714185,0.000126920356551077,0.000379337234531487,"","VHA-A2",""
"Os02g0177600",317.097362734725,2.40252967685733,0.170709373956363,14.0738005252802,5.50306817631787e-45,2.01999289192041e-43,"","4CL3",""
"Os02g0178500",66.3883288150325,1.46003862879872,0.314598452491545,4.64095934749696,3.46795352997039e-06,1.29327941920645e-05,"","Os02g0178500",""
"Os02g0178800",122.80835602322,3.32317195465768,0.728230822513895,4.56334976757218,5.03438383247115e-06,1.84113547183967e-05,"","OsGL1-2",""
"Os02g0179200",2.89872759752827,3.87886801589556,1.41750587286997,2.73640348878566,0.006211481221393,0.013503717664513,"","Os02g0179200",""
"Os02g0179500",31.9609528601487,1.50666019449618,0.360599197520782,4.1782128325711,2.9380865608276e-05,9.6573322788041e-05,"","ADIPOR2",""
"Os02g0180200",2380.73262257535,1.30047287751344,0.149434095153293,8.70265166847887,3.24217901309821e-18,3.54195191391245e-17,"","Os02g0180200",""
"Os02g0181700",7.79359542866296,2.0219910851541,0.766442417888493,2.63815133134799,0.00833593731235839,0.0175838173666187,"","Os02g0181700",""
"Os02g0182850",506.175245305531,2.40183804535999,0.225046947958359,10.6726088362878,1.36732515877315e-26,2.3348184327307e-25,"","OJ1572_F02.1",""
"Os02g0186200",4.24342503515898,5.2353696898728,1.36548192391376,3.83408201762724,0.000126034086534963,0.000376870210243395,"","OsEnS-28",""
"Os02g0187100",339.695653111724,1.36967008093515,0.240023810450569,5.70639253815707,1.15395704065442e-08,5.73782733218834e-08,"","OsCYL1",""
"Os02g0187700",108.727399125284,3.47911624637605,0.356892165953964,9.74836821390144,1.87457111955577e-22,2.57605372319653e-21,"","Os02g0187700",""
"Os02g0189400",15.014884450383,1.51673948877103,0.637907331265119,2.3776799770634,0.017421938685257,0.0341857428371437,"","Os02g0189400",""
"Os02g0191200",5.35886367488759,4.81926983600126,1.28046666916224,3.76368237617174,0.00016742951876565,0.000490818881502191,"","Os02g0191200",""
"Os02g0191300",680.109887748152,4.19542364787974,0.64013703386217,6.55394614894766,5.60361814763551e-11,3.50431213639488e-10,"","OsATL6",""
"Os02g0191600",30.2674136559967,2.44516257349794,0.635684707731188,3.84650211615901,0.000119816096444564,0.000359230810939854,"","OsbZIP16",""
"Os02g0196600",659.668187542094,1.66309299851626,0.234879244071241,7.08062990023855,1.43500677716429e-12,1.02701221599652e-11,"","HMA4",""
"Os02g0196800",3275.85711361224,1.25955329672396,0.263109575691425,4.78718151330671,1.6913984841482e-06,6.56141854418974e-06,"","FAH",""
"Os02g0198200",178.121148707823,1.91479275117047,0.294360061812664,6.50493392133162,7.77275389438975e-11,4.79904119714166e-10,"","Os02g0198200",""
"Os02g0199200",210.314625485736,1.51950440241125,0.30446504722539,4.99073511478115,6.01499361046584e-07,2.46907714855057e-06,"","P0026H03.27",""
"Os02g0200000",246.547641824222,1.05075854866898,0.181628941984194,5.78519335734733,7.24289696941882e-09,3.68192979506135e-08,"","Os02g0200000",""
"Os02g0201300",140.386962325017,1.57707486879483,0.40107180299074,3.93215094413218,8.41891730707276e-05,0.000258546745311529,"","Os02g0201300",""
"Os02g0201500",84.4696405272409,1.09035981337478,0.208832381039758,5.22122004234197,1.7774818506341e-07,7.77966221748119e-07,"","Os02g0201500",""
"Os02g0202500",775.793227730254,1.58736282795343,0.206446467884291,7.68898031640395,1.4831227588726e-14,1.24188349430843e-13,"","Os02g0202500",""
"Os02g0203300",26.6330662770862,7.88550184135229,1.08141492032811,7.29183747433386,3.0575587903406e-13,2.31178315984953e-12,"","Os02g0203300",""
"Os02g0208100",914.925623912209,1.64251990777059,0.211142383656434,7.77920510002035,7.29816590442288e-15,6.24832953054201e-14,"","OsNTT2",""
"Os02g0208675",8.29678403283811,4.04764344437346,1.26088923625791,3.21014989102939,0.001326657725675,0.00332664694555708,"","Os02g0208675",""
"Os02g0208900",1525.80985076106,1.11964409127911,0.155053372158722,7.22102380419675,5.15976192320138e-13,3.83223684565829e-12,"","OJ1006_A02.21-1","OJ1003_F05.38-1"
"Os02g0209050",50.1045288693867,1.08394284698483,0.333004928112411,3.25503545286553,0.00113378211631994,0.00287883987457051,"","Os02g0209050",""
"Os02g0209400",12.9278732929926,3.97604088166758,0.849135284451736,4.6824586782244,2.83454340002006e-06,1.06913505590344e-05,"","Os02g0209400",""
"Os02g0211150",11.3308447124317,3.79455893113017,0.833193296971747,4.55423602772795,5.25762987088358e-06,1.91937962738887e-05,"","Os02g0211150",""
"Os02g0211800",8.4348821070651,2.53027912387692,0.724147647017998,3.49414809852172,0.000475577119762699,0.00129454198202552,"","OsRLCK65",""
"Os02g0212500",67.4427468367399,1.512711569424,0.312029487343013,4.84797633167625,1.24727277402447e-06,4.91548871035537e-06,"","Os02g0212500",""
"Os02g0214500",1.91202787569481,4.08571870094168,1.53603604103041,2.65991069988233,0.00781613718264797,0.0165989912552043,"","tms5",""
"Os02g0215100",10.241605679985,3.10583262502667,0.743436320530025,4.17767136102848,2.94508767612425e-05,9.67906053207728e-05,"","Os02g0215100",""
"Os02g0215900",67.630081998585,2.2229426486714,0.491683170161879,4.52108752866105,6.15227412455258e-06,2.22695246141767e-05,"","OsGIRL1",""
"Os02g0218700",9.98144833964896,6.47214246632175,1.37596836681467,4.70370004312279,2.55488525594277e-06,9.67926482973914e-06,"","HPL2",""
"Os02g0219050",1.99515456058206,4.14879565209206,1.63260283297358,2.54121551690287,0.0110467803069576,0.0227028928056975,"","Os02g0219050",""
"Os02g0219800",824.505826871381,2.68909155895438,0.147529795710883,18.2274471810715,3.12574939172667e-74,2.82652163061356e-72,"","OsTET2",""
"Os02g0226500",101.562961218317,1.3676809266074,0.253098365375935,5.40375250774907,6.5260975547851e-08,2.9927115938342e-07,"","Os02g0226500",""
"Os02g0229800",120.197603546382,3.55750083467567,0.487391608618082,7.29906049216229,2.89784022617058e-13,2.19369958092968e-12,"","Os02g0229800",""
"Os02g0229900",80.9908554444591,3.12849701134023,0.347203520619591,9.01055670679077,2.05013110656694e-19,2.38479335339949e-18,"","Os02g0229900",""
"Os02g0230000",93.2296198083341,1.64313832585303,0.335936225149862,4.89122102006124,1.00212357265388e-06,4.00219467434641e-06,"","Os02g0230000",""
"Os02g0232000",224.882310882169,2.81027792572915,0.196025471377415,14.3362895953375,1.29812576935644e-46,5.01773201050618e-45,"","HSFC2A","HSF05"
"Os02g0237100",6.21315203024495,5.78474481872309,1.34399849607819,4.30413042544546,1.67642885922641e-05,5.6970069736734e-05,"","OsACL5",""
"Os02g0241100",1429.69360619815,1.51488802450018,0.196344082403727,7.71547584197231,1.20531690422885e-14,1.01682454668295e-13,"","Os02g0241100",""
"Os02g0247000",44.228924928574,2.40768474527484,0.51367112420581,4.68721061359518,2.76953912312935e-06,1.04525317370565e-05,"","Os02g0247000",""
"Os02g0247200",207.116715170738,1.12109513324565,0.2358465942524,4.75349299318636,1.99932036478657e-06,7.69091145448174e-06,"","Os02g0247200",""
"Os02g0247800",1752.74766091994,2.85051719320212,0.174346848099623,16.3496915732788,4.37187220560174e-60,2.72851077174293e-58,"","OsEFCAX2",""
"Os02g0248200",61.7035438857303,1.32011382367419,0.390273017928041,3.38253930718211,0.000718189992596647,0.00189525971312889,"","Os02g0248200",""
"Os02g0249200",133.701683718822,2.57282135371846,0.261613027360751,9.83445426886431,8.00001563075778e-23,1.11986659482082e-21,"","OSJNBa0011N12.24",""
"Os02g0249300",319.506585922439,1.79757386596026,0.333402629232033,5.39160075042248,6.98327874478443e-08,3.19410554660373e-07,"","Os02g0249300",""
"Os02g0250600",13.0165622276286,6.85300852646009,1.25520305241447,5.45968121514513,4.76990258680302e-08,2.22233690096311e-07,"","OsLEA15",""
"Os02g0258300",6.82755424090008,2.75279644757392,0.940107131251158,2.92817313693846,0.00340960122672626,0.00785492232399782,"","Os02g0258300",""
"Os02g0258800",801.170581054282,1.30744095084257,0.271248838428496,4.82007944593367,1.43501063389357e-06,5.61605725414328e-06,"","Os02g0258800",""
"Os02g0259850",260.178509526305,1.15852963075479,0.35271782039537,3.28457924086786,0.00102134773083957,0.00262047558527619,"","Os02g0259850",""
"Os02g0259900",1284.77290881951,1.76669471407434,0.187162528484392,9.43936122460363,3.75058830101241e-21,4.82995459117383e-20,"","Os02g0259900",""
"Os02g0266500",416.639389992872,1.00125712455494,0.198130908418472,5.053513015951,4.33756741388528e-07,1.81448434600431e-06,"","Os02g0266500",""
"Os02g0269200",257.114765318423,5.55764067214938,0.299665252618613,18.5461631723537,8.75852218506674e-77,8.47694938200776e-75,"","Os02g0269200",""
"Os02g0273800",1684.76373638772,1.48236059236803,0.177134676922023,8.36855108286098,5.83310162906331e-17,5.86315452589459e-16,"","P0413A11.14-1",""
"Os02g0273900",20.6006661753102,1.86416294765478,0.486343617574878,3.83301616447712,0.000126581632326258,0.000378416156388477,"","Os02g0273900",""
"Os02g0274100",4104.69538849032,1.55149458313595,0.264599940421512,5.86354849764666,4.53078432548834e-09,2.34704669104379e-08,"","AIM1",""
"Os02g0282100",621.012932243998,1.37237349423982,0.169697763349014,8.08716312552267,6.10704504678862e-16,5.69278612205725e-15,"","Os02g0282100",""
"Os02g0286891",62.5747937692567,1.5492866418615,0.274086397725868,5.6525484471909,1.58086219611897e-08,7.75777829931466e-08,"","Os02g0286891",""
"Os02g0288600",3.03220371258282,4.75016191072479,1.40397790334399,3.38335945274556,0.000716048469020297,0.00189001096377074,"","OsBURP04",""
"Os02g0289300",20.2646038596188,1.24629072485221,0.476708260895613,2.61436779490825,0.00893927488317013,0.0187445513564408,"","Os02g0289300",""
"Os02g0289500",52.953060894162,1.3809221889218,0.41457342403314,3.33094720710175,0.000865510152254967,0.00224787683882823,"","Os02g0289500",""
"Os02g0290500",300.438994680357,1.17999563170746,0.177130177098857,6.66174251634663,2.70599812250617e-11,1.73426061772725e-10,"","OsUbDKgamma4",""
"Os02g0291000",6.99649835089638,1.87136398604465,0.78545083279431,2.38253485502983,0.0171939042116747,0.0337730588752706,"","OsCBL7",""
"Os02g0291500",1046.62992015176,1.34030038127728,0.185659895251957,7.21911632804904,5.23264800561409e-13,3.88404193035052e-12,"","Os02g0291500",""
"Os02g0298900",93.4109280420053,1.34320984358731,0.258609357277116,5.19397232076169,2.05853759812299e-07,8.94656833339648e-07,"","Os02g0298900",""
"Os02g0299000",133.725527877182,1.34172063151394,0.246607635371763,5.44071001488371,5.30686373195757e-08,2.45859593574711e-07,"","Os02g0299000",""
"Os02g0299300",303.637481232562,2.54762934215608,0.16742077442659,15.216924846284,2.73068184937791e-52,1.30866739230245e-50,"","Os02g0299300",""
"Os02g0301100",1544.28291203167,1.45081173026354,0.208267151368703,6.96610925308674,3.25826151799185e-12,2.26705828787655e-11,"","OsSWEET4",""
"Os02g0302200",701.429910585102,1.27257258398279,0.247103964624358,5.14994806302408,2.60558600888103e-07,1.11809152306972e-06,"","Os02g0302200",""
"Os02g0302700",14.0970885266286,1.68575686794405,0.620211898312747,2.71803374383829,0.00656711403061705,0.0141835237392433,"","OsNAAT2",""
"Os02g0302900",325.179607286548,5.32992219046024,0.300643267714538,17.7283936240376,2.5316483285087e-70,2.13355954542381e-68,"","Os02g0302900",""
"Os02g0306250",5.32302138666763,2.55060491175008,1.02093986444578,2.49829103610787,0.0124793692510493,0.0253734885879902,"","Os02g0306250",""
"Os02g0312700",154.268286493108,1.65957926023207,0.209703022447961,7.91395012269746,2.4934822848694e-15,2.21357974103221e-14,"","P0705A04.3-1",""
"Os02g0312800",215.806069019202,1.39827391807536,0.208819409490472,6.69609171622122,2.14067399586399e-11,1.38665306132084e-10,"","OsSNI1",""
"Os02g0313700",537.806961632015,1.07665877448103,0.223577553359532,4.81559422358321,1.46762490677195e-06,5.73825821604681e-06,"","OsNTMC2T6.2",""
"Os02g0318100",16.8582550369166,2.23969968984301,0.662027981006157,3.38308916556532,0.000716753573238676,0.00189167056712129,"","Os02g0318100",""
"Os02g0318200",42.6930835555566,1.47949022618282,0.379807798676159,3.89536558053748,9.80507277224938e-05,0.000298049672528552,"","Os_F0768",""
"Os02g0320100",515.787046284685,1.01369120785804,0.163920753485197,6.18403213934458,6.24846375739082e-10,3.54031983802589e-09,"","ROX2",""
"Os02g0321000",98.2646679259756,1.9904552288509,0.233396581365217,8.5282107270297,1.48628616186221e-17,1.54729883329664e-16,"","Os02g0321000",""
"Os02g0321600",16.0162360756448,3.84909209957858,0.712091113508767,5.40533651741912,6.4686828159563e-08,2.96804729872128e-07,"","Os02g0321600",""
"Os02g0321800",253.39798127907,1.02021123229159,0.193795281414442,5.26437602012515,1.40666286572858e-07,6.22595316615882e-07,"","Os02g0321800",""
"Os02g0324700",1959.68428501202,1.01151051683408,0.181967559702555,5.55874090133153,2.71727720303397e-08,1.30274723799483e-07,"","Os02g0324700",""
"Os02g0325600",29.8282454976986,1.69383784180046,0.531434344116233,3.18729464994831,0.00143610393859059,0.00356929955727346,"","NIGT1",""
"Os02g0327500",23.1028598546659,1.10937685891823,0.406221514908864,2.73096529406404,0.00631491213411439,0.0136949302360571,"","Os02g0327500",""
"Os02g0332450",26.0024431713071,4.17209607518885,0.682117005648444,6.11639358151276,9.57167542715754e-10,5.32220381639772e-09,"","Os02g0332450",""
"Os02g0332800",2530.67712424932,1.07395061423626,0.258814359521939,4.14950165910414,3.33199873004507e-05,0.000108641837786981,"","Os02g0332800",""
"Os02g0453000",24.1311053096456,1.160529955776,0.417937521644216,2.77680250198722,0.00548965247808594,0.0120749969431991,"","Os02g0453000",""
"Os02g0453500",119.309615558577,4.27100315877078,0.512947733221453,8.3263905504518,8.33445268399034e-17,8.26341473194192e-16,"","Os02g0453500",""
"Os02g0454300",7.12414412227426,5.98236035413214,1.32871140995628,4.50237749845844,6.71974880111563e-06,2.41682705828483e-05,"","Os02g0454300",""
"Os02g0461200",366.289384804452,1.10553926024551,0.163945321478856,6.74334131814849,1.54785010499056e-11,1.01484736838717e-10,"","Os02g0461200",""
"Os02g0463401",244.404585742908,4.49596553194723,0.272154635047057,16.5198932995202,2.63864471260476e-61,1.70254427198459e-59,"","Os02g0463401",""
"Os02g0466400",96.9623648960391,8.2972822135551,1.28894189023324,6.43728183281687,1.21631964955618e-10,7.38103158389749e-10,"","OsITPK4",""
"Os02g0467600",6.96081398102376,4.42060894178324,1.34867619967088,3.27773926970908,0.00104642002579048,0.00267849805304536,"","C4H1",""
"Os02g0473200",559.791947785231,1.4491875428804,0.237146556841942,6.11093646974718,9.90481927124026e-10,5.49757408341219e-09,"","OsAP19",""
"Os02g0478500",150.467873838597,1.34311173308203,0.218810381591285,6.13824501065411,8.34381069027223e-10,4.66353705104613e-09,"","Os02g0478500",""
"Os02g0483500",103.454843268313,2.25968443155017,0.317749134355378,7.11153607431354,1.14758455956475e-12,8.27764268772514e-12,"","OsMaT-2",""
"Os02g0489800",7.97503488495503,1.79548360810326,0.766391292229448,2.34277662899869,0.0191408387099151,0.0371904454764403,"","SIP27",""
"Os02g0490000",26.2793236685094,3.55556821366837,0.638548277414856,5.56820578713795,2.57375753520553e-08,1.23921473862781e-07,"","OsPUB73",""
"Os02g0493087",1.68402498230056,3.90584311956566,1.63175971024087,2.39363865589567,0.0166821746013803,0.0328434040602622,"","Os02g0493087",""
"Os02g0494400",33.7639234313516,1.21222915830585,0.388085278599579,3.12361541432395,0.00178643787799234,0.00435969874650139,"","Os02g0494400",""
"Os02g0494600",137.718092305356,1.08021434797005,0.226172647934903,4.77606093324314,1.78762245967672e-06,6.91845074717435e-06,"","Os02g0494600",""
"Os02g0494700",45.1282126534496,7.19069550977181,1.1218001521429,6.40996125382572,1.455566239767e-10,8.76843294984368e-10,"","ROS1B",""
"Os02g0496500",612.644211796485,2.94335979005724,0.235806946489342,12.4820741453021,9.35183366832667e-36,2.439056661054e-34,"","DML3a",""
"Os02g0497500",163.178718753434,1.03486588218456,0.248626344982604,4.16233397251996,3.15011169986239e-05,0.000103050326891326,"","Rad50",""
"Os02g0499300",64.5490875967583,6.12717027788608,0.669119384763606,9.15706586508587,5.33275254823049e-20,6.44534682378082e-19,"","Os02g0499300",""
"Os02g0503900",957.76939478339,2.62025065055109,0.230746797901314,11.3555233458612,6.96217393948468e-30,1.41163489115067e-28,"","Os02g0503900",""
"Os02g0504100",391.069381522825,1.48926209723586,0.173838584351647,8.56692490214561,1.06285157025706e-17,1.11775353804156e-16,"","Os02g0504100",""
"Os02g0511400",18.3101675981061,1.77509654958759,0.641050665107416,2.76904252067214,0.00562212973820631,0.012332065350085,"","Os02g0511400",""
"Os02g0513100",429.584006738621,10.4614660000581,1.06191589683617,9.85150145244708,6.75275498100035e-23,9.50102272369368e-22,"","OsSWEET15",""
"Os02g0513800",244.036551376205,1.89905764558912,0.284378003506145,6.67793437669338,2.42333497827891e-11,1.55955768199524e-10,"","Os02g0513800",""
"Os02g0514712",4.55404339063337,2.32401058859894,1.01237602831971,2.29560017581234,0.0216987527153803,0.0415479131397973,"","Os02g0514712",""
"Os02g0517900",136.306657136351,2.00495593754692,0.28691260167363,6.9880372136028,2.78758459741458e-12,1.95272783630594e-11,"","Os02g0517900",""
"Os02g0521100",9.8274817641024,2.42397201726243,0.753968251193416,3.21495237156956,0.00130466167194738,0.00327546886673829,"","OsERF#107",""
"Os02g0525100",453.078145322946,1.82709372372957,0.221784810606001,8.23813731308852,1.74912375519892e-16,1.68959217475881e-15,"","Os02g0525100",""
"Os02g0525900",214.266022284806,2.32861756031959,0.230140573893602,10.1182399996801,4.58587492443433e-24,6.87797960064827e-23,"","Os02g0525900",""
"Os02g0526400",7692.86283051788,4.75090861983842,0.363997601978062,13.0520327442288,6.1874168049166e-39,1.86276581015089e-37,"","ClpD1",""
"Os02g0526600",157.454580511464,1.35079850348092,0.223031665685236,6.05653237324287,1.39087159682485e-09,7.60238816557011e-09,"","Os02g0526600",""
"Os02g0527200",866.838286822296,2.52691189599632,0.345133129305392,7.32155704983154,2.45110076859918e-13,1.86979445023343e-12,"","Os02g0527200",""
"Os02g0527500",20.3457737985264,2.06995829121127,0.553129065068089,3.74226997266264,0.000182365440292353,0.00053133449131275,"","Os02g0527500",""
"Os02g0528200",77.8480755021718,2.47983424804948,0.347221679260769,7.1419338024314,9.20269190318422e-13,6.69647862805273e-12,"","SBE3",""
"Os02g0530600",583.021110660802,1.73290760282993,0.220679812131201,7.85258781079468,4.07539352861516e-15,3.55424236038359e-14,"","OsEnS-38",""
"Os02g0531450",182.695774691077,1.19452896933743,0.288036645632494,4.14714234265015,3.36650779697526e-05,0.000109694849665513,"","Os02g0531450",""
"Os02g0532300",468.095033271607,3.35635580057989,0.20198691968864,16.6166987731367,5.27589192922284e-62,3.5425684100367e-60,"","P0605D08.22-2",""
"Os02g0532401",32.9892990633934,6.15588438056609,0.891556909237651,6.90464547667499,5.03289578596835e-12,3.4495175349637e-11,"","Os02g0532401",""
"Os02g0532500",160.352179499478,2.13937816250272,0.259299345375581,8.25061150618775,1.57586060271377e-16,1.52758599974332e-15,"","OsGLP2-1",""
"Os02g0533800",977.792840767903,1.41233872896868,0.255018008370597,5.53819213785188,3.05609882291382e-08,1.45869698584735e-07,"","Os02g0533800",""
"Os02g0537000",9.50266514898085,6.40158200947083,1.20443823283488,5.31499402373126,1.06660827442873e-07,4.78496346469682e-07,"","PMEI8",""
"Os02g0537400",40.9975991582741,1.29226207995213,0.472358196574524,2.73576724046165,0.00622350295480302,0.0135251059302828,"","Os02g0537400",""
"Os02g0538400",85.5091487111712,1.55171038561381,0.328281469409101,4.72676812494734,2.28121508311366e-06,8.70367510229553e-06,"","Os02g0538400",""
"Os02g0538900",37.4355316613609,1.30558931672355,0.331751200461396,3.93544715108113,8.30419372628331e-05,0.000255245016692869,"","OsbZIP21",""
"Os02g0539600",6677.21476859364,2.56362895666701,0.132256510337261,19.3837637945355,1.05817120927567e-83,1.18634878064359e-81,"","GRY79",""
"Os02g0540400",6.59036285454354,2.54510058930148,1.14399306009845,2.22475177347881,0.0260979065356048,0.048886960779669,"","Os02g0540400",""
"Os02g0541150",4.1748785010127,4.44912784318729,1.31970878545011,3.37129516165934,0.000748156529484297,0.00196867824246309,"","Os02g0541150",""
"Os02g0541300",171.256137768968,2.86116216835661,0.306590084089162,9.33220712880111,1.036888060066e-20,1.30942790337693e-19,"","Os02g0541300",""
"Os02g0541325",3694.2662693681,2.81947780291679,0.202899666150234,13.8959213507485,6.7055055911965e-44,2.36669960161076e-42,"","Os02g0541325",""
"Os02g0542400",390.333565044988,2.07943752914754,0.219391526041152,9.47820349614362,2.58698391140595e-21,3.35941825853801e-20,"","Os02g0542400",""
"Os02g0542450",7.09904685013151,3.06701711261999,0.897055957003727,3.41898082129034,0.000628561565952913,0.00167605143344978,"","Os02g0542450",""
"Os02g0543100",26.8700091005935,1.01464304345048,0.41053029024798,2.47154245996706,0.0134531574331771,0.0271484673173016,"","Os02g0543100",""
"Os02g0549200",29.5060352877378,1.90715120610271,0.411947943757624,4.62959273132049,3.66385623965449e-06,1.36305354429308e-05,"","OsRLCK73",""
"Os02g0550300",236.875324961087,1.18570221413164,0.155255308176072,7.63711223829434,2.22147836092165e-14,1.84023969737732e-13,"","PDIL5",""
"Os02g0551100",1424.04243101706,2.5038443712216,0.180058726735904,13.9057096349128,5.84839194017249e-44,2.0700801014522e-42,"","SAPK6","RK1"
"Os02g0551600",7.85789033435085,3.55082510809076,0.957712158176108,3.7076120186811,0.000209222876407475,0.000603552824397254,"","Os02g0551600",""
"Os02g0554800",448.937264658475,1.88426203494574,0.274651987288835,6.86054396891791,6.85988250602982e-12,4.64137926957676e-11,"","Os02g0554800",""
"Os02g0554900",14.6352178203794,1.4693881560258,0.521298755654626,2.81870643289873,0.00482175949119345,0.0107513260361141,"","PDIL1",""
"Os02g0555100",65.7214938535742,3.52449040659512,0.421503161925351,8.36171759778949,6.18116618428198e-17,6.20043540679978e-16,"","Os02g0555100",""
"Os02g0555300",78.0169342723605,5.15109431696482,0.496220113778577,10.3806640922729,3.0365549341116e-25,4.86654085397692e-24,"","ONAC028",""
"Os02g0556000",1.8828065787894,4.0664609262165,1.62480355232557,2.50274005149496,0.01232360213028,0.025077356273156,"","Os02g0556000",""
"Os02g0557100",250.529273362787,1.29063662260953,0.178494503430125,7.23067992463296,4.80581810876528e-13,3.58116557235722e-12,"","Os02g0557100",""
"Os02g0562100",18.2516261703713,4.02963440988051,0.709736948505827,5.67764496179027,1.36561785388345e-08,6.74022182583072e-08,"","XRCC3",""
"Os02g0562600",29.8305153827284,2.69915134048807,0.421583264306217,6.40241577172178,1.52937503606668e-10,9.19294645041825e-10,"","OsMLO10",""
"Os02g0564700",27.3611366010244,1.11205453214939,0.372386962121237,2.98628750538088,0.00282387016124999,0.00661064162748403,"","OsbHLH097",""
"Os02g0565600",275.400672132754,1.34176659915431,0.227321988980887,5.90249366183017,3.58047877840137e-09,1.87594676871327e-08,"","Oshox7",""
"Os02g0566400",398.786655243024,2.33517343142628,0.318175487443064,7.33926252519421,2.14773972092993e-13,1.64547146151765e-12,"","Os02g0566400",""
"Os02g0567800",104.497575312224,1.71266841043533,0.341094558686955,5.02109566634032,5.13775608752589e-07,2.1273092008795e-06,"","Os02g0567800",""
"Os02g0572900",295.714861294508,1.07111428295022,0.196315992367106,5.45607247802442,4.86781301467246e-08,2.26454756035561e-07,"","Os02g0572900",""
"Os02g0574100",95.996968697374,1.73113529140535,0.313200327299521,5.52724611219777,3.25296480268345e-08,1.54610989672142e-07,"","Os02g0574100",""
"Os02g0574800",26.563638709674,2.70153847407261,0.473256071972614,5.70840742267104,1.14038177622607e-08,5.67260374815363e-08,"","Os02g0574800",""
"Os02g0575200",26.4076775096612,1.96885012127998,0.428374692485399,4.59609345700804,4.30485673094319e-06,1.58816907716765e-05,"","Os02g0575200",""
"Os02g0577100",888.048910239038,1.86562104629431,0.113379499982899,16.4546593217972,7.76575804602972e-61,4.95907698728037e-59,"","Os02g0577100",""
"Os02g0578400",333.217036094018,2.47538700507737,0.320522316446613,7.72297864473247,1.13642219440197e-14,9.60994290467492e-14,"","Os02g0578400",""
"Os02g0579000",319.936527883401,3.64257360428444,0.264610537500369,13.7657919397082,4.09373541648069e-43,1.40485432706568e-41,"","OMTN1",""
"Os02g0579600",322.014963652945,1.48903683650914,0.265284368101764,5.61298370938292,1.98867328188739e-08,9.64631125789427e-08,"","OsMADS27",""
"Os02g0580500",217.5799851995,1.70694738647835,0.220383304806638,7.74535706312243,9.53136197602011e-15,8.10149419141853e-14,"","Os02g0580500",""
"Os02g0581400",1598.68563418202,1.13929310480427,0.251742180392309,4.52563453223779,6.02145614006302e-06,2.18087441576292e-05,"","Os02g0581400",""
"Os02g0581500",1191.23495398741,1.35953587487279,0.164076199428252,8.28600296453904,1.17117865728113e-16,1.14651495817679e-15,"","Os02g0581500",""
"Os02g0582200",687.871744475967,1.07352292525786,0.186642264569579,5.75176757383191,8.83151634473977e-09,4.45205453659445e-08,"","Os02g0582200",""
"Os02g0582800",25.4901455321625,3.86178288052975,0.59757856430542,6.46238521794769,1.03065319106782e-10,6.29287681495501e-10,"","Os02g0582800",""
"Os02g0586900",59.8177203116929,5.55983616216356,0.682473435431139,8.14659717656446,3.74307971576108e-16,3.54383974464701e-15,"","OsEnS-40",""
"Os02g0588500",86.8231585560853,1.73226382883237,0.326045404874054,5.31295274503718,1.078630161183e-07,4.83364433055366e-07,"","OSJNBb0046O12.20",""
"Os02g0591800",288.850370965845,1.14709311012789,0.228133664023147,5.02816239347958,4.95202427662073e-07,2.05418224513363e-06,"","Os02g0591800",""
"Os02g0592000",23.6842279114104,4.43033429615578,0.754477940130903,5.87205279373325,4.30431613988625e-09,2.23487093457589e-08,"","Os02g0592000",""
"Os02g0592200",238.957976588991,1.24288775215816,0.169016948961947,7.35362790413396,1.92898246372365e-13,1.48337673816514e-12,"","Os02g0592200",""
"Os02g0592300",616.513010095295,1.99360089202972,0.198539886164498,10.0413117512214,1.00330942621998e-23,1.46660753117714e-22,"","OsPMS1",""
"Os02g0592700",331.785304357522,1.38115759201399,0.186843082936138,7.39207237597368,1.44557798117408e-13,1.12279265327744e-12,"","Os02g0592700",""
"Os02g0592833",29.558161713218,3.90575321329443,0.550766775844867,7.09148297353825,1.32682405625427e-12,9.51236100746874e-12,"","Os02g0592833",""
"Os02g0593400",127.569080031093,1.00311141784393,0.2015085348293,4.97800958502165,6.42414756813287e-07,2.63005790310027e-06,"","Os02g0593400",""
"Os02g0598400",264.95557558508,1.3260633779843,0.232996958420268,5.69133342759101,1.26051087138097e-08,6.2413424980428e-08,"","Os02g0598400",""
"Os02g0598500",34.5290744370083,1.87521624910885,0.488159547013652,3.84140033843568,0.000122334404827883,0.000366293601017578,"","Os02g0598500",""
"Os02g0599100",112.457104593516,1.17513953955176,0.370838430509578,3.16887205551209,0.00153031744780349,0.00378145760488951,"","OSJNBa0038P01.31",""
"Os02g0599151",109.510501542731,1.02506266156959,0.272644999230751,3.75969727837199,0.000170119083316755,0.000498172855139966,"","OsPP2C17",""
"Os02g0609000",21.4132911978224,2.08461700557872,0.528686631990267,3.94301062187079,8.04650901463337e-05,0.000247878097545158,"","Os02g0609000",""
"Os02g0612900",8758.99366536213,2.0236341854951,0.268668243599855,7.53209295739852,4.99333881435078e-14,4.02603175408947e-13,"","OJ1004_A05.35",""
"Os02g0613100",11.7750065730295,5.96917485405235,1.19916950583952,4.97775737707193,6.43252164671367e-07,2.63305119512018e-06,"","Os02g0613100",""
"Os02g0616300",42.4298438834774,3.01609242591157,0.60453866125005,4.9890811278719,6.06671669415167e-07,2.48865959488404e-06,"","Os02g0616300",""
"Os02g0616600",11.1656423979637,2.95574673129637,0.797969690638139,3.7040839595457,0.000212155987807222,0.000611515694497388,"","Os02g0616600",""
"Os02g0616800",4.42405273190128,3.09885374006977,1.13580370193361,2.72833565764423,0.00636547995980191,0.0137997634932201,"","Os02g0616800",""
"Os02g0617700",111.530810082675,1.34219848844191,0.317467839128583,4.22782506765445,2.35961129086481e-05,7.8496360034583e-05,"","Os02g0617700",""
"Os02g0618200",2190.43591750863,3.01438676157952,0.215091688716106,14.0144269616951,1.272210078018e-44,4.59497800336033e-43,"","OsPRR1",""
"Os02g0618250",181.548822242561,1.064411683379,0.272154078268012,3.91106277059274,9.18908844349782e-05,0.000280772036458929,"","Os02g0618250",""
"Os02g0620800",150.787133864578,1.20173402786527,0.202096850972353,5.9463273281268,2.74225517161173e-09,1.4577313105991e-08,"","Os02g0620800",""
"Os02g0625100",72.966539963621,2.38937065971014,0.330417743679858,7.23136304091829,4.78170176357867e-13,3.56426668460255e-12,"","Os02g0625100",""
"Os02g0625300",4193.22463238301,3.55171490705928,0.237003924527981,14.9858906941432,9.08000732804832e-51,4.09791150395361e-49,"","OsPPCK2",""
"Os02g0625500",784.191291420963,1.02162153769513,0.156571570927802,6.52494914396826,6.8024610935609e-11,4.22523385598291e-10,"","Os02g0625500",""
"Os02g0626100",2336.78011378116,1.78691690453004,0.317479138318285,5.62845456238635,1.81831385825149e-08,8.86508509757914e-08,"","OsPAL",""
"Os02g0626400",1532.58017739612,1.31811072666525,0.22568612073379,5.84045984919043,5.20569306180316e-09,2.67874261666245e-08,"","OsPAL",""
"Os02g0628900",70.4986124378797,2.73719528792918,0.51994206450213,5.26442362487093,1.4062984541232e-07,6.22545234908174e-07,"","Os02g0628900",""
"Os02g0629000",502.604208452709,6.26148007121402,0.693392825615183,9.03020602449815,1.71348893063081e-19,2.00259977519998e-18,"","Os02g0629000",""
"Os02g0629332",2.0714996612248,3.37010771034703,1.47124272239525,2.29065378475439,0.0219834455498332,0.0420280733324241,"","Os02g0629332",""
"Os02g0633100",3521.79009994487,1.51577626001459,0.233032948826534,6.50455769301065,7.7922307491009e-11,4.80986799378358e-10,"","OJ1643_A10.15-1",""
"Os02g0633200",181.369816610046,1.74039623832494,0.256851199145457,6.77589298440198,1.23640175321962e-11,8.16915366387265e-11,"","Os02g0633200",""
"Os02g0636300",537.406804207769,2.17041631024895,0.235600296019374,9.21228176245783,3.19264751065911e-20,3.91217741699311e-19,"","OsRH47A",""
"Os02g0638650",302.520636545442,2.46762392723642,0.289095047301358,8.53568385301366,1.39328858947281e-17,1.45231431978829e-16,"","OsERF#141",""
"Os02g0641300",8.91301288023419,1.78088294877404,0.64719796089571,2.7516819526275,0.00592900723760753,0.0129452777869406,"","R2R3-MYB",""
"Os02g0642300",1148.92244206888,1.21941671327697,0.116131082719402,10.5003474067606,8.60628021949263e-26,1.41874787091396e-24,"","Os02g0642300",""
"Os02g0649300",1832.72150280079,7.55852329036849,0.354496589633818,21.3218505096936,7.11872333364557e-101,1.20808635642285e-98,"","HOX24",""
"Os02g0650300",2.6877296185915,4.57911359853483,1.47514604965807,3.10417643025669,0.00190809510455836,0.00463362465996693,"","YSL15",""
"Os02g0651900",450.422428420642,2.11696050444919,0.404318097027102,5.23587868070937,1.64201788228475e-07,7.22120643758772e-07,"","Os02g0651900",""
"Os02g0652100",38.8542912346079,2.9796060978545,0.409098315692448,7.28334970729753,3.2563166010098e-13,2.45831067712431e-12,"","OsWRKY34",""
"Os02g0652800",7.13576621148485,3.372303725581,1.00786670109023,3.34598188622871,0.000819917517447534,0.00213933196396352,"","Os02g0652800",""
"Os02g0653000",24.5281538603546,5.68540083216347,1.0059452960968,5.65179921236629,1.58777000702721e-08,7.79013415130956e-08,"","Os02g0653000",""
"Os02g0653300",543.197988968193,1.93217718714346,0.1903384492469,10.1512710373988,3.27075487977585e-24,4.95351428216419e-23,"","Os02g0653300",""
"Os02g0653400",82.5209530504567,1.34692834982558,0.415902796275122,3.23856526546308,0.00120132531724712,0.00303541070624432,"","Os02g0653400",""
"Os02g0654100",666.685046968636,1.07844229191602,0.16198178693015,6.657799696833,2.77957223528412e-11,1.78003259947363e-10,"","Os02g0654100",""
"Os02g0654600",86.1565417322275,3.06752328473466,0.335300033697089,9.14859223517367,5.7680272381584e-20,6.96463990642547e-19,"","Os02g0654600",""
"Os02g0655100",364.420264969297,1.05348773349971,0.179628952272977,5.86479918837778,4.49676580102213e-09,2.3313740584207e-08,"","Os02g0655100",""
"Os02g0655200",149.508565703948,1.31038567996758,0.296505090904172,4.41943737280073,9.89581927989065e-06,3.46556486640072e-05,"","ERF95",""
"Os02g0658200",14.917757330456,2.43697968583714,0.648153665252919,3.75987951080427,0.000169995212090112,0.000497868956259657,"","Os02g0658200",""
"Os02g0661900",71.4732682048744,3.63068808101894,0.38178645938109,9.50973506735835,1.91148724612368e-21,2.4953066120762e-20,"","Os02g0661900",""
"Os02g0663800",32.1019236249395,1.30504394628651,0.438174851722556,2.97836341167484,0.0028979215995614,0.00676609531401554,"","OsADF1",""
"Os02g0663900",38.5238156454448,3.6187772731969,0.443829807694465,8.15352464043625,3.53468200458011e-16,3.3516577124945e-15,"","Os02g0663900",""
"Os02g0668000",177.789936120526,2.63508855346444,0.255532299445516,10.3121545072086,6.20934327141605e-25,9.79929288126596e-24,"","OJ1725_H08.12-1",""
"Os02g0668400",357.766261362105,1.04580394889371,0.130461747033567,8.0161731133696,1.09090725570935e-15,9.95558345293207e-15,"","Os02g0668400",""
"Os02g0668500",2093.49375909048,2.13073464258569,0.313102050611654,6.80524013951117,1.0088081861865e-11,6.71373634948778e-11,"","P0684A08.3-1","OJ1725_H08.17-1"
"Os02g0669100",15945.9104242907,4.67131631676472,0.282164370555828,16.5553018177413,1.46604438647445e-61,9.62713115296129e-60,"","LIP9",""
"Os02g0669900",30.8787535737164,2.89412702810294,0.454547418144672,6.36705195668234,1.92695915477294e-10,1.14714721234525e-09,"","Os02g0669900",""
"Os02g0670400",335.299155824507,1.40976687423563,0.216806456270394,6.502421092467,7.90374823684466e-11,4.87506024556386e-10,"","Os02g0670400",""
"Os02g0671100",303.010548886098,2.68647066647138,0.43729405981049,6.14339620262762,8.07754638579893e-10,4.51981406506188e-09,"","MAIF1",""
"Os02g0671800",4.84236645188888,3.88642755693787,1.23666380429308,3.14267106666025,0.00167413855874583,0.00410897781773606,"","Os02g0671800",""
"Os02g0672700",77.9193669783156,1.83886011039261,0.280475239011885,6.55622976513333,5.51851832424537e-11,3.45370872745207e-10,"","Os02g0672700",""
"Os02g0674233",228.522370634089,8.22625174772958,0.696567359811913,11.8097002850533,3.47798848704143e-32,7.84828057772545e-31,"","P0657H12.23",""
"Os02g0674400",46.8838634552415,7.97575777054977,1.07184648867505,7.4411381245545,9.98215049620153e-14,7.84420370581621e-13,"","Os02g0674400",""
"Os02g0676500",18.0386582712416,1.69830824557285,0.462549736741032,3.67162298597023,0.000241015047846182,0.000689007712067018,"","OsRFPH2-2",""
"Os02g0680500",232.282095217439,1.29937669490408,0.156315044372772,8.31255046574656,9.36667969166797e-17,9.24246207568528e-16,"","Os02g0680500",""
"Os02g0681100",44.5207049040912,1.32436322147676,0.307098379159905,4.31250475857175,1.61415407235908e-05,5.49366695753308e-05,"","Os02g0681100",""
"Os02g0686600",482.705082152087,1.03778539704559,0.174100679311665,5.96083485227424,2.50952492278708e-09,1.34021968808365e-08,"","Os02g0686600",""
"Os02g0686700",48.6096521630713,3.18772804258785,0.547805490234072,5.81908743051437,5.91697799554084e-09,3.03090683885705e-08,"","Os02g0686700",""
"Os02g0686800",171.159865102951,2.96035924394956,0.47287382051088,6.26035765894435,3.84095522680133e-10,2.22197869844633e-09,"","Os02g0686800",""
"Os02g0688000",24.6171598779146,1.54701999744477,0.428168701407863,3.61310855360985,0.000302547964966298,0.000850877517363219,"","Os02g0688000",""
"Os02g0689000",44.8999442767433,3.37300904094655,0.394355163788491,8.553226509177,1.19694686839825e-17,1.25398530901917e-16,"","Os02g0689000",""
"Os02g0689600",34.7280778648606,2.09068608508551,0.415869667787259,5.02726273885167,4.97530472672386e-07,2.06280330010102e-06,"","Os02g0689600",""
"Os02g0690000",267.101515428406,3.09876347380679,0.269573459973235,11.4950613985311,1.39681666025515e-30,2.93793942199845e-29,"","Os02g0690000",""
"Os02g0694100",35.2655756397141,3.29380002915928,0.48404231550247,6.80477702809947,1.01205861372671e-11,6.72687896656038e-11,"","OsFbox106",""
"Os02g0694700",31.2899497687048,2.43024603004028,0.389776076264345,6.2349799744818,4.51835888590701e-10,2.5944699447536e-09,"","Os02g0694700",""
"Os02g0699000",5.97616102672576,4.19101779489358,1.28289366643641,3.2668473658735,0.00108752297514662,0.00277298618708398,"","OsNPF7.2",""
"Os02g0700100",154.99767248041,3.47880165198353,0.854132760284817,4.07290507253638,4.64303516715461e-05,0.000148000105926399,"","OsWD40-51",""
"Os02g0701900",221.664939062776,1.05137293761908,0.175281084530455,5.99821104733299,1.99503130036949e-09,1.07481823286051e-08,"","Os02g0701900",""
"Os02g0702000",1889.78954776372,1.01634140737774,0.166594445380532,6.10069204322047,1.05610209372007e-09,5.84216154858275e-09,"","OSOTP51",""
"Os02g0702300",5.82461133195611,5.69102983192063,1.34224664993513,4.23992850508933,2.23590989066159e-05,7.45815015629002e-05,"","Os02g0702300",""
"Os02g0704800",1776.67469390995,1.26429688701562,0.180611454537429,7.00009249276944,2.55793584350595e-12,1.79744686314653e-11,"","Os02g0704800",""
"Os02g0707900",264.61230830483,2.02953858994383,0.246285457857916,8.24059450198919,1.71357057332812e-16,1.65589462150354e-15,"","OSJNBb0060O16.22",""
"Os02g0709600",161.509046505877,1.54276374087487,0.259514895841528,5.94479841271597,2.76797282116107e-09,1.47108671364024e-08,"","OJ1311_H06.6-2",""
"Os02g0711100",191.815943372182,1.20379911549971,0.154292376635573,7.80206476657626,6.09023744027732e-15,5.25044582664409e-14,"","Os02g0711100",""
"Os02g0711200",98.2357848010095,1.45468999260828,0.232205192122462,6.26467470133525,3.73604496466824e-10,2.16432046035971e-09,"","Os02g0711200",""
"Os02g0711400",387.31310341653,1.63505217675524,0.197185457516997,8.29195112735077,1.11405706960209e-16,1.093620919712e-15,"","Os02g0711400",""
"Os02g0711900",197.384681332889,1.2828556295028,0.203628276831876,6.29998765133182,2.97669358257823e-10,1.73783074683178e-09,"","Os02g0711900",""
"Os02g0712500",26.0278461192056,3.39665483296294,0.579805966235606,5.85826126456709,4.67738397208103e-09,2.41995286440283e-08,"","Os02g0712500",""
"Os02g0712700",28.4757049407857,2.48458523242232,0.51662401160822,4.80927168810438,1.51481202553222e-06,5.91156049088231e-06,"","Os02g0712700",""
"Os02g0712800",8.84713880289379,3.17711421077811,0.81271672455517,3.90925166763002,9.25824738513041e-05,0.0002826063760766,"","Os02g0712800",""
"Os02g0714100",344.384373068979,1.03795746205523,0.223504167469665,4.64401838142954,3.41697141173767e-06,1.27599548860021e-05,"","OsDGAT",""
"Os02g0714200",235.913061034754,1.88270551432551,0.263287467414946,7.1507600905224,8.62987015168355e-13,6.30000862546445e-12,"","OsPFPA1",""
"Os02g0714600",415.972305281727,1.24163266622294,0.151191769303818,8.21230330156329,2.16985332159695e-16,2.07978552221306e-15,"","Os02g0714600",""
"Os02g0715400",719.87124182994,1.531426699146,0.234389659754283,6.53367857930012,6.41735926560262e-11,3.99605203628641e-10,"","Os02g0715400",""
"Os02g0716800",76.9617925166047,4.82954614736848,0.445704771085239,10.8357515123949,2.33043977646429e-27,4.12732711518625e-26,"","OsNRT1.5B",""
"Os02g0717200",12.5900538536544,1.45014362786558,0.563455878142217,2.57365959628796,0.0100629224361089,0.020873087417285,"","Os02g0717200",""
"Os02g0717500",122.311384941768,1.23684944744756,0.329282221310508,3.75619868732976,0.000172513750901903,0.000504588974866776,"","Os02g0717500",""
"Os02g0717600",152.60795913666,1.15427197911852,0.283020586429241,4.07840289528587,4.53461347026331e-05,0.000144786234475147,"","Os02g0717600",""
"Os02g0718600",257.850230636851,4.35796859079364,0.265103740967911,16.4387291363087,1.01015060568811e-60,6.41756450182929e-59,"","OsAGP21",""
"Os02g0724500",17.2301876593047,2.31237663666277,0.570938652335155,4.0501315285015,5.11888532226952e-05,0.000162083861507824,"","OsSTA72",""
"Os02g0725600",99.4814540008186,1.36015479578486,0.372418002476753,3.65222622628122,0.000259976698823801,0.000738951780057051,"","Os02g0725600",""
"Os02g0730300",1297.78077388707,1.42723502261908,0.215455461206957,6.62426941802204,3.48969779231863e-11,2.22044792502e-10,"","OsHAK25",""
"Os02g0730900",193.875561428137,1.71919308539009,0.262825178544916,6.54120390941269,6.10255570710944e-11,3.80576447911026e-10,"","Os02g0730900",""
"Os02g0731500",235.61358964627,3.70574337400786,0.428674594403235,8.64465359596757,5.39687730040146e-18,5.77867021918959e-17,"","Os02g0731500",""
"Os02g0731700",74.9210023230531,1.44135234624915,0.289054653418345,4.98643536509028,6.15034687835656e-07,2.52171346359491e-06,"","OsBBX8",""
"Os02g0732600",6.31232938183279,3.2457507269651,1.0099098261874,3.21390152150359,0.00130944575071688,0.00328648068937523,"","R2R3-MYB",""
"Os02g0733900",30.9552961126867,5.06434409706805,0.755353117305681,6.70460474848159,2.01952245181878e-11,1.31091715453796e-10,"","Os02g0733900",""
"Os02g0734800",38.6662459504489,1.36195790041113,0.439328483590391,3.10009014048121,0.00193461756343243,0.00468975827895171,"","Os02g0734800",""
"Os02g0734900",1861.2831302168,1.89184760926865,0.221826408896954,8.52850487313927,1.48251254681705e-17,1.54401905727138e-16,"","Os02g0734900",""
"Os02g0735800",550.823734625712,1.03844256298268,0.243703984232435,4.26108159968472,2.03439931042692e-05,6.84124751824753e-05,"","Os02g0735800",""
"Os02g0736100",17.1696618540786,2.14575989654159,0.525477223951425,4.0834498599314,4.43720066442572e-05,0.000141968647807949,"","MAP70.2",""
"Os02g0736300",184.547333466278,2.25598122880854,0.243403071417219,9.26849943048397,1.8878303228467e-20,2.34931049267567e-19,"","Os02g0736300",""
"Os02g0736400",1386.70359404894,1.80114313974948,0.261472403556081,6.8884636208393,5.63981519202632e-12,3.84952344387979e-11,"","OsDHODH1",""
"Os02g0743700",1061.98715566946,1.97106530830061,0.159587094258266,12.3510320020663,4.80905364506411e-35,1.23347745511132e-33,"","OJ1734_E02.21-1",""
"Os02g0745200",114.425674984032,2.88444149117829,0.237180440582545,12.1613801040834,4.99083242177463e-34,1.22676443367371e-32,"","Os02g0745200",""
"Os02g0747500",113.254262303673,5.17589337783968,0.470184353850465,11.0082212124944,3.48822605585331e-28,6.47884385201481e-27,"","Os02g0747500",""
"Os02g0751100",10.4016415424842,1.89456696186765,0.750215310060733,2.52536430070226,0.0115578408132076,0.0236609618961285,"","Os02g0751100",""
"Os02g0751300",9.09838973307676,1.74603444661715,0.778280609203317,2.24345104576674,0.0248677433296274,0.0468767556663253,"","Os02g0751300",""
"Os02g0753300",366.370292299666,2.20134070627851,0.335700567034887,6.55745304728586,5.47345358026853e-11,3.42637087817871e-10,"","Os02g0753300",""
"Os02g0753800",2229.29647381371,1.771865313629,0.212071555858602,8.35503519769706,6.54132048959556e-17,6.5408178880226e-16,"","ANN2",""
"Os02g0754300",4430.9182537974,2.03659887379505,0.171740729906324,11.8585665433349,1.94272569664614e-32,4.44049027544293e-31,"","Os02g0754300",""
"Os02g0755400",76.7590771637414,1.72449938647918,0.493229140248348,3.49634530030175,0.000471677901567094,0.00128482446868161,"","Os02g0755400",""
"Os02g0759400",1065.08502217109,1.44938148811989,0.560710254172535,2.58490276811292,0.00974064622189343,0.0202520761466689,"","OsRING-1",""
"Os02g0759500",418.656918381559,1.74394020983827,0.345268937450495,5.0509617885574,4.39591010778845e-07,1.8376491435916e-06,"","Os02g0759500",""
"Os02g0761300",3.95595081086519,3.54964768979873,1.28717761315842,2.75769843532997,0.00582098710199295,0.0127228826240366,"","Os02g0761300",""
"Os02g0762600",9.64571800615763,2.60474642143155,0.704327641718177,3.6982027498983,0.000217131426888042,0.000624476536738831,"","SGL1",""
"Os02g0763501",11.7536223606452,5.21321256620621,1.19365230115582,4.36744650109435,1.25707574405768e-05,4.34461789796584e-05,"","Os02g0763501",""
"Os02g0763800",6.24649485180678,5.7960607383535,1.28726267478622,4.50262471823483,6.71193428078435e-06,2.41436695230827e-05,"","Os02g0763800",""
"Os02g0764100",270.128604745834,3.21129889396591,0.246115346557752,13.0479425150856,6.5286812636115e-39,1.96074103840609e-37,"","Os02g0764100",""
"Os02g0764700",179.799222545036,3.36933526238013,1.45595157027064,2.31418086369027,0.0206578032100581,0.0397637033977322,"","DERF5",""
"Os02g0766700",3752.28384175085,2.61910784493007,0.188106222751796,13.9235576931761,4.55646811088899e-44,1.61973616045189e-42,"","BZIP23","ABF2"
"Os02g0767200",40.0852713178447,1.9597364584551,0.4655379607281,4.20961688148927,2.55804083441203e-05,8.4778728938238e-05,"","Os02g0767200",""
"Os02g0770700",109.97296658394,1.75353103131008,0.237761619830626,7.37516438758802,1.64142390444499e-13,1.26933708116209e-12,"","Os02g0770700",""
"Os02g0773200",69.2636648232214,1.02980485220535,0.316045827809125,3.25840356553386,0.00112040948693861,0.00284926468827651,"","Os02g0773200",""
"Os02g0773500",1604.12972662109,2.56714643204148,0.202330026457164,12.6879162573776,6.89970980741317e-37,1.89108528648536e-35,"","Os02g0773500",""
"Os02g0774100",820.752405796832,3.44452942280853,0.307817451064362,11.1901694036453,4.55562431144763e-29,8.95830980672523e-28,"","Os02g0774100",""
"Os02g0774200",44.7020244550198,2.19108793283945,0.458945630478912,4.77417756554962,1.80443125037144e-06,6.98023311326357e-06,"","Os02g0774200",""
"Os02g0775900",80.4094689412047,1.31494510235644,0.354630093445886,3.70793434245617,0.000208956814356681,0.000602925700397751,"","Os02g0775900",""
"Os02g0776900",11.5793794910299,4.17793218770373,0.893766333929943,4.67452401046828,2.9463616576335e-06,1.10877890023064e-05,"","GRF1",""
"Os02g0781400",5.40406330537597,2.68312952632641,1.04951832541327,2.5565342322821,0.0105720668300744,0.0218032378765402,"","OJ1369_G08.10-2",""
"Os02g0782500",76.4935390872017,1.73113429853976,0.422727523802446,4.09515397286686,4.21887909151915e-05,0.000135543525999183,"","OsHSP18.0-CIII",""
"Os02g0783700",2159.28534296657,3.80467634870295,0.257528469951451,14.7738086954821,2.16145226145911e-49,9.23350046244351e-48,"","OsLKR/SDH",""
"Os02g0784400",2.20987376058653,4.29505486197035,1.54656402458,2.77715942806621,0.00548362742830591,0.0120632013487646,"","Os02g0784400",""
"Os02g0784900",1110.12807586276,1.05767196486475,0.202100798834491,5.23338834365977,1.66430558725458e-07,7.31143608783806e-07,"","Os02g0784900",""
"Os02g0785900",133.906277486788,1.54253454330215,0.235477850422551,6.55065663515342,5.72846359874739e-11,3.57877313631276e-10,"","APC4",""
"Os02g0788600",26.1775709314666,3.47646516142171,0.595520746825134,5.83768941712878,5.29297050695957e-09,2.72252294479836e-08,"","Os02g0788600",""
"Os02g0790500",5399.63543308926,1.23898975198115,0.26636755021228,4.65142901601095,3.29642743606945e-06,1.23377012966001e-05,"","OsTPS5",""
"Os02g0792000",7.50610274386659,6.0574214057163,1.21177526200823,4.99879936125911,5.76883906243531e-07,2.37472213739757e-06,"","Os02g0792000",""
"Os02g0793000",697.695190404523,1.12274303527786,0.205450616579323,5.46478299248314,4.63473439576393e-08,2.16261420195561e-07,"","OsC3H18",""
"Os02g0794500",17.6791458598196,1.16520232178677,0.437780424177817,2.66161357939909,0.00777670991179232,0.0165209244177723,"","OsSCP10",""
"Os02g0795800",42.5441714227045,1.12167463125902,0.33747695468432,3.3237073396856,0.000888293625666365,0.00230318660141644,"","OsbHLH114",""
"Os02g0799300",618.113870797272,2.40954548726389,0.284468444221488,8.47034367505382,2.44670070717285e-17,2.5123043274605e-16,"","Os02g0799300",""
"Os02g0799700",1040.28115609064,1.6125853529263,0.193941029202363,8.31482311689543,9.18892172051929e-17,9.08152825964525e-16,"","Os02g0799700",""
"Os02g0802500",12.057166258757,3.11155508563119,0.713924423347815,4.35838162118076,1.3102776331335e-05,4.51212632608044e-05,"","OVP3",""
"Os02g0805100",55.1983402270105,2.49686060386962,0.491168854890482,5.08350759419866,3.70527757093649e-07,1.5610553030963e-06,"","OsIAA9",""
"Os02g0805250",39.4227688657441,1.42003950946495,0.390222514908199,3.63905068316987,0.00027364494395959,0.00077451459635444,"","OsbHLH107",""
"Os02g0805300",45.1126673995897,1.98698512074693,0.350382113759119,5.67090910956984,1.42041744693824e-08,7.0009315859934e-08,"","Os02g0805300",""
"Os02g0805400",39.7430672552719,1.69599809074636,0.378309395767895,4.48309798730696,7.35671272849497e-06,2.62950477890825e-05,"","Os02g0805400",""
"Os02g0809500",20.8753875574566,7.53588956800262,1.08483452897209,6.94657974718327,3.74248415710862e-12,2.59305173268122e-11,"","OsSEC24",""
"Os02g0813000",24.8974636003632,1.66304027825374,0.592469873693196,2.80696175805038,0.0050011178413959,0.0111132463458535,"","OsFbox118",""
"Os02g0813083",53.0285841989055,1.06418659718662,0.256236987223833,4.15313420875112,3.27952264582562e-05,0.00010700122806903,"","OsFbox118",""
"Os02g0813166",52.3097128991945,1.51899354187569,0.453445479356415,3.34989234875961,0.000808429728726784,0.00211314098414005,"","OsFbox119",""
"Os02g0817500",481.209770423382,2.28017774604432,0.352540752726599,6.46784159961398,9.94126240355263e-11,6.07963064040717e-10,"","KOB1",""
"Os02g0821800",260.070572252689,1.1490357433147,0.212945944640879,5.39590338408408,6.81796292663338e-08,3.12310348369745e-07,"","OsMed18_1",""
"Os02g0822600",1657.17429707833,1.01108846081799,0.159360651190001,6.34465568048227,2.22923458633914e-10,1.31791327477272e-09,"","OJ1119_A01.23-1",""
"Os02g0824500",584.417072869948,6.23009561282858,0.29929368284054,20.8159943561118,3.10046076269782e-96,4.83145385643799e-94,"","OsREM1.1",""
"Os02g0826100",513.195327190829,1.97927980000146,0.191498935958044,10.335722180906,4.85739391519407e-25,7.70990704912002e-24,"","OsRH48",""
"Os02g0827600",1166.21562060568,3.1382544705114,0.212923392184438,14.7388900689361,3.62696745583161e-49,1.54407856792336e-47,"","Os02g0827600",""
"Os02g0829800",154.208056713829,1.23028810933474,0.197529632872014,6.22837237859843,4.71305779254274e-10,2.7043870524741e-09,"","Os02g0829800",""
"Os02g0830000",57.3606436517035,1.16611014487949,0.281032332215233,4.14938073383815,3.33375926979842e-05,0.000108670639952369,"","OsSTA84",""
"Os02g0831400",2.24790485978629,4.31618032163947,1.50970535177856,2.85895543561175,0.00425038490988782,0.00958633298735015,"","SIP16",""
"Os02g0831800",262.893269500841,1.17556402013462,0.225991191156261,5.20181346060422,1.97353261234149e-07,8.60429659264211e-07,"","Os02g0831800",""
"Os02g0832150",67.4424630887579,2.243434634877,0.309921139199312,7.23872737649636,4.52914396511933e-13,3.38415560988425e-12,"","OJ1149_C12.20",""
"Os02g0832200",754.462419637042,1.18109410678577,0.123395271622849,9.5716318077059,1.05231448284395e-21,1.39057045020931e-20,"","OEP21",""
"Os02g0833050",72.8641784721521,1.50755881528941,0.348349929248118,4.32771385527001,1.50665030940475e-05,5.15184580680673e-05,"","Os02g0833050",""
"Os02g0833100",425.977067731953,1.35382084919055,0.179686634939158,7.53434360685174,4.907973343791e-14,3.9597803822569e-13,"","OsFRDL3",""
"Os03g0102600",95.155655831198,3.17530970894668,0.288902485535939,10.9909393927719,4.22505489372271e-28,7.79480157124107e-27,"","Os03g0102600",""
"Os03g0106200",163.588888707932,3.05592694311257,0.216329912024625,14.1262339290588,2.61774094636948e-45,9.73870381804754e-44,"","Os03g0106200",""
"Os03g0106400",416.083893988636,1.12238524524609,0.185138974565798,6.06239311780996,1.34110928664386e-09,7.34172885443547e-09,"","Os03g0106400",""
"Os03g0107700",81.0762727774603,1.37459062036567,0.461290652466143,2.97987963340869,0.00288361667723573,0.00673586974751294,"","Orysa",""
"Os03g0107800",4971.42786334633,1.05722880333061,0.152786645603374,6.91964143302891,4.52788234595969e-12,3.11631502460676e-11,"","OsPP42",""
"Os03g0108600",6222.59515799514,1.11515581232858,0.151039695790556,7.38319689067001,1.54533236288749e-13,1.19764466547586e-12,"","OsRH50",""
"Os03g0108800",4.32387229858633,2.2739394991646,1.00945085102257,2.25265003923777,0.0242812233864753,0.0459038510488858,"","Os03g0108800",""
"Os03g0111300",314.569548043832,7.01035953271523,0.522537184007675,13.4160012861635,4.8730660935059e-41,1.58243720312969e-39,"","nsLTP2",""
"Os03g0113500",10.9454108739058,1.60672720764813,0.666044208461483,2.41234318568667,0.0158503541874685,0.0314053759058702,"","Os03g0113500",""
"Os03g0116000",260.948330865963,1.35750407287914,0.210338291787414,6.45390842220565,1.09001694254986e-10,6.63717667803329e-10,"","Os03g0116000",""
"Os03g0122300",35.8313641688597,1.8163316339713,0.505990005447224,3.58965911266551,0.000331110675823491,0.000924490558359098,"","FLS",""
"Os03g0123500",6.68249211193283,3.3246561672375,1.3001649085084,2.55710344547884,0.0105547824624869,0.0217784681106794,"","HB365",""
"Os03g0125100",659.523046927066,2.81196655880293,0.214970944114312,13.0806819981571,4.24613287909944e-39,1.28771645465663e-37,"","DSM2",""
"Os03g0127600",43.2181552444456,1.16407496538599,0.393515213195832,2.95814475870515,0.00309496743972769,0.00718485976334048,"","Os03g0127600",""
"Os03g0130300",372.560143965345,6.90002968109953,0.828503275279143,8.32830706526144,8.2006581978277e-17,8.13401553913439e-16,"","DEFL8",""
"Os03g0132200",295.459943535642,1.00213496551384,0.18568077990261,5.39708507277634,6.77322773130364e-08,3.10318534575648e-07,"","OsEXPLA1",""
"Os03g0133100",425.198390482854,9.48553591001548,1.05125911724639,9.02302368122276,1.82968002871514e-19,2.13537362559939e-18,"","Os03g0133100",""
"Os03g0133300",479.177688933505,1.73468120773901,0.630869602479777,2.74966681057457,0.00596558900476498,0.0130168366111438,"","ESV1",""
"Os03g0135550",6.46296598919031,1.84241138755418,0.816117342626229,2.25753245437155,0.0239748239127126,0.0453869355199633,"","Os03g0135550",""
"Os03g0135800",24.1187519682394,4.27003888418248,0.695175630839369,6.14238862059469,8.12896760821392e-10,4.54550734436281e-09,"","Os03g0135800",""
"Os03g0141700",17.07390362601,1.2739794228753,0.548722648342483,2.32171831566199,0.0202481080718211,0.0390570162472177,"","Os03g0141700",""
"Os03g0143400",227.411797052238,1.00120904654548,0.263054886778917,3.80608419332252,0.000141184338700538,0.000418886883006015,"","htpB",""
"Os03g0144800",86.200381123646,1.69074154149192,0.316948204833366,5.3344411348877,9.58392715282206e-08,4.31982832573171e-07,"","Os03g0144800",""
"Os03g0146000",1049.27049574611,1.48961854495934,0.233547456201022,6.37822637501637,1.79150574074317e-10,1.0701093958147e-09,"","OsRab18B2",""
"Os03g0146300",621.231057176068,1.95784371473151,0.140776467429398,13.9074644397751,5.70668607013183e-44,2.02281202803514e-42,"","Orysa",""
"Os03g0147001",10.756038259776,2.39408733594275,0.782450526179072,3.05972998399497,0.00221536622990274,0.00530083332479964,"","Os03g0147001",""
"Os03g0147700",290.063396339514,1.31900143129491,0.196207155142395,6.72249404124766,1.78640045921868e-11,1.16539347493579e-10,"","Os03g0147700",""
"Os03g0147900",44.4510432544296,1.21709468208464,0.32536426459657,3.7407140688722,0.000183498181518913,0.000534320653836422,"","Os03g0147900",""
"Os03g0149400",341.433691385368,1.63900879878259,0.157185229264644,10.4272443819965,1.86210280690797e-25,3.01551119259861e-24,"","Os03g0149400",""
"Os03g0150700",130.307450802493,1.59547286126914,0.361759947761665,4.41030819232723,1.03223602832933e-05,3.6072936634578e-05,"","Os03g0150700",""
"Os03g0151600",191.091424493231,1.73331343528052,0.203080488987474,8.53510568111461,1.40027376598744e-17,1.45898162741257e-16,"","Os03g0151600",""
"Os03g0151700",603.152409468939,1.28926364588815,0.159011736375552,8.10797790952479,5.14690913671449e-16,4.83965721747154e-15,"","OsWD40-63",""
"Os03g0153900",12.9182953714168,4.31143851499572,0.998831516643932,4.31648225266472,1.58535420980053e-05,5.40009915537912e-05,"","Os03g0153900",""
"Os03g0158000",16.6053068212624,1.22982730458008,0.510042248032566,2.41122634315885,0.0158989781679176,0.0314891272635088,"","Os03g0158000",""
"Os03g0158600",152.168075344554,2.05770642630643,0.304607276965382,6.75527665263325,1.42562964110759e-11,9.36696515983103e-11,"","Os03g0158600",""
"Os03g0159400",109.684841732438,2.58957045311776,0.290036806298986,8.92842010695804,4.32135819222327e-19,4.94779537563383e-18,"","OsOFP7",""
"Os03g0159600",298.695335069064,11.3738872432322,1.04544060348621,10.879515493567,1.44328051974922e-27,2.59319517315638e-26,"","OsLEA30",""
"Os03g0160000",631.427727936458,1.08721274359525,0.231824960298557,4.6898001931935,2.7347195681224e-06,1.03305605640141e-05,"","Os03g0160000",""
"Os03g0161400",7.18608401289578,2.7398377069417,0.905265228886889,3.02655798490194,0.00247355373571239,0.00585348307513824,"","Os03g0161400",""
"Os03g0161500",1271.38310074924,3.40257625302198,0.285390301874227,11.9225363674814,9.03164243060673e-33,2.09137387386115e-31,"","Os03g0161500",""
"Os03g0162000",91.048352176284,3.33001996283934,0.422528582955402,7.88117087735771,3.24327411508372e-15,2.8526305555353e-14,"","COW1",""
"Os03g0164200",3.73298307836346,5.05087926659966,1.51221562993537,3.34005228263348,0.000837626191586243,0.00218071494682487,"","Os03g0164200",""
"Os03g0164300",31.432941718818,2.10822430373959,0.466462810122139,4.51959782857624,6.19572134379073e-06,2.24169666669251e-05,"","Os03g0164300",""
"Os03g0164800",21.0719925656868,2.74621246924716,0.493274513378206,5.56731068556458,2.58700897786198e-08,1.24511113917028e-07,"","OsSTA90",""
"Os03g0165266",105.481773361943,1.34514802769394,0.250470430045791,5.3704863582021,7.85245737186157e-08,3.5699144275709e-07,"","DRD1",""
"Os03g0165400",3.09398708732485,3.2471108760104,1.33640679795706,2.42973238461088,0.0151099750086679,0.0300948433110742,"","OsBgal1",""
"Os03g0167200",117.37068885649,1.22548200879763,0.2794312990895,4.38562900001089,1.15651093730531e-05,4.01722578068324e-05,"","OsSTA91",""
"Os03g0167550",20.1238036039387,1.48114396585005,0.492104462288822,3.00981616578139,0.00261405854925459,0.00615963182832916,"","Os03g0167550",""
"Os03g0168100",1417.96104388489,10.1833738499059,0.581217833747327,17.5207525623395,9.95004811502983e-69,8.16332258761901e-67,"","OsLEA16",""
"Os03g0168200",3183.44997371308,1.36052018949226,0.226730229768519,6.00061222926157,1.9657492716264e-09,1.06019524821696e-08,"","OSJNBa0091P11.31",""
"Os03g0168300",110.305962672232,3.98724387721634,0.567225515648198,7.02938032091154,2.07452804064168e-12,1.4660747650593e-11,"","Os03g0168300",""
"Os03g0168550",9.10033601318736,2.29240435028521,0.7932253225773,2.88997878035066,0.00385267831392756,0.00876688683407701,"","OSJNBa0091P11.28",""
"Os03g0169300",44.9486194580004,2.68353637342413,0.518801168034511,5.17257195775169,2.3089353540672e-07,9.98402988965499e-07,"","OSJNBa0091P11.22",""
"Os03g0169400",247.996825972295,1.81976746146899,0.245356416065867,7.41683258440028,1.19954416470606e-13,9.37574314477034e-13,"","OSJNBa0091P11.9",""
"Os03g0174900",1479.69575519932,1.13777090152758,0.170381981812682,6.6777653917563,2.42613005480627e-11,1.56095103526188e-10,"","OsHAP2C",""
"Os03g0179000",318.051181212658,2.49001584759929,0.2535844861158,9.81927516836427,9.30098832371654e-23,1.29831317012239e-21,"","Os03g0179000",""
"Os03g0179100",15.6189814574131,1.25523614015761,0.52285181570382,2.40074931836646,0.0163615407462178,0.0322814058822295,"","OsGLP3-1",""
"Os03g0181400",24.2363353313176,5.26579932796786,0.819319479845093,6.42704031516919,1.30112323210453e-10,7.87251045710719e-10,"","Os03g0181400",""
"Os03g0181600",573.900910954202,1.47043715082315,0.19316249928983,7.61243593466262,2.68977532400854e-14,2.20823602395493e-13,"","OsGATA22",""
"Os03g0183600",5.90391832882933,2.11763982544919,0.861542156899192,2.45796425455356,0.0139727080917574,0.0280688980370904,"","OsAlaAT2",""
"Os03g0183800",4.1688857789445,2.5653829041839,1.15084841902084,2.22912319449208,0.0258057090392869,0.0484018208074498,"","Os03g0183800",""
"Os03g0184100",2374.05849248244,10.0962486927245,0.905731363274207,11.1470675545857,7.40052063260765e-29,1.4236234449854e-27,"","Os03g0184100",""
"Os03g0184300",169.994327532929,1.65514516171134,0.258394902553485,6.4054868937236,1.49890261848556e-10,9.01853088349118e-10,"","Os03g0184300",""
"Os03g0184550",249.397695751186,1.8056526909035,0.330461142344747,5.46403936660059,4.65420251214564e-08,2.17088056557667e-07,"","OSJNBa0032G08.1",""
"Os03g0185600",537.409827305119,1.36649968881363,0.21610982329534,6.32317248691721,2.56246988134191e-10,1.50522323968726e-09,"","OsTHI26",""
"Os03g0188500",85.4341092834267,1.92346915762788,0.453910598961981,4.23755065871238,2.2597144393162e-05,7.53248280141765e-05,"","OsAGP3",""
"Os03g0190100",1027.23130282324,1.07582414347254,0.201036752400355,5.35138043480773,8.72858014620873e-08,3.95082262116576e-07,"","OsPPT1",""
"Os03g0190500",9.56873869241074,2.77189920841795,0.840532173936895,3.29779072636196,0.000974487343694683,0.00250907959209427,"","Os03g0190500",""
"Os03g0192600",45.7330094578204,1.20159322490994,0.497720610921865,2.41419221656178,0.015770140371785,0.0312614423547257,"","OsLTPG3",""
"Os03g0194100",327.481349176767,1.48826532683683,0.199444866814445,7.46203876092461,8.51938128705722e-14,6.73746281996224e-13,"","Os03g0194100",""
"Os03g0197800",157.857005983102,1.88400817357268,0.286212893911939,6.58254122594612,4.62474508944754e-11,2.90978438499852e-10,"","OsIDD1",""
"Os03g0197850",9.76027792040236,3.06800821334153,0.768799793379754,3.99064651130319,6.58934287378322e-05,0.000205415385485313,"","Os03g0197850",""
"Os03g0198600",7.39683236284078,6.04017993518748,1.30158363006342,4.64063913810378,3.47333214194495e-06,1.29489543305703e-05,"","HOX12",""
"Os03g0200200",203.993389591267,3.79842075232999,0.269025370438711,14.1191916068575,2.89290786578366e-45,1.07462635967799e-43,"","Os03g0200200",""
"Os03g0201000",93.603913837031,1.18043951610747,0.234713852171662,5.029270770283,4.92348712177815e-07,2.0440556370023e-06,"","Os03g0201000",""
"Os03g0201700",122.596865645784,1.1132157053043,0.287215515379335,3.87588986560853,0.000106235731094969,0.000321235380685873,"","Os03g0201700",""
"Os03g0202500",79.0264434753862,1.23596763385949,0.297788554536154,4.15048736773875,3.31768079331748e-05,0.000108203471128113,"","OsFbox132",""
"Os03g0204100",26.7730393040055,2.09564660495119,0.439024193125263,4.77341941006258,1.81124046603783e-06,7.00548002295023e-06,"","OsFH8",""
"Os03g0205700",8.53332430930799,2.57656492173475,0.764995620013607,3.36807800505958,0.000756941764583603,0.001989546345611,"","Os03g0205700",""
"Os03g0207250",254.993709385193,1.22470973940686,0.210827595712292,5.80905803753591,6.28253095579281e-09,3.20820835720689e-08,"","OsRPL51",""
"Os03g0208600",30.6651579520518,3.97393864455275,0.527306439954788,7.536298333268,4.83499753409818e-14,3.90217374274757e-13,"","OSJNBa0014O06.14",""
"Os03g0208800",8.15565746929611,2.51288786023915,0.726895020665931,3.45701619738296,0.000546192018464394,0.00147161063114139,"","Os03g0208800",""
"Os03g0211700",539.701469027636,1.57188305388703,0.152011924275478,10.3405246751462,4.62001085426969e-25,7.34724062491913e-24,"","Os03g0211700",""
"Os03g0211900",216.123979815811,1.7853710988702,0.225771136682455,7.90788018834006,2.61808595633393e-15,2.31921043046427e-14,"","Os03g0211900",""
"Os03g0212300",3.00705104928051,3.13678245873106,1.40784887134917,2.22806760197564,0.0258760073396931,0.0485189824319341,"","Os03g0212300",""
"Os03g0213100",119.956434167887,1.53860156026304,0.256500985725795,5.99842357685063,1.99242248857086e-09,1.07364619398261e-08,"","Os03g0213100",""
"Os03g0213200",39.9441378057031,1.91005107185047,0.359049847438755,5.31973787337781,1.03916863877255e-07,4.66524395051051e-07,"","Os03g0213200",""
"Os03g0213600",19.1654001161618,1.88885354924341,0.537492045885289,3.51419814247173,0.00044108366597008,0.00120626158849235,"","Os03g0213600",""
"Os03g0213800",56.8944502236954,1.12797588965447,0.369084597946271,3.05614456937776,0.00224203124275436,0.00535739300817096,"","Os03g0213800",""
"Os03g0215000",450.436536880999,1.23197384760844,0.18601190251324,6.62309148480833,3.51763158537894e-11,2.23764718333592e-10,"","Os03g0215000",""
"Os03g0215700",168.815018680751,1.14367621428695,0.292932689991101,3.90422869609292,9.45263639949069e-05,0.000288078686433187,"","MAP70.4",""
"Os03g0216300",57.827906001807,2.546637617764,0.329960787770362,7.71800078116055,1.18168477023487e-14,9.97907414863989e-14,"","Os03g0216300",""
"Os03g0216400",19.7589406887905,4.37341665528182,0.709794370367698,6.16152626431264,7.20471180121243e-10,4.05430716099569e-09,"","Os03g0216400",""
"Os03g0216900",6.89136112926328,2.72268306058022,0.845105358573748,3.22170843310613,0.00127428738151624,0.00320408143412096,"","Os03g0216900",""
"Os03g0218200",14.1796462157493,1.3843223097861,0.516643169530836,2.67945535995997,0.00737420350832316,0.0157332851395611,"","Os03g0218200",""
"Os03g0218500",3093.52698569756,1.67673665083045,0.174489182499148,9.60940172230239,7.29717407429063e-22,9.74149148915404e-21,"","Os03g0218500",""
"Os03g0221200",22.7570932661978,3.03394910521357,0.578517438925486,5.24435202999014,1.56832510148005e-07,6.90447601978876e-07,"","Os03g0221200",""
"Os03g0221600",3.45621723947923,3.35601709023695,1.36869907109162,2.45197586607575,0.0142074190470113,0.0284803577449676,"","Os03g0221600",""
"Os03g0223900",84.0276173672463,1.40147153931569,0.264852924046122,5.29150865282362,1.21311449752237e-07,5.40988803187757e-07,"","Os03g0223900",""
"Os03g0225200",81.0126783183663,1.31521052936373,0.347137082584311,3.78873533064363,0.000151416120350635,0.000447237542254198,"","OsSDS",""
"Os03g0230300",257.051550256181,1.94782586739301,0.369327767124699,5.27397623676465,1.33499200901673e-07,5.92460988848425e-07,"","OsSRO1c",""
"Os03g0231000",59.9833089686134,2.27289748251067,0.512351855511153,4.43620425701999,9.15589762269897e-06,3.22467200280899e-05,"","Oshox19",""
"Os03g0231150",246.546712742529,2.18592738086649,0.365368705862617,5.98279859712021,2.19335913120892e-09,1.17757008004254e-08,"","Os03g0231150",""
"Os03g0233800",112.740649833524,1.07272466783575,0.260431263540248,4.11903184453876,3.80467570619589e-05,0.000123049797640537,"","Os03g0233800",""
"Os03g0235000",6.98203407160656,2.47662600354693,0.840260658534632,2.94744967337401,0.00320406901554273,0.00741797962979838,"","poxN",""
"Os03g0235200",27.9383353026058,5.17718819870961,0.727651123636063,7.11493190973068,1.11968099381468e-12,8.09286347250473e-12,"","Os03g0235200",""
"Os03g0235400",9.36308639445409,1.4970255006034,0.591696212678027,2.53005760139622,0.0114043802442584,0.0233680391425729,"","Os03g0235400",""
"Os03g0238600",1164.31934202364,2.38373245542906,0.204987641035833,11.6286642618243,2.94672417778542e-31,6.4326858989418e-30,"","OsPAP3c",""
"Os03g0243800",76.8023492714639,1.02774534631362,0.238760824427801,4.30449739305706,1.6736526305669e-05,5.68835270611194e-05,"","Os03g0243800",""
"Os03g0244200",430.973706753612,2.33991672633303,0.342036726078256,6.84112713030024,7.85724871453747e-12,5.28588247081442e-11,"","Os03g0244200",""
"Os03g0245800",22.2563568803367,2.12287814230443,0.518986802619364,4.09042798697406,4.30577891157163e-05,0.000138084758079226,"","OsHSP26",""
"Os03g0247900",597.987047226717,2.54192243339947,0.258459233218196,9.8349066572272,7.96414271987205e-23,1.11547520729378e-21,"","OsACR9",""
"Os03g0248300",9.33390742753763,4.25498583916518,1.00499947029025,4.23381898692573,2.29755900203551e-05,7.65142733782714e-05,"","Os03g0248300",""
"Os03g0248400",20.3090404049403,1.55499005241063,0.512181772320297,3.0360120887672,0.00239729752581098,0.00568781392291665,"","Os03g0248400",""
"Os03g0250000",5648.21439643726,1.0320964115481,0.192998092352945,5.34770265843178,8.90776462815137e-08,4.030454422785e-07,"","OsSCS1",""
"Os03g0251700",52.4780471145685,2.73381354928646,0.308367021006351,8.86545370631625,7.61931683322625e-19,8.59279987149962e-18,"","Os03g0251700",""
"Os03g0258200",226.975414448632,3.91404473888344,0.716299865319056,5.46425446714281,4.648563048513e-08,2.16865838171732e-07,"","Os03g0258200",""
"Os03g0259100",8.40252712835875,4.72251495920354,1.18789574260723,3.97552982961151,7.02227407965072e-05,0.000217706312401784,"","OsUCL7",""
"Os03g0265400",6241.8984870152,1.14544603395021,0.215772220794406,5.30858898208969,1.10477147706907e-07,4.94274519453598e-07,"","Os03g0265400",""
"Os03g0265900",4162.79745292173,4.59911666804531,0.224397614522894,20.49539019309,2.36681724534227e-93,3.37026614297963e-91,"","Os03g0265900",""
"Os03g0266300",4021.23859051991,2.0032873177076,0.341584985989528,5.86468199679307,4.49994280366438e-09,2.33253311394126e-08,"","Oshsp17.9A",""
"Os03g0266800",430.903203734502,1.16006801316084,0.182702601662028,6.3494881988971,2.16032437015815e-10,1.27918808983627e-09,"","OsBAK1-10",""
"Os03g0268400",14.2257524862103,1.7423730451143,0.545933272620755,3.19154946675081,0.00141511876815597,0.00352385906719603,"","OsMPG3",""
"Os03g0268600",623.101410332102,4.60391236224321,0.197200031121385,23.3464078887965,1.49895721890759e-120,3.86871489717431e-118,"","OsPP2C30",""
"Os03g0268750",6.37380937513628,5.82208464888415,1.27503136184532,4.5662285831605,4.9657726930917e-06,1.8181904834747e-05,"","Os03g0268750",""
"Os03g0268900",918.770291823972,1.03617825093931,0.188023354974864,5.51090182960428,3.56999805834419e-08,1.68837262629498e-07,"","Os03g0268900",""
"Os03g0269500",39.0678884521245,2.52048857566879,0.477342154242696,5.28025558452417,1.29003807149177e-07,5.73640942163524e-07,"","Os03g0269500",""
"Os03g0270000",52.4743298862614,2.73550503532284,0.331630885941307,8.24864375209906,1.60202228363546e-16,1.55233891754539e-15,"","OSJNBa0071M09.20","OJ1261C08.1"
"Os03g0270700",776.074328750257,2.32836587157394,0.187656661413348,12.407584436586,2.37716773690561e-35,6.14171897990723e-34,"","OsDW1-03g",""
"Os03g0271200",2226.23003909528,1.14441930383328,0.140448246476121,8.14833458264544,3.68970316785383e-16,3.4973135191245e-15,"","TOC75",""
"Os03g0271300",10.6937198845984,2.92520526704281,0.777090920661487,3.76430246354284,0.000167014632236889,0.000489834462941928,"","Os03g0271300",""
"Os03g0271400",1537.67531604266,1.00424695926241,0.18058550739039,5.5610606508496,2.68139982380905e-08,1.28604420121016e-07,"","Os03g0271400",""
"Os03g0273200",133.693582630417,7.22485722372441,0.911320639629971,7.92789816179074,2.22885965630947e-15,1.98506310943133e-14,"","Lac",""
"Os03g0273800",3118.84340267965,1.09836919351868,0.187906333116919,5.84530162075617,5.05651212770838e-09,2.60630748883359e-08,"","Os03g0273800",""
"Os03g0275300",1109.31648079282,4.61445970074266,0.800791613100579,5.76237266381447,8.29396138435215e-09,4.19044619127433e-08,"","Os03g0275300",""
"Os03g0276700",478.41150688516,1.41889430948533,0.139862752656448,10.1449047908462,3.49118682203779e-24,5.27767760156378e-23,"","Os03g0276700",""
"Os03g0277300",3330.40082212116,5.8227157432095,0.222880436416142,26.1248400121483,1.90406928068999e-150,9.82856761826162e-148,"","HSP70",""
"Os03g0279400",145.29704645715,1.0727290715455,0.267042675063383,4.01706982335647,5.89262687384686e-05,0.000184812172219372,"","Os03g0279400",""
"Os03g0279801",3.1255718781701,3.17303115235545,1.38164858533382,2.2965544104609,0.0216442018844043,0.0414594812593649,"","Os03g0279801",""
"Os03g0281800",271.34457936897,1.16533121348796,0.190857518033291,6.10576531381222,1.02309247801104e-09,5.6709535408679e-09,"","Os03g0281800",""
"Os03g0281900",5.18107123688881,2.92941529299752,1.13194982917851,2.58793739570903,0.00965525268621549,0.0200981429728943,"","ABCG5",""
"Os03g0283500",96.3058361168366,2.88300011057859,0.27396582375855,10.5232107823763,6.75322461993646e-26,1.12147886332551e-24,"","Os03g0283500",""
"Os03g0286900",2917.83449088438,7.4559436350759,0.304031700601186,24.5235731021886,8.28060827373552e-133,2.81052919449788e-130,"","OsRCI2-5",""
"Os03g0288400",420.3752820638,1.38382204898214,0.214028539300661,6.46559591306739,1.00900379538635e-10,6.16677035971572e-10,"","Os03g0288400",""
"Os03g0290400",41.3436742096351,1.00301435422388,0.391233922047298,2.56372031590507,0.0103556954306534,0.0214265608087933,"","Os03g0290400",""
"Os03g0291500",4577.04052369711,7.81240112835668,1.04641699122381,7.46585844255062,8.27582796047751e-14,6.55112426123806e-13,"","ASN1",""
"Os03g0292900",115.473918045557,3.1808321409137,0.286469016747933,11.1035817311879,1.20515373741149e-28,2.2881298200647e-27,"","Os03g0292900",""
"Os03g0294001",72.93368959767,1.09574748745892,0.297143330255188,3.68760586521625,0.000226373923108476,0.000649174385747537,"","Os03g0294001",""
"Os03g0294100",9.43560265537193,2.05152128952697,0.711003489409916,2.88538849679851,0.00390930915710804,0.0088846957425854,"","SIP32",""
"Os03g0296200",339.529350185424,8.7843591829288,0.881739568846007,9.96253258138965,2.22325735384355e-23,3.19893423090486e-22,"","Os03g0296200",""
"Os03g0298300",890.719645050988,1.91497114837876,0.162630922293875,11.7749510447859,5.25475982514648e-32,1.17612632509173e-30,"","Os03g0298300",""
"Os03g0299800",265.294764207468,1.30868496004398,0.239376529773848,5.46705627857654,4.5757080855093e-08,2.13748716505777e-07,"","Os03g0299800",""
"Os03g0300200",275.976699894526,1.14885747800506,0.151742496469731,7.57109909704318,3.70079598469037e-14,3.01032902536682e-13,"","Os03g0300200",""
"Os03g0300300",218.553880152402,1.08931489370728,0.234442178479874,4.64641175393613,3.37758518948219e-06,1.26223873664857e-05,"","OsWD40-68",""
"Os03g0300400",148.969695332837,5.7954993434003,1.06594700164294,5.43694886750255,5.4200684063087e-08,2.50640229382439e-07,"","JIOsPR10",""
"Os03g0300600",2564.58262494129,1.2175596428508,0.207583848948008,5.86538716292783,4.48085903791199e-09,2.323613319011e-08,"","OsDjC28",""
"Os03g0300700",7.27072710452227,3.53628623671285,1.0233177290507,3.45570699727184,0.000548851585419953,0.00147830152537778,"","Os03g0300700",""
"Os03g0300900",13.604584210992,2.76148186156005,0.759082543092806,3.63792039046066,0.000274848346158313,0.000777831807283211,"","Os03g0300900",""
"Os03g0301700",15.2254108147288,3.71504367774108,0.757154650477456,4.90658503569701,9.26758187081459e-07,3.71858908523357e-06,"","OsPP2C33",""
"Os03g0301800",50.1373252993879,4.28952539637518,0.576857058541056,7.43602827227933,1.03757640318861e-13,8.1431835735838e-13,"","Os03g0301800",""
"Os03g0302100",21.9931010938911,2.14091398988956,0.482508766161858,4.43704682698218,9.12014591345596e-06,3.21299381910562e-05,"","Os03g0302100",""
"Os03g0303500",73.5860629635075,3.37631606582741,0.427104194382992,7.90513441504582,2.67644639587293e-15,2.3683682982337e-14,"","Os03g0303500",""
"Os03g0305400",110.062554766076,5.27948376558528,0.43684830546941,12.085393715588,1.26164352374935e-33,3.05270913944703e-32,"","Os03g0305400",""
"Os03g0305500",1200.21448332487,2.05100687177088,0.17202168168383,11.9229555931244,8.98630033255476e-33,2.0828209854042e-31,"","ASL1",""
"Os03g0305550",11.0269522785212,5.87655376494631,1.12402935719866,5.22811413003663,1.71247793666844e-07,7.51107555971567e-07,"","Os03g0305550",""
"Os03g0305600",1318.86156196723,5.45641709189318,0.217186490716683,25.1231882512021,2.77561750199922e-139,1.04199204313689e-136,"","Os03g0305600",""
"Os03g0307900",99.276707164693,1.10674811397176,0.199854829104303,5.53776017788472,3.06364376408981e-08,1.4620165936605e-07,"","Os03g0307900",""
"Os03g0308100",2283.39074060166,1.51189561326068,0.0980905406975746,15.4132661774395,1.33300656232355e-53,6.80987702983312e-52,"","OsClpP5",""
"Os03g0308850",141.56286292821,1.60925577649677,0.249398077759707,6.45255886072739,1.09977145657485e-10,6.69016385454334e-10,"","Os03g0308850",""
"Os03g0310633",23.4337885157469,1.94575368341633,0.460308665397737,4.22706290296549,2.36761496398884e-05,7.87414710909416e-05,"","Os03g0310633",""
"Os03g0314400",25.9361423301617,2.73111732757535,0.509261584943759,5.36289680651441,8.18977984568397e-08,3.715089257351e-07,"","Os03g0314400",""
"Os03g0314800",494.811823013987,1.39725689611309,0.2683483544359,5.20687707979539,1.92045215618646e-07,8.38024710705036e-07,"","OsNIN1",""
"Os03g0315400",153.558827634482,1.37320817615003,0.461346434664717,2.97652278845073,0.00291537414577059,0.00680363805309955,"","OsMYB2",""
"Os03g0316200",8335.50132270717,4.37028213500441,0.148990232915894,29.3326753671932,3.97493400461402e-189,4.1036224930134e-186,"","OsGolS1",""
"Os03g0317100",160.569816580099,1.15611795048586,0.220854120972635,5.23475833457103,1.65200866990962e-07,7.25998914763227e-07,"","Os03g0317100",""
"Os03g0318400",2.00272268909194,4.15351334039675,1.67835310043592,2.4747553654341,0.0133327466593498,0.0269339962477545,"","Os03g0318400",""
"Os03g0318500",4.62463159123189,2.69833991290801,0.987766555304038,2.73175873228209,0.0062997255066248,0.0136679771346447,"","OsG6PDH5",""
"Os03g0321700",9.51342326251674,2.98736001897236,0.794425218465699,3.7604043143821,0.00016963895432405,0.000496884309172124,"","OsWRKY55",""
"Os03g0321800",20.3196497374017,1.62693167817901,0.448684368258957,3.62600481156061,0.000287839992654821,0.000812186709715123,"","Os03g0321800",""
"Os03g0322800",582.569011446544,1.2172399027711,0.244437525554983,4.97975873388267,6.36635888870546e-07,2.60769175376848e-06,"","Os03g0322800",""
"Os03g0322900",67.5231069188809,7.23398018961882,0.984220992521179,7.34995518749125,1.98273317084755e-13,1.52329239609581e-12,"","LEA17","LEA1"
"Os03g0324900",473.004476146034,1.89635111504822,0.282367066194114,6.71590756177126,1.868992535494e-11,1.21639159579551e-10,"","Os03g0324900",""
"Os03g0327100",718.009634824289,1.26005185254892,0.321483263974948,3.9194943990836,8.87349232469403e-05,0.00027153083775342,"","ONAC039",""
"Os03g0327600",2648.84670631566,2.14719291200381,0.271323371689302,7.91377793455481,2.49693511989188e-15,2.21585105535677e-14,"","R40C1",""
"Os03g0327800",619.924638970147,1.52438364604528,0.34877084424143,4.37073130169691,1.2383110096047e-05,4.28454571777346e-05,"","NAC58",""
"Os03g0329500",561.954456271543,1.00902245632691,0.180730927555763,5.58300933865117,2.36392046487533e-08,1.1408425663852e-07,"","OsCel9D",""
"Os03g0330200",477.628292767334,5.04233070935217,0.247278547869693,20.3912986095717,1.99772444892189e-92,2.73467506469268e-90,"","Os03g0330200",""
"Os03g0332500",35.8856603264046,8.31659400230765,1.12583543264887,7.38704233418943,1.50130809849658e-13,1.1646183705839e-12,"","Os03g0332500",""
"Os03g0332900",122.505294382134,3.10029636887094,0.319457632912589,9.70487491754266,2.87428636277504e-22,3.90868239354979e-21,"","Os03g0332900",""
"Os03g0333050",5.68668432909855,2.76784096835729,1.01285480729162,2.73271247609369,0.00628151409721934,0.0136368242168408,"","Os03g0333050",""
"Os03g0333100",598.024064124055,1.29195625597295,0.232351413919443,5.56035461191932,2.69227051657436e-08,1.2910080624959e-07,"","Os03g0333100",""
"Os03g0334300",50.0211742300555,7.36002408808146,1.07073615300792,6.87379805697755,6.25146899123146e-12,4.24596072356749e-11,"","Os03g0334300",""
"Os03g0335401",53.0874727018899,1.02102702784425,0.375910544633819,2.71614362092143,0.00660472596052291,0.0142548166484213,"","Os03g0335401",""
"Os03g0336400",9.83698854587818,1.95978041590882,0.868874925956855,2.25553800364373,0.024099579643619,0.0456022059592139,"","OsEXPA6",""
"Os03g0336700",843.823698923442,1.44442969770068,0.168296571078459,8.58264484204671,9.271627679894e-18,9.78794712504192e-17,"","OsNTP6",""
"Os03g0339900",2643.4442654297,1.14414419411825,0.185909060504283,6.1543218550765,7.53994227971262e-10,4.23525617466424e-09,"","OsCIPK10",""
"Os03g0340500",1265.60070975878,4.05086995401896,0.273813797133851,14.7942506784592,1.59551269096605e-49,6.85130293657986e-48,"","SUS4",""
"Os03g0340601",8.33920217431276,4.73210298405745,1.24007579387738,3.81597883566571,0.000135644131365661,0.000403463942718726,"","Os03g0340601",""
"Os03g0341100",30.5422198133031,1.01768305485532,0.375645457770728,2.70915842000266,0.00674541229449085,0.0145230344473931,"","Os03g0341100",""
"Os03g0341300",505.942368872693,3.72631447608987,0.26679620617145,13.9668945430778,2.4821599619642e-44,8.90021380283457e-43,"","OsSWEET16",""
"Os03g0346200",3.17589527230757,4.82005389543393,1.50542066289317,3.20179868274864,0.00136572407857284,0.00341355245584577,"","RAA2",""
"Os03g0348900",147.557650826245,3.91975511047499,0.398085937493039,9.84650484053719,7.09691070002033e-23,9.96826283528365e-22,"","OsSRFP1",""
"Os03g0349200",91.3199082922358,1.11026900634132,0.314182365542214,3.5338361668556,0.000409574872826828,0.0011253090068785,"","OsCDKC",""
"Os03g0350100",1376.61521158808,1.68441064201513,0.226793522907168,7.42706678931303,1.11032304007568e-13,8.69484006446114e-13,"","BIP101",""
"Os03g0351300",2224.45231909206,1.2467829693971,0.25355328523478,4.91724241806857,8.77718336124581e-07,3.53096723723961e-06,"","Os03g0351300",""
"Os03g0352300",1021.27683193734,1.03283068676273,0.22520339486906,4.58621277606959,4.51358616528137e-06,1.66023046937614e-05,"","Os03g0352300",""
"Os03g0354500",141.711709567804,1.54869321838592,0.21921600838497,7.0646903471859,1.6097454722249e-12,1.14908278782243e-11,"","Os03g0354500",""
"Os03g0356300",2083.43951811468,1.26681752467817,0.157596528159169,8.0383593437967,9.10492927678039e-16,8.37700826924574e-15,"","Os03g0356300",""
"Os03g0356414",210.956148970994,2.33578523405559,0.289184994592203,8.07713151697038,6.63080219691339e-16,6.15554087796639e-15,"","OsDIS1",""
"Os03g0356498",31.7384714357062,1.28520278457365,0.446806242960414,2.87642083077947,0.00402213077721895,0.00911852267061523,"","Os03g0356498",""
"Os03g0358100",1768.79764828396,1.13330936753937,0.222793761560686,5.08680925175129,3.6413773942146e-07,1.53491676924898e-06,"","OsGpx2",""
"Os03g0363200",87.8613407603123,1.03205296008142,0.224771130881242,4.59157257444554,4.39918610802007e-06,1.6212796995153e-05,"","Os03g0363200",""
"Os03g0363600",35.7255376656245,4.50726926768755,0.595242598832662,7.57215507849542,3.67082874396146e-14,2.98889660825281e-13,"","Os03g0363600",""
"Os03g0363850",89.0126445299839,1.15254899112862,0.216586730349657,5.32142015010777,1.02960302202167e-07,4.62397572532732e-07,"","Os03g0363850",""
"Os03g0366700",30.8676931032406,1.08623609040959,0.36710957108713,2.95888796141407,0.00308751331054284,0.00716957050565323,"","Os03g0366700",""
"Os03g0367101",76.0035311883364,2.51750686720177,0.342088303006194,7.35923106717912,1.84972605957231e-13,1.42552605219357e-12,"","OsCYP75A11",""
"Os03g0367150",91.3007321288218,2.58208773573727,0.322774536544919,7.99966367662318,1.24759508447311e-15,1.13105244815186e-14,"","Os03g0367150",""
"Os03g0367200",3.78543743437622,3.49827857968623,1.35952327376943,2.57316564356186,0.0100772964540149,0.0209011530421168,"","OsCYP75A11",""
"Os03g0367900",1380.01348981978,1.25988811486128,0.235274582188604,5.35496908820906,8.55710449978781e-08,3.87603982068085e-07,"","Os03g0367900",""
"Os03g0369700",32.1148362991843,3.7884213382496,0.556448214884949,6.80821905239268,9.88143299505756e-12,6.58328220808123e-11,"","Os03g0369700",""
"Os03g0369800",1876.72710097245,1.29297315689636,0.108714072529248,11.8933375120181,1.28180071697647e-32,2.94612025644954e-31,"","OsNPSN12",""
"Os03g0370600",31.1040558588586,1.48537181091719,0.457109107969082,3.24949073431644,0.00115611844499718,0.00293044979147775,"","OsRCI2-3",""
"Os03g0373601",2.8465027572006,3.86175051334814,1.47182892957064,2.62377674182195,0.00869607667008108,0.0182778638957057,"","Os03g0373601",""
"Os03g0374600",281.544210313553,2.57794493577759,0.262083448457491,9.8363515550114,7.85063024525762e-23,1.10019833476667e-21,"","Os03g0374600",""
"Os03g0376600",1236.31916823441,2.67856804107968,0.214100823954799,12.5107787611559,6.51820355411853e-36,1.70901089376079e-34,"","Os03g0376600",""
"Os03g0376701",4.95411116693307,2.85413938894827,1.00983645672561,2.82633823520575,0.00470835185804643,0.0105230772133156,"","Os03g0376701",""
"Os03g0381500",746.228494143232,3.95557433630275,0.185483166204888,21.3257861467242,6.54447924540428e-101,1.11829353285091e-98,"","OsEnS-46",""
"Os03g0385400",1657.32953130992,1.76031619807282,0.246045096976992,7.15444534234076,8.40119114785389e-13,6.14211605400932e-12,"","OsLLA1",""
"Os03g0386000",1110.29903879388,3.50099870981093,0.223029776524483,15.6974497502876,1.57445355443818e-55,8.49896203013392e-54,"","SRWD5",""
"Os03g0386500",161.7744937336,1.43608923701066,0.310204701525148,4.629488946976,3.66569291099712e-06,1.36353210112259e-05,"","OsTPP9",""
"Os03g0388000",39.3271274067722,1.15603890338227,0.307638284868841,3.75778620621012,0.000171423245210376,0.000501814005975601,"","Os03g0388000",""
"Os03g0392250",16.1741154225879,1.22487768736187,0.443153196871992,2.76400507997617,0.00570966503878638,0.0125082555849699,"","Os03g0392250",""
"Os03g0395000",1439.13497400294,1.05518176174615,0.133331170416923,7.91399159286324,2.49265139941092e-15,2.21357974103221e-14,"","OsHO2",""
"Os03g0396100",4.44326229053717,3.08862006169647,1.13574334837603,2.71947008636486,0.00653866089247462,0.0141282289119075,"","Os03g0396100",""
"Os03g0397600",215.171545123843,7.8767471325011,0.649607045835865,12.1254028616114,7.7478258818832e-34,1.88758979228535e-32,"","Os03g0397600",""
"Os03g0397700",337.109530232498,3.15466228394786,0.298934698084965,10.5530147693033,4.91928359232294e-26,8.2022267541713e-25,"","Os03g0397700",""
"Os03g0398600",162.349122610391,1.16844057436737,0.270183254923234,4.3246224667008,1.52793304169204e-05,5.22102125061082e-05,"","Os03g0398600",""
"Os03g0399800",153.705292744861,1.2260989980303,0.438457066584929,2.79639465633473,0.00516762544383716,0.0114350500689429,"","Os03g0399800",""
"Os03g0399900",9.21271097548542,2.42942706455334,0.907381400686853,2.67740452109153,0.00741949958624849,0.0158258386061018,"","Os03g0399900",""
"Os03g0401300",79.5226506267478,2.19148391488363,0.359020050355907,6.10407110330232,1.03400250760053e-09,5.72758330668864e-09,"","SUS1","RSS2"
"Os03g0401951",127.630092601574,3.51907166387602,0.457723691093334,7.68820083459139,1.49218451540269e-14,1.24904918034231e-13,"","Os03g0401951",""
"Os03g0406200",932.505507654424,1.03177590354229,0.148148121381079,6.96448860723835,3.29598810651023e-12,2.29202069365714e-11,"","eEF-1beta2",""
"Os03g0406250",113.221514679513,1.70522108865105,0.248343288234999,6.86638685011474,6.58483587097417e-12,4.46137485302508e-11,"","Os03g0406250",""
"Os03g0406900",99.6635169788894,4.02465377076221,0.436267013794094,9.22520759880723,2.83012140601548e-20,3.48345345637583e-19,"","OSJNBa0002D18.12",""
"Os03g0408401",6.74394650821324,3.29256159671727,1.00669648513224,3.27065967284544,0.00107296950422767,0.00273958835596134,"","Os03g0408401",""
"Os03g0409100",4648.8050382974,2.18451816161518,0.23972450096411,9.11261949792205,8.04164376090373e-20,9.60043938748824e-19,"","Os03g0409100",""
"Os03g0411300",1048.87212611598,1.80127634672265,0.256798466220795,7.01435788628859,2.31007394526921e-12,1.62835567971366e-11,"","Os03g0411300",""
"Os03g0412300",42.3025347854845,1.55708492089694,0.386809545016286,4.02545630261368,5.68649398430492e-05,0.000178595844148971,"","Os03g0412300",""
"Os03g0412900",1133.63839235384,1.57903808926694,0.181258811193055,8.71151078876456,2.99851246891453e-18,3.28009463321392e-17,"","Os03g0412900",""
"Os03g0415500",12.058376299953,1.96362763069199,0.643054435676383,3.05359472192519,0.00226117325364048,0.00539844764939778,"","Os03g0415500",""
"Os03g0416500",195.643306471316,1.07794090047535,0.193758343412318,5.56332636567545,2.64680210364333e-08,1.27068040538598e-07,"","Os03g0416500",""
"Os03g0418700",118.713360497789,1.07955039781448,0.297336821767768,3.63073228332835,0.000282618221499841,0.000798452870479082,"","OSJNBb0028K20.10",""
"Os03g0423300",116.133526263528,2.89588390655655,0.727097375215087,3.98280066091547,6.8107879545276e-05,0.000211679494668001,"","Os03g0423300",""
"Os03g0428000",66.620574911479,1.39936835213061,0.257335532455182,5.43791344622932,5.3908149456334e-08,2.49333996468096e-07,"","Os03g0428000",""
"Os03g0432100",110.60586371852,2.97760351284648,0.895304435402397,3.32580002410933,0.000881651580697216,0.00228692223774444,"","osppdka",""
"Os03g0434400",11.0301060718361,5.86911359549117,1.16596184727592,5.03370981580864,4.81077732335133e-07,1.99994345202476e-06,"","Os03g0434400",""
"Os03g0448600",402.097079513534,1.70483208652606,0.294713744137831,5.78470505850838,7.26396651060794e-09,3.69188304068375e-08,"","OsWD40-76",""
"Os03g0559900",69.6499047291043,1.24531114943695,0.341333267708379,3.64837320955453,0.000263906087817932,0.000748746265643525,"","Os03g0559900",""
"Os03g0561400",6.05272408103551,2.21503695312575,0.954494410052136,2.32063899987089,0.0203063354856775,0.0391479983137746,"","Os03g0561400",""
"Os03g0563200",5.23747163096393,2.53124329465598,0.98216195561811,2.57721578419618,0.00995997521863411,0.0206785910836348,"","Os03g0563200",""
"Os03g0564200",170.752608927612,2.67994577928522,0.226880743621429,11.8121341481362,3.37874633940267e-32,7.63128514597811e-31,"","Os03g0564200",""
"Os03g0566600",6.55879011541495,2.67831867781426,0.969457743599005,2.76269769930487,0.0057325833130626,0.0125518042371644,"","OSJNBa0026A15.13",""
"Os03g0569900",879.384390329575,1.13520745673219,0.141754400562246,8.0082696003057,1.16333658618583e-15,1.05737309596208e-14,"","Os03g0569900",""
"Os03g0574600",3.01355242894298,4.74250178062072,1.36801016551214,3.46671530678667,0.000526859592145536,0.00142262424962837,"","Os03g0574600",""
"Os03g0582000",814.422570210773,2.32333027741283,0.250570356116175,9.27216736019498,1.82401171019009e-20,2.2733168080171e-19,"","OJ1785_A05.10",""
"Os03g0582200",1112.53166734972,1.19693260804606,0.230997864101819,5.18157435221338,2.20020850207706e-07,9.53551968794181e-07,"","SCAMP4",""
"Os03g0586400",420.97263648544,3.4586497392837,0.188690124623004,18.3297867135016,4.78778644741173e-75,4.42638003013136e-73,"","OSJNBa0010D22.22",""
"Os03g0586500",20071.9518816882,1.68811826830149,0.149547493928649,11.2881749065411,1.50121490277947e-29,3.00449124767099e-28,"","OSJNBa0010D22.23",""
"Os03g0596101",16.4260595916771,1.64623412438299,0.565969246762167,2.90869889804238,0.00362936227770929,0.00831327624616836,"","Os03g0596101",""
"Os03g0600400",149.55184054062,1.09495175738905,0.232975265438298,4.69986268855243,2.60336477225006e-06,9.85389076719213e-06,"","Os03g0600400",""
"Os03g0602600",891.554709388127,2.16904318495532,0.168292188724475,12.8885553238983,5.22127364900898e-38,1.50078303017976e-36,"","HSA1",""
"Os03g0607200",1649.31317980738,1.121441929002,0.195235427350264,5.74404934709961,9.24388296599911e-09,4.6523601106756e-08,"","Os03g0607200",""
"Os03g0609500",57.1625301408756,1.24272374339383,0.404650026352769,3.07110753110501,0.00213266330266377,0.00511925970258673,"","OsLBD38",""
"Os03g0610400",87.7477076912473,1.9886275805895,0.319731833102634,6.21967340972005,4.98190751444836e-10,2.85402826556039e-09,"","OSJNBb0007E22.5",""
"Os03g0610900",834.778971569673,1.67409076647142,0.145259373133196,11.5248381592309,9.88978610957975e-31,2.09614397294318e-29,"","SAPK10",""
"Os03g0616400",1193.73980957574,1.8661555702566,0.197243077987876,9.46119675931699,3.04438620464514e-21,3.93688710816768e-20,"","osACA3",""
"Os03g0616500",84.0258473236409,1.55808350244896,0.261387679054935,5.96081463396562,2.50983547350693e-09,1.34021968808365e-08,"","Os03g0616500",""
"Os03g0619800",7.34012209034967,3.05468167735778,0.909107028994382,3.36009026432976,0.000779170109642734,0.00204182948774384,"","Os03g0619800",""
"Os03g0622300",77.218022051023,1.4332305151884,0.30804094256071,4.65272733966504,3.27573270967553e-06,1.22639512462422e-05,"","Os03g0622300",""
"Os03g0622700",28.8248119492685,1.53902517345038,0.507142730820718,3.03469828101401,0.0024077642758595,0.00571045998496896,"","Os03g0622700",""
"Os03g0623100",1841.00859140687,10.552903098089,0.568013690245797,18.5786069584386,4.78772483581273e-77,4.70735945464015e-75,"","OsEnS-49",""
"Os03g0624300",107.764700263689,4.91360928956409,1.02667279191875,4.78595452050603,1.70176592479159e-06,6.59957024864004e-06,"","Os03g0624300",""
"Os03g0625800",163.15464871485,1.17227704951935,0.162702168734112,7.20504870119515,5.80231077762473e-13,4.28889779645608e-12,"","Os03g0625800",""
"Os03g0625900",201.57843104393,1.41037667440466,0.208467958615634,6.76543620310045,1.32908151570338e-11,8.75582364120783e-11,"","OsWD40-78",""
"Os03g0626100",5.88853746394358,5.71001072966002,1.28272960823985,4.45145313009128,8.5291150474497e-06,3.01496055504518e-05,"","Os03g0626100",""
"Os03g0626700",229.564448227031,1.07021319529347,0.171184125934243,6.2518249834951,4.05683873024044e-10,2.34139979546162e-09,"","Os03g0626700",""
"Os03g0635100",19.6457686854338,1.84512756865817,0.537501438229981,3.43278629120373,0.000597412788392768,0.00159988074556935,"","RGG1",""
"Os03g0639800",87.596435637696,2.0899694478701,0.255680716550324,8.17413794856425,2.97988721356009e-16,2.83862612419755e-15,"","OsVPS2",""
"Os03g0642900",4.14671361496305,3.66314956343355,1.25796523862958,2.91196405985284,0.00359163958256319,0.00823372075658476,"","Os03g0642900",""
"Os03g0643300",2115.79562193495,1.93837976743197,0.209361379293878,9.25853552345533,2.07255242857914e-20,2.57366303406665e-19,"","OsOAT",""
"Os03g0644600",33.3516786108031,2.50768383968973,0.655202300156863,3.82734285134433,0.000129534031154235,0.000386496229516916,"","Os03g0644600",""
"Os03g0644700",29.0051770079088,1.01771503703185,0.417733937755759,2.43627568901737,0.0148393698769744,0.0296130047875156,"","Os03g0644700",""
"Os03g0645900",297.45291168901,4.55497260985888,0.320035031143611,14.2327313156381,5.73955212260029e-46,2.1612292240375e-44,"","OsNCED1",""
"Os03g0647400",69.5204592768652,1.11100932649257,0.2598462964841,4.27564041329546,1.90588633275315e-05,6.43003072802624e-05,"","Os03g0647400",""
"Os03g0647500",93.7899034813002,2.63646499681992,0.293888215684003,8.97097895090397,2.93890622099486e-19,3.4058596556403e-18,"","Os03g0647500",""
"Os03g0650850",121.374384144331,1.58055051836976,0.23460621744348,6.73703593874505,1.61650208954114e-11,1.05817892397783e-10,"","Os03g0650850",""
"Os03g0650900",31.830068302948,1.39186761545696,0.46431319200148,2.99769129853308,0.0027203307053582,0.00638938609220402,"","OsNLA2",""
"Os03g0654600",1015.368617005,1.68491504600866,0.166941318346788,10.0928581533577,5.94139015377661e-24,8.82552900720163e-23,"","NOL",""
"Os03g0654700",60.7709648343042,5.65437383536259,1.1084499711156,5.10115384790144,3.37588997106554e-07,1.42713574156442e-06,"","OsEnS-50",""
"Os03g0655700",251.158351415624,1.09310444044131,0.16895898653835,6.46964368594387,9.82342808312133e-11,6.01123925945906e-10,"","Os03g0655700",""
"Os03g0656201",55.4155398556854,1.14608746727009,0.287756807942451,3.9828335442868,6.80984531384279e-05,0.000211676749894722,"","Os03g0656201",""
"Os03g0656900",3997.75899696217,1.68174455309583,0.160754169606953,10.4615921142682,1.29658435611416e-25,2.12189369824574e-24,"","NUS1",""
"Os03g0661700",3.24027062295753,3.23314805070833,1.332252699031,2.42682792315596,0.0152314783037132,0.0303051744905726,"","Os03g0661700",""
"Os03g0663400",97.7360796577102,2.3829290310143,0.798745147397159,2.98334085506429,0.00285120270256153,0.00666643855443683,"","OsLP",""
"Os03g0665800",167.841315690392,1.85405601004262,0.254714068963853,7.27896977809158,3.3637902180843e-13,2.53712725216057e-12,"","Os03g0665800",""
"Os03g0668900",194.123701802649,1.62401495284328,0.309323306689706,5.25021851803877,1.51918884710825e-07,6.7012537056794e-07,"","Os03g0668900",""
"Os03g0669100",107.575319966532,3.05194552344813,0.2935557304965,10.3964774194198,2.57268617824059e-25,4.14187429748325e-24,"","Os03g0669100",""
"Os03g0669300",471.65518331098,1.57232919217669,0.286962969482822,5.4792058885173,4.27238982760778e-08,2.0029707239099e-07,"","OSJNBa0039O18.8",""
"Os03g0670700",75878.9569485878,2.34964601843891,0.260166293553038,9.03132372126409,1.69607548541221e-19,1.98318368579794e-18,"","OsGRP3",""
"Os03g0674300",248.535778281494,1.49780432481962,0.217045919423105,6.90086378403561,5.16872774332099e-12,3.54065709970318e-11,"","OsCBSDUF2",""
"Os03g0676100",24.6923965831237,1.11691609845359,0.352404292049055,3.16941684211415,0.00152745159877123,0.00377475246985386,"","Os03g0676100",""
"Os03g0676300",345.723235588102,1.14965796555683,0.30646688219449,3.751328552451,0.000175900016900149,0.000513886890547693,"","Os03g0676300",""
"Os03g0678950",13.8488545774223,1.20669016691506,0.508438352742048,2.37332640310725,0.0176286776581282,0.0345367080205141,"","Os03g0678950",""
"Os03g0679700",9584.4351855381,2.54134290102136,0.182301657966436,13.9403169963997,3.60336225696642e-44,1.28646263171264e-42,"","OsTHIC",""
"Os03g0679800",73.7291519706437,4.33033191273912,0.379413272001827,11.4132325679906,3.59130043847504e-30,7.39664596542777e-29,"","Os03g0679800",""
"Os03g0685100",504.427549859079,2.6792747711157,0.215451419420877,12.435632952976,1.67409442568423e-35,4.34335472096106e-34,"","Os03g0685100",""
"Os03g0685200",12.9587339504536,2.22773745013349,0.64225140822437,3.46863770418582,0.000523104366020416,0.00141356275241442,"","Os03g0685200",""
"Os03g0689900",1236.59461314102,1.23865947804922,0.187200442489923,6.61675507586418,3.67169069936678e-11,2.33145772573579e-10,"","Os03g0689900",""
"Os03g0691800",78.7679474412034,1.44228449098193,0.287034810403035,5.02477204404851,5.04030860076001e-07,2.0883566254353e-06,"","Os03g0691800",""
"Os03g0693400",1032.09817625716,1.47785024271217,0.251696001584179,5.87156821487254,4.3169189576241e-09,2.2409449196114e-08,"","Os03g0693400",""
"Os03g0693800",47.1232541832013,2.26272534189417,0.566890719431923,3.99146654607723,6.56659526820053e-05,0.000204783550610704,"","Osoxo4",""
"Os03g0693900",59.6687162514041,2.99936493999422,0.456728257252466,6.56706672373953,5.13160566004051e-11,3.2180661462623e-10,"","OsOxO3",""
"Os03g0694000",460.508481980119,3.08979973974694,0.361504421508088,8.54705933293214,1.26264290401597e-17,1.31835243290365e-16,"","Osoxo4",""
"Os03g0694600",6.6804910510172,5.13405031684633,1.1740095571547,4.37309073470329,1.22499780091479e-05,4.24203640996029e-05,"","Os03g0694600",""
"Os03g0699000",12.0817527465546,4.21972239378094,0.881295164218137,4.78809207755561,1.68374396583801e-06,6.53377043720726e-06,"","OLE18",""
"Os03g0700400",340.327575189904,3.43889468579463,0.299373615955274,11.4869664610271,1.53404654387677e-30,3.21293924071299e-29,"","LOX-3",""
"Os03g0701200",2310.58397014947,3.29532247019894,0.353625709182866,9.31867334480162,1.17804011979685e-20,1.48013691928025e-19,"","Os03g0701200",""
"Os03g0701500",19.4024715447502,1.10650298893192,0.426155821829022,2.59647512072675,0.0094185726345893,0.0196566689830879,"","Os03g0701500",""
"Os03g0704000",4220.15851654745,1.16814837701986,0.202135887497299,5.77902514730574,7.51346968600989e-09,3.81087489069124e-08,"","OSJNBa0004L11.5",""
"Os03g0704901",17.0441336073781,2.10308987629429,0.522058909222287,4.0284531863028,5.61450374618703e-05,0.000176558648710846,"","Os03g0704901",""
"Os03g0708000",12.7083722702174,6.8205058125756,1.16025023291409,5.87847829639751,4.1405508249387e-09,2.1543558964617e-08,"","PLA2-III",""
"Os03g0708500",2541.25583824442,1.42373987991984,0.334237984375994,4.2596591245543,2.04738900283078e-05,6.87932700340903e-05,"","OsFKBP17-2",""
"Os03g0708750",12.3736439331896,2.11030385717281,0.735193265665375,2.87040694702625,0.00409943835085947,0.00927935172841634,"","Os03g0708750",""
"Os03g0708900",305.547831249633,1.67953312313928,0.311603790174766,5.38996371705651,7.0471910338068e-08,3.2203661424683e-07,"","Os03g0708900",""
"Os03g0709300",247.796574680053,3.74034331671456,0.308775612567847,12.1134673998669,8.96237422299043e-34,2.17706613846112e-32,"","OsUCL9",""
"Os03g0712200",79.682221741504,4.05620185922419,0.380015464467443,10.6737810391706,1.35017911908612e-26,2.30872243158018e-25,"","OSJNBb0033N16.15",""
"Os03g0712800",30.3033597007837,5.26298130404597,0.772434302849865,6.81350023507296,9.52522029284698e-12,6.34937807898493e-11,"","OsGS1",""
"Os03g0712900",294.700667882359,1.1730664183232,0.181628858129943,6.45859050374003,1.05682653328103e-10,6.44474305072704e-10,"","Os03g0712900",""
"Os03g0713000",1178.09950270797,2.44494754090058,0.192302911381758,12.7140432941595,4.94119916085722e-37,1.36031212898399e-35,"","OSJNBa0014G15.29",""
"Os03g0713600",37.5982767696329,1.25174331949695,0.316427117059236,3.95586614424901,7.62578530891726e-05,0.000235503032031713,"","Os03g0713600",""
"Os03g0716200",115.99233265824,2.71391419177009,0.313100675934811,8.66786436556635,4.40300781652338e-18,4.75974365924955e-17,"","Os03g0716200",""
"Os03g0717000",490.672387294519,1.67687421509548,0.207726942640244,8.0724926376046,6.88773266087471e-16,6.38209993038492e-15,"","OsTMK",""
"Os03g0717200",17.0567873936841,4.17148550468263,0.806499802637411,5.17233295165239,2.31189155789389e-07,9.99506842260284e-07,"","Os03g0717200",""
"Os03g0718800",2532.40093158245,3.23725411122175,0.234499142348653,13.804972072813,2.37864680674633e-43,8.24275971059493e-42,"","B1377B10.1",""
"Os03g0720800",134.515283346285,1.48848965520439,0.209564552705879,7.10277399486288,1.22277281609e-12,8.7969343972886e-12,"","OsMYB52",""
"Os03g0721200",2844.5709461258,1.12190121171163,0.151779924022788,7.39163113260741,1.45038424681196e-13,1.12617268828768e-12,"","Os03g0721200",""
"Os03g0722500",365.924989882271,4.24690777572119,0.214376376251564,19.8105213362575,2.41569911318195e-87,2.99268884636546e-85,"","Os03g0722500",""
"Os03g0723400",2174.29394912696,8.3658086648929,0.275254045128607,30.3930453083229,6.78753277588851e-203,9.34303886601054e-200,"","OsEnS-53",""
"Os03g0723600",1320.71467100455,1.46820356056888,0.173783744078809,8.44845165669276,2.95191441754652e-17,3.01357987324063e-16,"","Os03g0723600",""
"Os03g0724300",58.197922162024,1.21927091609319,0.38985631859545,3.12748789216988,0.0017630708163308,0.00430974798897281,"","Os03g0724300",""
"Os03g0724600",17.3320723861718,1.55550550241455,0.565867301868405,2.74888741102113,0.00597979224774381,0.0130435172570075,"","Os03g0724600",""
"Os03g0724700",312.101932926639,1.66791860597305,0.279004771260288,5.97810065555124,2.25754236606016e-09,1.21045503579036e-08,"","Os03g0724700",""
"Os03g0725400",109.017395533533,2.81767953114003,0.25921436303525,10.8700748606159,1.6006945597069e-27,2.86356744446627e-26,"","OsWDR5a",""
"Os03g0727800",56.9916922566933,1.72156167805587,0.438359983795819,3.92727835955424,8.59125300171456e-05,0.000263414769983271,"","OsFbox172",""
"Os03g0728500",93.8176417360797,2.15464931016386,0.337328571619475,6.38739048939626,1.68740364191785e-10,1.0113401073004e-09,"","Os03g0728500",""
"Os03g0728600",95.8582932357963,1.37452759186713,0.27476093467745,5.00263108174649,5.65531026380363e-07,2.32992388437417e-06,"","Os03g0728600",""
"Os03g0729700",186.767767080731,1.47698400367093,0.23762802173693,6.21552960326394,5.11518283567567e-10,2.92631921310404e-09,"","Os03g0729700",""
"Os03g0729800",7.45477891707316,3.1543107103615,0.948110756274628,3.3269432811369,0.00087804243346991,0.00227803742137005,"","OsSTA113",""
"Os03g0733200",1.94426599985552,4.1080380598383,1.85384548914092,2.21595493470277,0.0266945886597862,0.0499065738492057,"","Os03g0733200",""
"Os03g0733500",52.017566074514,1.79892894582526,0.391949296924691,4.58969810620915,4.43887537278487e-06,1.63469106883904e-05,"","Os03g0733500",""
"Os03g0734100",28.3633218040188,4.92354149853062,0.937352031812122,5.25260663169659,1.49961591909024e-07,6.62080962710244e-07,"","OSJNBa0027J18.17",""
"Os03g0734200",19.1824922795286,2.01915672655223,0.571940077284025,3.53036411810939,0.000414988118317245,0.00113866673394755,"","Os03g0734200",""
"Os03g0734300",46.2906504970543,2.12583509184083,0.555524697176257,3.8267157205548,0.000129864344813885,0.000387435144064253,"","OSJNBa0027J18.15",""
"Os03g0735200",28.2062769140319,3.16160539652298,0.554600346963167,5.70069134257675,1.1932251477083e-08,5.92238371089112e-08,"","Os03g0735200",""
"Os03g0738000",119.5466046836,1.27826188878491,0.248658237117913,5.14063762214625,2.73807685166999e-07,1.17271097932286e-06,"","OsWD40-88",""
"Os03g0739900",6.96875215714862,1.99737910951294,0.727371567129796,2.74602307785358,0.00603225201703568,0.0131440601729041,"","Os03g0739900",""
"Os03g0743200",62.5070253638468,2.4590260998279,0.426244234807382,5.76905421592182,7.97176571264152e-09,4.03424099391583e-08,"","Os03g0743200",""
"Os03g0743500",368.135833118868,1.26351555844369,0.276866816633654,4.56362222748983,5.02785157053395e-06,1.83901798587422e-05,"","OsCML4",""
"Os03g0744600",4408.18475564806,1.04911286148435,0.16737142773082,6.26817178838681,3.65311642355866e-10,2.11875621784908e-09,"","Os03g0744600",""
"Os03g0745000",333.255479196977,8.74435721142273,1.05916797098298,8.25587390384116,1.50794765165863e-16,1.46404463029569e-15,"","HSfA2a",""
"Os03g0745550",176.447617547338,1.17562937874153,0.318335729896306,3.69304877942692,0.000221581499541247,0.000636167417628446,"","Os03g0745550",""
"Os03g0747800",302.441450801714,1.02821391308254,0.170948861273414,6.01474561119202,1.80169405708515e-09,9.75963569138585e-09,"","RCS3",""
"Os03g0748300",5031.20976017668,2.65539115262141,0.278285897915709,9.54195369765275,1.40166448687725e-21,1.8414125658196e-20,"","OSJNBa0069E14.14",""
"Os03g0751400",913.307114420131,2.60265860178708,0.227022102838795,11.4643401203767,1.99272669705472e-30,4.15254746618374e-29,"","OSJNBa0047E24.13",""
"Os03g0756500",43.5632909360797,2.39416477455877,0.392054141325483,6.10671976698018,1.01699570157082e-09,5.63842078716049e-09,"","Os03g0756500",""
"Os03g0758100",1692.49768683925,1.6208034917075,0.232100970582034,6.98318274000774,2.88566661016782e-12,2.01915169726427e-11,"","Pho1",""
"Os03g0758400",1028.20245255555,1.28761830758112,0.180317850652707,7.14082550851317,9.2772059418234e-13,6.7467370595996e-12,"","Os03g0758400",""
"Os03g0758700",58.2650415411838,1.53803254610166,0.312959080108793,4.9144844928832,8.90163703349433e-07,3.57812882509554e-06,"","Os03g0758700",""
"Os03g0758900",1537.84416399908,1.64533594255045,0.19094371440325,8.61686360136321,6.88130258788073e-18,7.3364042263305e-17,"","OsWRKY4",""
"Os03g0760000",203.241739075354,10.0956315073282,1.19921050733173,8.41856491884081,3.81123958820148e-17,3.86379227810425e-16,"","OsCYP81A5",""
"Os03g0761000",233.286425297101,4.67876188260316,0.293789648221493,15.9255505118266,4.21289431851842e-57,2.45030240680589e-55,"","Os03g0761000",""
"Os03g0761200",76.3591932307708,1.10700741858921,0.220370806272476,5.02338507225162,5.07686098328206e-07,2.1027981374587e-06,"","Os03g0761200",""
"Os03g0761300",30.9487880353571,3.46013762049192,0.451693012048996,7.66037447600937,1.8539171047591e-14,1.54090922860168e-13,"","Os03g0761300",""
"Os03g0761900",167.691055923405,2.32491604656784,0.198062161737654,11.7383150126744,8.10858475043704e-32,1.80346862084002e-30,"","Os03g0761900",""
"Os03g0762900",30.8984754854963,1.98134192814617,0.435245829581993,4.55223644543368,5.30786329807621e-06,1.9364957130115e-05,"","Os03g0762900",""
"Os03g0765400",5812.98976945474,7.52275524354782,0.280884490050329,26.78238033791,5.1839718974775e-158,3.05817313580476e-155,"","OSJNBa0079B15.20",""
"Os03g0766600",229.443438229127,2.72584681322366,0.216306066319192,12.601804746434,2.06367772562509e-36,5.53373842075895e-35,"","OSJNBa0079B15.10",""
"Os03g0766800",3246.86536991404,2.08868624455017,0.234482496966156,8.90764245337954,5.21291994804729e-19,5.95484174978182e-18,"","OSJNBa0079B15.9",""
"Os03g0767600",5.15524200009451,2.87029774653149,1.10847843351444,2.58940332959946,0.00961424129671464,0.0200211847880903,"","Os03g0767600",""
"Os03g0767700",130.441462757578,4.59538433966515,0.343005260018869,13.3974165277009,6.2604682942938e-41,2.02765520166951e-39,"","OSJNBb0106M04.20","OSJNBa0079B15.3"
"Os03g0767800",5936.63621406237,2.96024187760521,0.186452019730256,15.8766951513202,9.18942714727317e-57,5.27051936175897e-55,"","Oscor413-pm1",""
"Os03g0767900",851.276748651085,2.2085785984216,0.219090730750232,10.0806574101002,6.72744867498854e-24,9.96925812321716e-23,"","Os03g0767900",""
"Os03g0769500",34.5954362040085,3.37257377278041,0.465151484171455,7.25048481525918,4.15282437168376e-13,3.11235721286172e-12,"","OSJNBb0106M04.8",""
"Os03g0769600",3634.67554764115,2.4451477966256,0.213088943161975,11.4747755577678,1.76635401598525e-30,3.68702219495084e-29,"","CCS1",""
"Os03g0770000",9.74156723880158,5.69065797322972,1.14614241933454,4.96505310093467,6.86822750920911e-07,2.79983667317661e-06,"","OsbZIP32",""
"Os03g0775300",488.275070327626,1.02983969336861,0.129830205453923,7.93220414130903,2.15290155714093e-15,1.91948333505869e-14,"","Os03g0775300",""
"Os03g0775400",135.693913977986,2.20645883874445,0.217833965683928,10.129085387657,4.10470765346386e-24,6.19003904624918e-23,"","Os03g0775400",""
"Os03g0777100",45.8580304275749,1.96244231710488,0.422142141785759,4.64877140387666,3.33918034845426e-06,1.24826299779196e-05,"","Os03g0777100",""
"Os03g0777500",87.7083351401822,1.48489287439255,0.294385191340761,5.0440474523521,4.55786187811229e-07,1.90150098929093e-06,"","OSJNBa0010I09.2",""
"Os03g0777600",46.8652227861545,1.64533670348316,0.361279066576755,4.55419883325458,5.25856010025294e-06,1.91943641137253e-05,"","Os03g0777600",""
"Os03g0780500",1726.9612658381,2.11703962074722,0.198082086083655,10.6876884356576,1.16231747810806e-26,1.99299239827566e-25,"","OsCBSIMPDH1",""
"Os03g0781100",67.9596207534792,1.50019236851182,0.356395213462353,4.20935049586544,2.56105839089649e-05,8.48673849822687e-05,"","Os03g0781100",""
"Os03g0787400",23.8870840275228,1.99349036912299,0.81945782785425,2.43269427829244,0.0149869490460924,0.0298762278956498,"","Os03g0787400",""
"Os03g0792400",4385.17955276151,1.32074896244112,0.127435997067848,10.3640179606234,3.61452085926572e-25,5.77414463765485e-24,"","Os03g0792400",""
"Os03g0792800",21.9221276964775,2.24808597046627,0.538232470212708,4.17679366237016,2.95646983312548e-05,9.71517945031168e-05,"","OSJNBb0060J21.19",""
"Os03g0794300",83.6276254958558,1.23226173113738,0.303912669248127,4.05465732700767,5.02078496562159e-05,0.00015930335394187,"","Os03g0794300",""
"Os03g0796000",1111.27643077412,1.40003072636047,0.207680052025329,6.7412864774789,1.56990318897986e-11,1.02903416172894e-10,"","SI2",""
"Os03g0796301",200.356632083096,6.44145866077641,0.485747234718384,13.260927083838,3.90043847627601e-40,1.22953135021235e-38,"","Os03g0796301",""
"Os03g0799300",3.7111761404978,5.04655450931036,1.49948331675585,3.36552894781693,0.000763970504753543,0.00200539222335825,"","OSJNBa0052F07.21",""
"Os03g0801800",403.056356101952,1.11379665507497,0.168879023827833,6.59523385337926,4.24586068406695e-11,2.68161331045442e-10,"","Os03g0801800",""
"Os03g0802200",185.412537056346,1.57396839962277,0.261236157554769,6.02507866581517,1.69027391516057e-09,9.17614303153666e-09,"","OsFbox176",""
"Os03g0802600",7.60923851321552,2.61877184812824,0.799480154645644,3.27559331261821,0.00105440275573955,0.002697185327169,"","Os03g0802600",""
"Os03g0803066",24.8850180694082,5.33662567111746,0.850056345260468,6.27796698521468,3.43028728765104e-10,1.99559117459802e-09,"","Os03g0803066",""
"Os03g0803100",10.5741388679765,6.55308026602968,1.15642149597509,5.66668839072743,1.45583750680145e-08,7.17265577769327e-08,"","Os03g0803100",""
"Os03g0805100",614.302675141012,2.5178168402432,0.238799560316224,10.5436410222407,5.43529400837801e-26,9.04434383113378e-25,"","Os03g0805100",""
"Os03g0806300",2.33342299580942,3.56972821573653,1.48303933700046,2.40703542156645,0.016082609900374,0.0318095973099359,"","Os03g0806300",""
"Os03g0806400",177.606768825154,2.26540670101217,0.196569913449735,11.5246868722433,9.90717261696467e-31,2.09803432419259e-29,"","Os03g0806400",""
"Os03g0806500",2200.45125772006,1.20051179539636,0.132857043722179,9.03611703047357,1.6233587397473e-19,1.90264709057326e-18,"","OsAPRL5",""
"Os03g0806600",1982.06758808575,1.17510340122144,0.505660668960716,2.32389717720509,0.0201310055981507,0.038852307657375,"","Os03g0806600",""
"Os03g0807000",249.483472367835,3.86541980329521,0.343469814464437,11.2540306033078,2.21245358118521e-29,4.4065886158381e-28,"","Os03g0807000",""
"Os03g0807500",10.8546200277325,3.43152861009604,0.825230571211172,4.15826646492224,3.20671837012903e-05,0.000104722368599825,"","OsSCL1",""
"Os03g0808100",385.145065427932,3.55643021263338,0.234051730779873,15.1950605141144,3.81311299417051e-52,1.81338772853288e-50,"","OsCesA2",""
"Os03g0808200",9.17573084927034,2.02562712134816,0.693117774658196,2.92248618547847,0.00347249024952708,0.00798643747447624,"","Os03g0808200",""
"Os03g0808300",1503.64311266208,2.14204713515109,0.1618093432948,13.2380930021359,5.28743718884619e-40,1.6583143193423e-38,"","OsREM4.2",""
"Os03g0808350",58.7208003517842,3.65323326318629,0.396534827159918,9.21289383167593,3.17448944309741e-20,3.89377846196161e-19,"","Os03g0808350",""
"Os03g0808400",3.89987452532146,5.1153349674054,1.33513917394699,3.83131217121229,0.000127461660772486,0.000380633671081101,"","Os03g0808400",""
"Os03g0809200",28.5435778384943,1.14061593589542,0.367232117103944,3.1059808844894,0.00189648975052302,0.00460724841148239,"","OsbZIP34",""
"Os03g0809400",396.521270353985,2.37171878734985,0.197217329116705,12.0259147508603,2.59695895374002e-33,6.16329999969506e-32,"","Os03g0809400",""
"Os03g0809900",182.015753329954,2.73924873885633,0.212004862554514,12.920688260874,3.44050057898072e-38,9.9818832371669e-37,"","OsY14b",""
"Os03g0811400",39.6217947595124,1.1445389193234,0.497403174841939,2.30102857644023,0.0213900158810262,0.0410138077297775,"","OsbHLH041",""
"Os03g0812000",593.279308964523,1.84938069998248,0.229903536547643,8.0441594233555,8.68394109303385e-16,7.99264518804234e-15,"","Os03g0812000",""
"Os03g0812300",45.2284593191333,2.35305529575556,0.36959297493948,6.36661261253916,1.9324843079828e-10,1.15016006963463e-09,"","Os03g0812300",""
"Os03g0815100",2996.93845929995,1.66967509804148,0.348506546786362,4.79094327907994,1.65999052650131e-06,6.44967622316495e-06,"","SNAC1",""
"Os03g0815800",7059.38067012305,1.31827274621305,0.130040426751046,10.1374071059979,3.76972683309988e-24,5.69527571608022e-23,"","OsERF#058",""
"Os03g0815900",2880.7363656113,1.01712222749323,0.139277478734348,7.30284778799917,2.81739852583053e-13,2.13803011560499e-12,"","Os03g0815900",""
"Os03g0816400",36.6159564672883,2.07457303380032,0.424671040577885,4.88512951336939,1.03360889053518e-06,4.11996902844115e-06,"","Os03g0816400",""
"Os03g0816600",58.4845120561616,4.04127004661373,0.388133075387206,10.4120733400062,2.1841217676451e-25,3.52776955912272e-24,"","Os03g0816600",""
"Os03g0816800",34.4232317370479,1.19418423122161,0.444622455996415,2.6858387720103,0.00723479903811919,0.0154598202473031,"","Os03g0816800",""
"Os03g0817200",1277.089382696,1.1030267919345,0.327659812547575,3.36637802285974,0.000761622572386697,0.00200015164660557,"","OsANT2",""
"Os03g0817800",113.291597394706,1.58816026846849,0.339715622254345,4.67496978187078,2.93996905746626e-06,1.10699189989554e-05,"","OsTBL6",""
"Os03g0818100",869.634814295675,2.3129692451001,0.217122392989665,10.6528360030105,1.6913241486026e-26,2.87617971379044e-25,"","Os03g0818100",""
"Os03g0820300",1043.53976285197,6.9264747927381,0.374308741154332,18.5047102329952,1.89193605261775e-76,1.80990345852162e-74,"","ZFP182",""
"Os03g0820400",72.8880408680314,3.20804332391309,1.22133946735328,2.62665983509492,0.00862274854696372,0.0181368411708173,"","ZFP",""
"Os03g0820500",4493.70173222491,5.83046795400229,0.327803618851682,17.7864660995105,8.99787002195134e-71,7.66117613518517e-69,"","OsADF3",""
"Os03g0821275",14.8034019042876,1.92759813611686,0.632681629483977,3.04671108862294,0.00231359966805319,0.00550557615975355,"","Os03g0821275",""
"Os03g0821700",67.3523982562549,1.85573594464654,0.299501671488271,6.19607875784164,5.78871692262257e-10,3.29338781152283e-09,"","OJ1754_E06.32",""
"Os03g0822400",15.5222632937104,3.523269168575,0.771799463329139,4.56500598403821,4.99480092503854e-06,1.82800860442659e-05,"","Os03g0822400",""
"Os03g0824100",3973.20483188669,1.56141541028609,0.20842407587039,7.49153092686406,6.80748382696928e-14,5.42867804251104e-13,"","OspTAC2",""
"Os03g0824300",221.379158221412,1.5609710781615,0.199560451206569,7.82204624575493,5.19715077242133e-15,4.49929436367167e-14,"","Os03g0824300",""
"Os03g0826500",312.550755012438,2.10917591897011,0.221140572863005,9.53771572382031,1.46012930001205e-21,1.9151733015563e-20,"","OASA1",""
"Os03g0826700",754.087092548821,1.58753494576421,0.159001483777565,9.98440334044364,1.78370955124757e-23,2.57696627121056e-22,"","Os03g0826700",""
"Os03g0826800",21871.1846406254,9.37647864557889,0.326162572214308,28.7478682238806,9.63075744122837e-182,9.1777414277429e-179,"","OJ1111_B11.6",""
"Os03g0826900",12214.1676118097,8.86646334612785,0.334383145173954,26.5158799840683,6.35849256654842e-155,3.66382256561326e-152,"","OsEnS-58",""
"Os03g0827650",2.08318052135375,4.21254553642645,1.50817052103597,2.79314936717689,0.00521975833569272,0.0115318726958055,"","Os03g0827650",""
"Os03g0828100",3811.91132334418,2.36414400686744,0.183153114252388,12.9080196998977,4.05598188732237e-38,1.17400774792274e-36,"","RPL18",""
"Os03g0828300",1333.00969715586,5.84685475461175,0.328063258367233,17.8223394588942,4.74115986125096e-71,4.05074889249018e-69,"","Os03g0828300",""
"Os03g0831100",666.44540092843,1.2878660083311,0.1574134068257,8.1814251676614,2.805062770082e-16,2.67414545033943e-15,"","OSJNBb0027B08.11",""
"Os03g0831500",311.781163063028,1.33104871958412,0.229817085577189,5.79177442896019,6.96466426064273e-09,3.54631085873294e-08,"","OSJNBb0027B08.7",""
"Os03g0832200",11.7951947307466,2.47507914542847,0.651456212699929,3.79930238928972,0.000145103958799629,0.000429949866919206,"","CRT",""
"Os03g0832600",1403.60193265313,1.33051910004612,0.171603079513756,7.7534686662745,8.94158610367782e-15,7.61325357013146e-14,"","Os03g0832600",""
"Os03g0834000",1507.05687632082,1.10909127005992,0.136982603891451,8.0965848111545,5.65235750482171e-16,5.28883919550481e-15,"flap endonuclease 1-B-like [Source:NCBI gene (formerly Entrezgene);Acc:4334691]","OsFEN-1b",""
"Os03g0834300",10.6132349803162,1.76525827238992,0.61058538411584,2.89109159556138,0.00383906211066616,0.00874108085976618,"","Os03g0834300",""
"Os03g0835300",11.1894148261864,2.66325870979031,0.757813610984461,3.51439809365594,0.000440751746768121,0.0012054869223616,"","Os03g0835300",""
"Os03g0835400",403.935076278869,1.75275283608003,0.244951716559664,7.15550338122698,8.33664340005927e-13,6.0967241299666e-12,"","ETFA",""
"Os03g0837000",5.89590784255855,5.71184818767825,1.22181953407583,4.6748705748911,2.94139058634748e-06,1.10708240382464e-05,"","Os03g0837000",""
"Os03g0837700",27.4002667297288,1.43370363341554,0.469837368147577,3.05148915478603,0.00227709274413517,0.00543279026686925,"","OsDjC42",""
"Os03g0837800",153.560648648654,1.0196651721342,0.209244149622204,4.87308808382567,1.09867207149768e-06,4.36288710566508e-06,"","OSJNBa0042I09.19",""
"Os03g0839600",40.860758733267,1.44410496772648,0.401079373063753,3.60054658681472,0.000317548922979342,0.000889029340639453,"","Os03g0839600",""
"Os03g0842700",383.939390662524,1.29383921210866,0.13863185051062,9.33291453113476,1.02998882340539e-20,1.30137853531439e-19,"","OSJNBa0075M12.27",""
"Os03g0844000",467.131240852148,2.10334533377019,0.257530291145008,8.1673706204365,3.15183470946256e-16,2.99896346376167e-15,"","OSJNBa0032G11.12",""
"Os03g0844450",176.260086766853,1.2801190100436,0.208126706046472,6.15067155176984,7.71555523522271e-10,4.3309540567085e-09,"","OSJNBa0032G11.15",""
"Os03g0844600",5.20939962530327,2.30049899671396,0.941821484290831,2.4426061998853,0.0145816387053337,0.0291526879853186,"","OsGELP54",""
"Os03g0848200",3.18010873672195,2.53765358381238,1.1389975282586,2.22797110691905,0.0258824417828706,0.048523703091267,"","OsPAP15",""
"Os03g0849700",114.162498298469,1.25922908419822,0.260333530143851,4.8369838625951,1.31824125825225e-06,5.18198693569982e-06,"","Os03g0849700",""
"Os03g0850100",13.1922957795769,2.36858836405507,0.565858168548755,4.18583400524153,2.84120934784749e-05,9.35984286993717e-05,"","Os03g0850100",""
"Os03g0852300",174.40352955741,2.06027510449171,0.269844848653695,7.63503589107146,2.25757525735924e-14,1.86826794093487e-13,"","OsDPB3-2",""
"Os03g0852400",16.2874800603664,4.62157864364364,1.04847270052543,4.40791509528821,1.04370441343198e-05,3.6448011630168e-05,"","OsAGP31",""
"Os03g0852900",148.817684795724,1.56254417873528,0.282535767008315,5.53042963473468,3.19447420244857e-08,1.52064336818575e-07,"","Os03g0852900",""
"Os03g0853600",83.0426436350985,1.45731332519719,0.221727329014443,6.57254715363599,4.94617159494766e-11,3.10570941733447e-10,"","Os03g0853600",""
"Os03g0854400",149.845133612129,1.1408195269713,0.268484865592686,4.24910180487423,2.14629366533982e-05,7.18728451765439e-05,"","Os03g0854400",""
"Os03g0854600",331.81269566534,1.38705673431667,0.302916612446793,4.57900516948473,4.6719265321324e-06,1.71567101951452e-05,"","OsXTH24",""
"Os03g0856100",2852.85916588734,3.25778239990029,0.290865450518352,11.2003072007851,4.06322050515018e-29,8.00273564833911e-28,"","Os03g0856100",""
"Os03g0858700",554.577448014432,1.08948331372122,0.188043372003552,5.7937873699725,6.88165754224811e-09,3.50620664043351e-08,"","Os03g0858700",""
"Os03g0859500",121.721975165187,1.39176632417688,0.306076546115872,4.54711849646264,5.43853811551233e-06,1.98046235873088e-05,"","OsABCG7",""
"Os03g0859800",1213.70176031196,1.98649962799938,0.201822436297354,9.84280868095646,7.36261428516087e-23,1.03356087333389e-21,"","Os03g0859800",""
"Os03g0859900",99.5792065320583,3.07416769091846,0.537177832026211,5.72281190257393,1.0477524757219e-08,5.23601514541377e-08,"","Os03g0859900",""
"Os03g0860600",785.240298704533,1.62626831585453,0.273437965726274,5.94748542520432,2.72293003070167e-09,1.44839066918624e-08,"","Os03g0860600",""
"Os04g0103601",41.3666283337704,1.98755819755425,0.329066465673698,6.0399901080322,1.54123676041983e-09,8.39095214522571e-09,"","Os04g0103601",""
"Os04g0105300",59.2948358721035,2.83228235132783,0.340876241815738,8.30882884721205,9.66512058181406e-17,9.51799255387945e-16,"","Os04g0105300",""
"Os04g0105400",232.237071556965,1.20756221871278,0.193430539342661,6.24287262402548,4.29606746775511e-10,2.47198475728213e-09,"","Os04g0105400",""
"Os04g0105700",4131.32048862638,1.77935377705579,0.122556396392828,14.518652876774,9.23064720950049e-48,3.69479395653948e-46,"","Os04g0105700",""
"Os04g0106000",152.272758942259,1.24912139208344,0.238584106962513,5.23555993727487,1.64485434368216e-07,7.23111356873898e-07,"","Os04g0106000",""
"Os04g0106300",635.845707524972,1.13855930127851,0.199607629130275,5.70398689789267,1.17037077147563e-08,5.8182737971211e-08,"","OsARG",""
"Os04g0108101",62.6474936058033,5.06427520044609,1.24665671876085,4.06228525000843,4.85946453915538e-05,0.000154422153246957,"","Os04g0108101",""
"Os04g0110500",61.868159003382,1.26695379952809,0.358708380835966,3.53198828690724,0.000412447623997223,0.00113257395320616,"","Os04g0110500",""
"Os04g0113800",1125.19899173613,1.01933153538024,0.192502147857214,5.29516967330833,1.18905952893086e-07,5.30739109139253e-07,"","Os04g0113800",""
"Os04g0116900",28.1248443866924,1.26384356762777,0.422337008029542,2.99250016834746,0.00276702514468269,0.00649106059551251,"","Os04g0116900",""
"Os04g0118100",1815.75620840068,1.82898828489045,0.168784956657182,10.836204369832,2.31893663382035e-27,4.10989220144255e-26,"","OsAMI1",""
"Os04g0119000",216.741502224703,1.92423921880902,0.319862785739747,6.01582711273782,1.7897050328223e-09,9.69893298299172e-09,"","Os04g0119000",""
"Os04g0119400",2373.93863879213,2.16236322007108,0.304221366633207,7.10786110785634,1.17855070800863e-12,8.48864851521214e-12,"","Os04g0119400",""
"Os04g0127600",4.78358564115072,5.41051229438963,1.31989821303152,4.09918904425431,4.14600292653949e-05,0.000133375116217695,"","OsSub39",""
"Os04g0129900",79.6501232609254,1.51141443953047,0.315637639730284,4.78844804701363,1.68076062463199e-06,6.52321522501671e-06,"","Os04g0129900",""
"Os04g0132300",558.376173226329,1.2653511651332,0.156489266909824,8.0858655045164,6.17242726719177e-16,5.74940715786505e-15,"","Os04g0132300",""
"Os04g0136700",5367.0488702651,1.62513773238472,0.187955342089411,8.64640352500134,5.31479331621211e-18,5.69323968853382e-17,"","OsCBSX5",""
"Os04g0149400",13.266313578244,1.60300478520338,0.683255259178327,2.34612871788375,0.0189695551271235,0.0368836747535698,"","Os04g0149400",""
"Os04g0162701",30.9897076486396,1.14227531700727,0.428358187020369,2.66663589402331,0.00766146253318464,0.0162956526040618,"","Os04g0162701",""
"Os04g0166600",17.7160570748569,1.79392364636207,0.562403038317112,3.18974743047274,0.00142397183290377,0.00354198876657532,"","Os04g0166600",""
"Os04g0167875",107.374440032345,6.11334890125622,0.51977048404024,11.7616315065381,6.15336161597247e-32,1.37600939313132e-30,"","Os04g0167875",""
"Os04g0167900",98.1055955142438,5.38353799730095,0.443548472079399,12.1374287956903,6.68952182731546e-34,1.63619232295553e-32,"","OsPP2C37",""
"Os04g0182701",192.905812568333,1.01367411453009,0.204850488889217,4.9483607289719,7.48411114099586e-07,3.03629958660292e-06,"","Os04g0182701",""
"Os04g0183500",9.14924561570542,2.66459776257432,0.753719423686178,3.53526481982209,0.00040736668249078,0.00111986289715678,"","Os04g0183500",""
"Os04g0191600",96.7799662458772,1.44450610058245,0.266836757787281,5.41344495623799,6.18236051927282e-08,2.84193592923975e-07,"","Os04g0191600",""
"Os04g0192350",53.4036754739711,1.60310503779612,0.419357273144917,3.82276674438918,0.000131962600514485,0.000393316173817802,"","Os04g0192350",""
"Os04g0194000",25.754509204728,1.07986740435346,0.364482124104363,2.96274448851779,0.00304909556621987,0.00708833184877365,"","OsFbox184",""
"Os04g0194500",1119.19171035509,1.32877245250466,0.240610353583676,5.52250737640248,3.34195763991475e-08,1.58658142257459e-07,"","OsABCG8",""
"Os04g0195100",23.9021032038863,1.0914766274445,0.420556039527019,2.59531792403229,0.00945034590256924,0.0197163371865913,"","OsFbox185",""
"Os04g0201200",318.422478927283,2.17313631540194,0.255294177780622,8.51228310137707,1.70541573460576e-17,1.7679952157459e-16,"","Os04g0201200",""
"Os04g0201900",640.624322633867,2.34790838851768,0.202359264733159,11.6026730558334,3.99404674766273e-31,8.65796117820118e-30,"","OsRLCK134",""
"Os04g0208600",11.7187141667863,1.66946847716487,0.73766690626774,2.2631738837406,0.0236249724687325,0.0447965059200876,"","OsFbox191",""
"Os04g0209200",153.114666500521,1.27054006527779,0.208407131867894,6.09643275587693,1.08461543313287e-09,5.99453860957686e-09,"","OsABCC9",""
"Os04g0221300",354.400807627648,1.31461360675429,0.189779420292497,6.92706092540561,4.29673571454914e-12,2.96298972444709e-11,"","Os04g0221300",""
"Os04g0223300",123.462625426075,2.10825511864519,0.41241708961316,5.11194897530241,3.18851959768856e-07,1.35254151809501e-06,"","OsAPx3",""
"Os04g0223500",353.050044117237,2.29199715015194,0.347258469015545,6.6002627859577,4.10429613473266e-11,2.59418738087426e-10,"","Os04g0223500",""
"Os04g0225100",15.978514005462,1.54809155248891,0.473813754381402,3.26729973153703,0.00108578657378881,0.00276917487789659,"","Os04g0225100",""
"Os04g0231200",79.4947312049617,1.37315702029094,0.259878904778608,5.28383410519889,1.26507820297978e-07,5.63148448351239e-07,"","Os04g0231200",""
"Os04g0231800",197.992136580757,3.66772819402607,0.43282157857063,8.47399569619092,2.37116196092472e-17,2.43878289355881e-16,"","Os04g0231800",""
"Os04g0233400",240.327528692096,1.90208013028245,0.192525124939343,9.87964625854273,5.10126675058611e-23,7.23078296792175e-22,"","OsPIP2",""
"Os04g0243700",19.6537369410988,5.40158849127213,0.913071669163748,5.91584283435195,3.30180383630862e-09,1.7380240843896e-08,"","OsCTR1",""
"Os04g0244800",4290.02268914063,1.04679156658719,0.156430121375361,6.6917519297666,2.20514460870228e-11,1.4265500775409e-10,"","Os04g0244800",""
"Os04g0266900",818.579672969243,4.56562437813246,0.167346786406662,27.2824144171956,6.85867545961377e-164,4.35736927853462e-161,"","Os04g0266900",""
"Os04g0272200",90.90231443505,1.16141741079196,0.2829048758435,4.10532836286089,4.03740965005435e-05,0.000130101312133433,"","Os04g0272200",""
"Os04g0272700",753.678641304306,1.06626867559369,0.15810122909823,6.74421496705257,1.53856605780461e-11,1.00902729524152e-10,"","Os04g0272700",""
"Os04g0273100",2.07493138608376,4.207547238771,1.52987989326916,2.75024677249663,0.00595503991042757,0.0129975355761684,"","Os04g0273100",""
"Os04g0275950",52.9924664548696,5.39876484534776,0.578328460326938,9.33511873563296,1.00878118629625e-20,1.27523323739093e-19,"","Os04g0275950",""
"Os04g0277400",22.3457330473203,2.60324637493156,0.569696302271823,4.56953356472631,4.88810880494711e-06,1.79028339778528e-05,"","Os04g0277400",""
"Os04g0278100",4.27660544296957,2.22211812712777,0.929215890046332,2.39139058095205,0.0167846862144938,0.0330321024890002,"","Os04g0278100",""
"Os04g0280700",16.805786667735,1.39134526311447,0.549400533789633,2.53247890663175,0.0113259183951023,0.0232168677153512,"","Os04g0280700",""
"Os04g0283001",65.3790169545713,1.26790061144824,0.336455727925987,3.76840251543334,0.000164295623839274,0.000482373820578941,"","Os04g0283001",""
"Os04g0283900",123.048392085283,1.12121677592569,0.251692923665687,4.45470122717855,8.4010102554431e-06,2.9714751049124e-05,"","Os04g0283900",""
"Os04g0301700",728.252355519661,1.48326859908431,0.169400697168212,8.75597694625456,2.02343077810303e-18,2.23316456075986e-17,"","Os04g0301700",""
"Os04g0302300",35.3856317492947,1.53701130146873,0.438199515438506,3.5075604771736,0.000452235547653963,0.00123512347489222,"","Os04g0302300",""
"Os04g0302400",51.3262018442344,1.15178667222946,0.333520083245056,3.45342523611443,0.000553515710902874,0.00148973047675869,"","Os04g0302400",""
"Os04g0310400",10.0767405399313,3.61256001413887,0.813095078185139,4.44297365838477,8.87240317708957e-06,3.13061141439402e-05,"","OsWAK36",""
"Os04g0316800",22.711227942993,3.50640365906355,0.595490867310464,5.88825765691459,3.90288320399917e-09,2.0375418699007e-08,"","Os04g0316800",""
"Os04g0317300",12.6284500500934,1.59186306921804,0.578934014415702,2.749645088352,0.00596598444348184,0.0130168366111438,"","OsFbox198",""
"Os04g0320200",572.13827807114,1.41725390912309,0.177643776359808,7.9780667702792,1.48642984284066e-15,1.33875944078746e-14,"","OSJNBa0041M06.2",""
"Os04g0330900",158.598348908338,1.80805536761473,0.308167985653458,5.86710966676442,4.43457383428669e-09,2.30105624904966e-08,"","OSJNBa0063G07.11",""
"Os04g0337500",7.9055309865294,3.18031693978548,0.921841033461811,3.44996243858051,0.000560664557324947,0.0015076607051053,"","Os04g0337500",""
"Os04g0337800",17.2141924163668,2.27091019204857,0.637635828832403,3.56145324550992,0.000368807789886633,0.00102153815322832,"","Os04g0337800",""
"Os04g0347900",193.214059144324,2.18596301542763,0.207319730976242,10.5439217248364,5.4190893451933e-26,9.02343929474828e-25,"","Os04g0347900",""
"Os04g0357200",11.3230385132175,1.60373798132699,0.678146655422342,2.36488371431723,0.0180357329672796,0.035261686714297,"","Os04g0357200",""
"Os04g0357300",17.5830104409777,3.38767245181809,0.59218485217188,5.72063341268113,1.06127656530603e-08,5.29825699346916e-08,"","Os04g0357300",""
"Os04g0357700",4.10986689636155,2.48850928624213,1.06336471908799,2.34022178992024,0.0192722911495202,0.0374156714194243,"","OsRALF-13",""
"Os04g0363700",321.510156209168,2.26716705446094,0.203549787427105,11.1381450362499,8.18054530021968e-29,1.56880318036798e-27,"","Os04g0363700",""
"Os04g0370600",160.217269412947,1.52079529831818,0.21184303014854,7.1788781403468,7.02857566814671e-13,5.16340136959938e-12,"","Os_F0687",""
"Os04g0376600",35.201897077859,1.72626496612172,0.40870994729859,4.2236920768179,2.40332359724468e-05,7.98433209559286e-05,"","Os04g0376600",""
"Os04g0379800",52.7533255366047,2.49420153641491,0.407055551714257,6.12742296699046,8.93138163532926e-10,4.97846665418567e-09,"","Os04g0379800",""
"Os04g0381100",317.299274295867,1.01168232801303,0.163212778217021,6.19854853930503,5.69862319688838e-10,3.24436550894539e-09,"","BASS1",""
"Os04g0381400",28.1311564835916,1.93733201808021,0.464169269629237,4.17376191152785,2.99610863148181e-05,9.83630363882667e-05,"","Os04g0381400",""
"Os04g0382300",2664.68035264395,2.14533228017277,0.196035250878069,10.9436046352048,7.13072184725689e-28,1.29910217065797e-26,"","OsCBSCBS3",""
"Os04g0382400",1.80375828520778,4.00259809238112,1.54333906225447,2.59346645871467,0.00950138064947949,0.0198112761364278,"","Os04g0382400",""
"Os04g0385600",57.5317447825367,1.05244352737683,0.426771481824603,2.46605870401005,0.0136608943410775,0.0275094261288099,"","Os_F0796",""
"Os04g0386700",685.382201068041,8.11989859632789,0.393476166076772,20.6363162406731,1.29569388903431e-94,1.91091711241685e-92,"","Os04g0386700",""
"Os04g0390100",146.878468663563,2.65623947533491,0.346447802564358,7.66706977407216,1.75970064741644e-14,1.46752281861451e-13,"","Os04g0390100",""
"Os04g0390800",1.94177995462539,4.10583319514016,1.72337255841882,2.38244085707574,0.0171982943356804,0.0337763267878212,"","Os04g0390800",""
"Os04g0391000",130.765477596779,2.65470346480127,0.23217796016918,11.43391673726,2.8304715134062e-30,5.84421605730546e-29,"","Os04g0391000",""
"Os04g0391500",538.241558391593,1.93753748934241,0.277711325140049,6.97680401894057,3.01970476441626e-12,2.10817765421081e-11,"","OsACR6",""
"Os04g0393900",57.4097320381219,1.19670404437976,0.367346748989574,3.25769602608821,0.00112320651652885,0.00285520548476816,"","OsRLCK149",""
"Os04g0394100",114.522314176768,4.94056269640869,0.431376757929487,11.4530108671647,2.27117274341161e-30,4.70508754711617e-29,"","Os04g0394100",""
"Os04g0398000",203.465629412455,2.18044235406898,0.256130260723627,8.51302125687423,1.69458993093181e-17,1.75750752275837e-16,"","OsERF101",""
"Os04g0401200",10.3068720825477,1.9095672552246,0.611138763278673,3.12460503238256,0.00178043946021729,0.00434705838646075,"","OSJNBb0012E08.2",""
"Os04g0404900",91.522916249106,1.19640723974213,0.245543974401794,4.87247647863026,1.10207980589035e-06,4.37451482871389e-06,"","Os04g0404900",""
"Os04g0405100",219.788515395025,1.55351934894691,0.219951332270477,7.06301404456387,1.62929247792629e-12,1.16169725829007e-11,"","Os04g0405100",""
"Os04g0408600",18.5912667930382,1.87336465589915,0.65342128030377,2.86700894563495,0.0041437129972277,0.00937100921251467,"","Os04g0408600",""
"Os04g0409100",37.5610105788073,1.33507209611618,0.413140212826055,3.23152299066633,0.00123132418000899,0.00310392910856474,"","OsFbox207",""
"Os04g0409900",239.852580365266,2.68152945097293,0.192920265818588,13.8996773594252,6.36275292437841e-44,2.24892908997609e-42,"","OsNIN4",""
"Os04g0410400",39.2819722453738,1.17294774041215,0.360205952671796,3.25632525423834,0.00112864379958974,0.00286755613437604,"","Os04g0410400",""
"Os04g0412200",37.3634303079465,1.44307762046978,0.402272685022264,3.58731197568116,0.000334104491390391,0.000931904422287484,"","Os04g0412200",""
"Os04g0414500",84.6682481114471,3.47979225854394,1.08608444852574,3.20397945414598,0.00135542148945013,0.00339064775181744,"","OsFbox208",""
"Os04g0415800",2336.25705588577,11.0971285156751,0.590520558275213,18.7921120783457,8.76217061660991e-79,8.68401205470975e-77,"","OsLTPd6",""
"Os04g0416100",73.8170517475327,1.45014275260497,0.334770459703026,4.33175243087872,1.4792722022456e-05,5.06242090539215e-05,"","Orysa",""
"Os04g0422600",14.7736191163051,1.6214038564619,0.585113042812906,2.77109504971393,0.00558681157845853,0.0122607998653204,"","Os04g0422600",""
"Os04g0422900",33.8890075813002,1.20113966235139,0.435546730715739,2.75777448811875,0.00581963307766582,0.0127210453255691,"","Os04g0422900",""
"Os04g0423200",102.8969215303,3.99728357669383,0.36151380284967,11.057070422166,2.02607315687952e-28,3.8174916051714e-27,"","Os04g0423200",""
"Os04g0423400",458.710354057793,2.04932085951936,0.221579574800707,9.24869027915847,2.27260194887323e-20,2.80979333768623e-19,"","OsAsr2",""
"Os04g0423600",7255.05812594253,1.38939979075671,0.186045552841871,7.46806236178958,8.13842753795985e-14,6.452666211457e-13,"","OsSET18",""
"Os04g0429500",9.14223698119551,2.01233360739717,0.862684584969702,2.33264120219309,0.0196669845522856,0.0380954746331904,"","OsCslH2",""
"Os04g0429800",16.6225641316601,1.97646937712973,0.556049791118234,3.55448272564763,0.000378723389590461,0.00104716319873707,"","OsNaPRT2",""
"Os04g0430000",184.116171319107,1.13184121417537,0.232206996133243,4.87427697280017,1.09207682548703e-06,4.33836580168226e-06,"","OsRLCK151",""
"Os04g0430200",1608.40173684906,2.18398157603105,0.196567331905932,11.110602941267,1.11404733468004e-28,2.11839990877724e-27,"","Os04g0430200",""
"Os04g0432000",241.070647129596,2.21804189621569,0.217725921029905,10.1873120376468,2.259245052668e-24,3.45752406855806e-23,"","SAPK7","RK4"
"Os04g0432300",11.6449688038036,2.17267841121313,0.658704955990273,3.29840908506116,0.000972343616445625,0.00250434072605751,"","OSJNBa0084A10.15",""
"Os04g0432800",46.2600779684993,2.99685469700355,0.349857859274145,8.56592075199101,1.0721560856619e-17,1.12706030269177e-16,"","Os04g0432800",""
"Os04g0433300",64.5839828988661,1.61781117255876,0.324801435182485,4.98092371928658,6.32814821717978e-07,2.59246905385356e-06,"","Os04g0433300",""
"Os04g0434400",157.468730556662,8.42007445088282,0.861743516834129,9.77097510616206,1.50001327317898e-22,2.06821529602424e-21,"","OsEnS-66",""
"Os04g0434500",18.8041573854324,3.8673592186765,0.703139689214284,5.50012931711768,3.79512805485688e-08,1.7890389614762e-07,"","OsZHD8",""
"Os04g0434600",71.5233565360024,1.63216055765358,0.332511197004335,4.90858825915657,9.17343439730351e-07,3.68439267404748e-06,"","Os04g0434600",""
"Os04g0435100",51.453834263649,1.99512323339336,0.350232610189319,5.69656615446199,1.22244471284009e-08,6.05649123176142e-08,"","OsBAT7",""
"Os04g0435500",783.596302905798,1.64023901225798,0.259199645965281,6.32809125239963,2.48212348738999e-10,1.4601038377745e-09,"","OsTCHQD1",""
"Os04g0436000",16.6337769559891,4.11376386603401,0.784646960772605,5.24282138553545,1.58139608745468e-07,6.95954722182321e-07,"","Os04g0436000",""
"Os04g0436300",128.631813585386,1.30697659885622,0.292187892209606,4.47306898644053,7.71048881111427e-06,2.74526198121825e-05,"","PDIL1",""
"Os04g0436800",155.730298298606,2.75508178531548,0.239941584394978,11.4823022122761,1.61910969597774e-30,3.38823318726693e-29,"","Os04g0436800",""
"Os04g0438300",467.279062043615,2.22119645223496,0.167164586185775,13.2874821331265,2.73631850620072e-40,8.65871821559838e-39,"","Os04g0438300",""
"Os04g0438400",219.058385227975,1.08106351093082,0.263134531175357,4.10840609213081,3.98399135787781e-05,0.000128563888869678,"","OsPME13",""
"Os04g0438600",394.962032897234,1.14028881098721,0.253105085706518,4.50519912630048,6.63107318146944e-06,2.3875848419101e-05,"","Os04g0438600",""
"Os04g0439600",22.2360777740236,2.67383798677183,0.503972408871308,5.30552454798097,1.12349446548609e-07,5.02533636660674e-07,"","OsCRR1",""
"Os04g0443200",241.494483060269,2.82158404381176,0.188888739634588,14.9378096824099,1.8702204052011e-50,8.30438189599781e-49,"","Os04g0443200",""
"Os04g0443300",3.22669422537154,4.84038047119843,1.42291708948456,3.40173050627414,0.000669606329128305,0.0017780340817503,"","OsGH9B4",""
"Os04g0443400",6.73279574438945,5.90215168177086,1.23062049480925,4.79607783769741,1.61802428611524e-06,6.29254241674419e-06,"","Os04g0443400",""
"Os04g0443700",409.329042590548,1.01545664027833,0.147803044620536,6.87033641888354,6.4050672825228e-12,4.34195217671867e-11,"","Os04g0443700",""
"Os04g0443900",1406.54351335665,2.18317565621948,0.214050860288487,10.1993313798277,1.99642129503165e-24,3.06856888504957e-23,"","Os04g0443900",""
"Os04g0443951",25.9545314731724,1.07016080025665,0.470340650660652,2.2752887694344,0.02288861270126,0.0435705224286142,"","Os04g0443951",""
"Os04g0445050",7.54323012834894,3.51409290346728,1.02562808611925,3.42628380699268,0.000611900659869238,0.00163620360992662,"","Os04g0445050",""
"Os04g0445700",606.774586952948,2.29093522696412,0.27898535219892,8.21166849408873,2.18135831950901e-16,2.09000445021171e-15,"","Os04g0445700",""
"Os04g0447500",13.7473692679356,1.28501108625516,0.553269265374347,2.32257811282127,0.0202018276453029,0.0389768481208278,"","Os04g0447500",""
"Os04g0448500",14.4734406370134,3.58758542062451,0.857456923795579,4.18398326617257,2.8644520542694e-05,9.43281878636801e-05,"","OsAP37",""
"Os04g0456200",18.0494677582609,2.21376518687039,0.723733132416248,3.05881420611426,0.00222214916498068,0.00531552325359397,"","Os04g0456200",""
"Os04g0456300",16.7306121587968,4.69344125399438,0.870372116301335,5.39245360241922,6.95020491096004e-08,3.17956475404093e-07,"","Os04g0456300",""
"Os04g0456700",564.836049319668,1.16934963979861,0.342456448710985,3.41459372191724,0.000638772132607099,0.00170144669206688,"","OSJNBa0036B21.4",""
"Os04g0460300",347.416801196527,4.09829554520658,0.672390241149014,6.09511455461223,1.09359109792625e-09,6.04145075436317e-09,"","OsATL13",""
"Os04g0460600",167.434061077138,1.73710094395588,0.303612478164152,5.72144120841006,1.05624208534245e-08,5.27737651714659e-08,"","NAC2",""
"Os04g0463300",90.1000223778898,1.03234657430811,0.230143700438952,4.48566079514285,7.26883040899753e-06,2.60069985674017e-05,"","Os04g0463300",""
"Os04g0463700",1323.46086847863,1.07533066342088,0.182785008816252,5.88303532321886,4.02809914556447e-09,2.09849059145607e-08,"","Os04g0463700",""
"Os04g0463800",253.560688877211,1.78762933953504,0.194553363552969,9.18837539937129,3.98818915087585e-20,4.86296075744345e-19,"","Os04g0463800",""
"Os04g0464200",550.344112286305,1.79304879771643,0.175317966869663,10.2274104002669,1.49462581085611e-24,2.30731113492723e-23,"","BAD1",""
"Os04g0464800",1094.83692078428,1.38969905245259,0.135108501871619,10.2858001769059,8.16609310359147e-25,1.27815090857666e-23,"","Os04g0464800",""
"Os04g0466600",1382.57274581211,1.0113463384942,0.18996793584876,5.32377389887191,1.01636225685992e-07,4.56948060936638e-07,"","OsAIH",""
"Os04g0467800",267.841825165709,1.06288482525505,0.223639179753653,4.75267717591281,2.00740726920633e-06,7.71962283239566e-06,"","Os04g0467800",""
"Os04g0469500",266.701205740172,1.87800866696272,0.258209933392491,7.27318520356095,3.51108416918399e-13,2.6441985550113e-12,"","OsPFK03",""
"Os04g0469700",226.897703257159,1.21433466737083,0.256560951223784,4.73312349980971,2.21090871570495e-06,8.45495990878556e-06,"","Os04g0469700",""
"Os04g0469800",332.626216521319,1.71845795501125,0.26083687831293,6.58824766699435,4.45047824876411e-11,2.80441250177081e-10,"","D11",""
"Os04g0470100",1217.25057734718,1.22565242432001,0.210489311557415,5.82287250241535,5.78446839334965e-09,2.96486912250774e-08,"","OsRab2A1",""
"Os04g0470700",293.452541530246,1.14489275859096,0.255092490390873,4.48814763945682,7.18451336976568e-06,2.57203710103575e-05,"","OsAAP7A",""
"Os04g0473900",21.950743357265,1.19858853776695,0.46214322097717,2.59354348037956,0.00949925269457494,0.0198112761364278,"","DWA1",""
"Os04g0475000",80.5174255775542,1.10106983723471,0.332722317797867,3.3092755680538,0.000935377240285326,0.00241540822121413,"","Os04g0475000",""
"Os04g0476100",2321.76809744278,2.20195705672615,0.253299617471321,8.69309270463255,3.5270434980462e-18,3.83961145655056e-17,"","OsDAO4",""
"Os04g0476600",41.2237576176877,7.79059846833046,1.0657780796543,7.30977547488821,2.67589130449585e-13,2.03688352846371e-12,"","Os04g0476600",""
"Os04g0478600",140.274008505549,1.15441856055365,0.301311190347905,3.83131658409604,0.000127459374306511,0.000380633671081101,"","Os04g0478600",""
"Os04g0479000",4.45944777383474,3.73726858385217,1.28848496254556,2.90051393108131,0.00372551277534608,0.00851305266390756,"","CRC1",""
"Os04g0480650",11.8562912196035,2.11099401266162,0.783513790687403,2.69426529277752,0.00705439908007363,0.0151099048410199,"","Os04g0480650",""
"Os04g0480700",13.8607172789832,2.19609077942329,0.668593011249905,3.28464513159926,0.00102110893162168,0.00262040559283172,"","Os04g0480700",""
"Os04g0480801",2.81839585189374,4.64548214934558,1.41875472374321,3.27433774957875,0.00105909940372273,0.00270696368125005,"","Os04g0480801",""
"Os04g0481000",23.5391599295823,2.58699162064286,0.4755302828802,5.44022476333983,5.32133925403839e-08,2.46442659247307e-07,"","Os04g0481000",""
"Os04g0481550",1.81040013190267,4.00702615138425,1.53756254314069,2.60608985908263,0.0091582431678365,0.019160161358565,"","Os04g0481550",""
"Os04g0481900",34.0361921346163,4.11016327075455,0.593076872598207,6.93023697374736,4.20136236820027e-12,2.90206733752155e-11,"","OsWS1",""
"Os04g0483200",809.742863508182,1.1849899324588,0.182305995938787,6.50000525960041,8.03172035649699e-11,4.95276095751434e-10,"","Os04g0483200",""
"Os04g0483400",269.511807108758,1.06376271564455,0.17077666055526,6.22897011913601,4.69511319900474e-10,2.69471437877555e-09,"","Os04g0483400",""
"Os04g0485700",15.8919299941452,2.16861406786271,0.686205880760348,3.16029653587315,0.00157608641349066,0.00388525450871138,"","Os04g0485700",""
"Os04g0486800",9.85563204300148,3.32136593548501,0.815719576049286,4.07170065915438,4.66711325881069e-05,0.000148710217610021,"","OsDBH",""
"Os04g0486900",415.164563753071,1.39905758230979,0.175212055814767,7.98493902605003,1.40591781583958e-15,1.27040210514432e-14,"","Os04g0486900",""
"Os04g0486950",1471.73787610507,7.16971779591489,0.585068201352785,12.2544991837485,1.5892813243782e-34,3.97753771455745e-33,"","MS",""
"Os04g0488100",61.1896367020557,1.68500008489758,0.275893225620037,6.10743551644207,1.01244695593139e-09,5.61445797383889e-09,"","OsRad21-2",""
"Os04g0490000",28.611615889199,1.08141750541432,0.35470525258762,3.04877781630028,0.00229774349642037,0.00547731293157663,"","Os04g0490000",""
"Os04g0490400",90.1915731934424,2.10044834696509,0.329048236622211,6.38340557155659,1.73192408968063e-10,1.03626861072246e-09,"","Os04g0490400",""
"Os04g0491500",104.896006373144,2.91159656300108,0.266476618372039,10.9262740603233,8.63203836322839e-28,1.56342115881367e-26,"","Os04g0491500",""
"Os04g0495400",214.999705747619,2.53477494616611,0.243465282557069,10.4112377729747,2.20337942330084e-25,3.55424036270345e-24,"","Os04g0495400",""
"Os04g0497200",21.1684789760391,3.96882415390792,0.745933180499834,5.32061618608853,1.03416377208831e-07,4.64361648804495e-07,"","OsGLU3",""
"Os04g0498800",180.25886169027,1.0940063853816,0.202849131607725,5.39320221245621,6.92129869805238e-08,3.16692553724181e-07,"","Os04g0498800",""
"Os04g0507500",1294.30790368705,1.06885505009138,0.122401665052633,8.73235710994436,2.49419254380327e-18,2.73445171052273e-17,"","Os04g0507500",""
"Os04g0507700",9.76771523198493,4.93932637996135,1.1652987786494,4.23867807163249,2.2483980293557e-05,7.49677808819084e-05,"","OsGELP56",""
"Os04g0507950",30.0086430696765,3.68344902427436,0.763381645921084,4.82517367814099,1.39881318101033e-06,5.48218826097644e-06,"","OsKOD1",""
"Os04g0508150",3.03675711904958,3.17228314348979,1.29933588495617,2.44146504396497,0.014627804397119,0.0292308339017194,"","Os04g0508150",""
"Os04g0508500",96.9380782594868,4.43536323016351,0.422448322364092,10.4991853331136,8.71288052060419e-26,1.43536596182852e-24,"","R2R3-MYB",""
"Os04g0510500",665.678205734869,1.15082155593285,0.120590742461952,9.54319985463192,1.38491814126283e-21,1.82037754833258e-20,"","Os04g0510500",""
"Os04g0510900",4.75838486347472,5.40401818109278,1.28943308923676,4.19100318287281,2.7772376361422e-05,9.16632701621092e-05,"","OsEnS-68",""
"Os04g0511200",1345.54251402555,6.57178350002258,0.736557279634201,8.92229794169756,4.56711617355706e-19,5.22676385368237e-18,"","EFA27",""
"Os04g0511700",3.08608592668472,3.24747119224523,1.38382459284325,2.3467361463586,0.0189386608620989,0.0368351676097201,"","Os04g0511700",""
"Os04g0512300",4.25186322239412,4.45610053381828,1.31607632359795,3.38589825978785,0.000709456811816913,0.00187420955607076,"","Os04g0512300",""
"Os04g0512500",107.220789301726,1.51699138173694,0.235981588218327,6.42843110426666,1.28927663180741e-10,7.80464380803622e-10,"","Os04g0512500",""
"Os04g0514600",44.9891507430286,1.36228906254503,0.404522516386936,3.36764705884003,0.000758125817243854,0.00199216071416385,"","Os04g0514600",""
"Os04g0517500",1652.33573286505,2.99288677838699,0.260152147529545,11.504370833791,1.25400476124573e-30,2.64204727630828e-29,"","Os04g0517500",""
"Os04g0518100",820.918757744577,1.21149054112694,0.141289439966321,8.57452999612511,9.94922531285468e-18,1.04764961996005e-16,"","OsPAL02",""
"Os04g0518600",49.9505772354213,1.64636015385096,0.391978012837358,4.20013393591565,2.66757132844779e-05,8.823176452403e-05,"","Os04g0518600",""
"Os04g0521600",6.50093128603298,4.33505746628521,1.20911569863527,3.58531236603592,0.000336674991289359,0.000938545933750726,"","OsSTA127",""
"Os04g0526800",157.700594591016,1.45287276211111,0.380747042143562,3.81584779735018,0.000135716145073093,0.00040362968748962,"","Os04g0526800",""
"Os04g0528400",75.6364425670443,1.80567811069629,0.300244069951872,6.01403421884645,1.80962285170735e-09,9.80044270967277e-09,"","OsHUS1",""
"Os04g0529800",184.82846498669,1.27954589075058,0.168036139971739,7.61470652066737,2.64291287391147e-14,2.17120199857111e-13,"","Os04g0529800",""
"Os04g0530000",45.2476173420329,1.16716234387332,0.361726102876854,3.22664672134725,0.0012524999839462,0.00315249818186053,"","Os04g0530000",""
"Os04g0535200",263.620105104834,2.50415564986216,0.303502232568143,8.25086401728502,1.57253406038329e-16,1.52495798098304e-15,"","Os04g0535200",""
"Os04g0541100",83.56646953487,3.05218197534636,0.424767748311892,7.18553135796283,6.69463070070975e-13,4.92789259867753e-12,"","GT-2",""
"Os04g0541700",3792.88334992135,1.74550992621269,0.174905302159627,9.97974277886472,1.86950789699777e-23,2.69463625153658e-22,"","HOX22",""
"Os04g0548300",392.29017870824,1.04310040023746,0.203983939010143,5.11363985468285,3.16009591584742e-07,1.34163290793268e-06,"","Os04g0548300",""
"Os04g0554200",3.39941467874551,3.30393528053995,1.36100082566505,2.42757771945178,0.0152000297322976,0.0302523204014088,"","Os04g0554200",""
"Os04g0558700",547.974805202563,2.92040404133099,0.265834007858247,10.9858180481117,4.47168895154972e-28,8.23754923067267e-27,"","Os04g0558700",""
"Os04g0561700",86.4024647802256,1.17387866951816,0.253863695960677,4.62405096985585,3.76317331413908e-06,1.39832251356365e-05,"","Os04g0561700",""
"Os04g0564700",830.57856366371,3.22428028813969,0.205595237834616,15.6826603675195,1.98752387819598e-55,1.06821863622694e-53,"","Os04g0564700",""
"Os04g0565200",29.0916220389176,1.23778443940418,0.478469642092847,2.58696546345148,0.0096825296500241,0.0201488004344569,"","Os04g0565200",""
"Os04g0569000",142.593927178142,2.48577647470608,0.209327885215634,11.875037442553,1.59562602492928e-32,3.65724570024724e-31,"","RFC4",""
"Os04g0570800",120.338624623868,1.07560224460849,0.208772566218969,5.15202866012747,2.57683642554295e-07,1.10671305452726e-06,"","Os04g0570800",""
"Os04g0571200",494.67039406213,4.36351029530678,0.207440004576582,21.0350472379394,3.13460839438315e-98,5.07622171160989e-96,"","OsRFPH2-14",""
"Os04g0571300",3375.06913301225,5.17083998183375,0.257062263352255,20.1151266405372,5.43999779538346e-90,7.02014715501125e-88,"","OsFbox228",""
"Os04g0574200",49.8647214182241,1.29869054989173,0.375090820143251,3.46233626670935,0.000535507632910064,0.00144455880463938,"","OsFLA1",""
"Os04g0576500",1708.77429870779,1.20998122631278,0.154867187707516,7.81302511025105,5.58314678778077e-15,4.81998703696321e-14,"","Os04g0576500",""
"Os04g0579200",414.969002774232,1.61808478142717,0.281643670271907,5.74514875432855,9.18402119300735e-09,4.62411081282551e-08,"","Os04g0579200",""
"Os04g0581400",7.41574835036318,2.11190804019801,0.824894152484523,2.5602170094637,0.0104606819838639,0.0216149043044114,"","RAVL1",""
"Os04g0581700",26.8044945507852,1.44347084851653,0.58461654453215,2.46908997361971,0.0135457155229734,0.0273041159707706,"","Os04g0581700",""
"Os04g0581800",10.9551065452335,4.03172477845846,1.08922628612127,3.70145747475063,0.00021436458698916,0.000617235487719979,"","Os04g0581800",""
"Os04g0582000",114.326693527969,1.23678438800966,0.289639599968388,4.27008043149019,1.95402487170174e-05,6.58437022251515e-05,"","Os04g0582000",""
"Os04g0582600",46.6501077301443,2.67111264782343,0.369180943098245,7.23523978623296,4.64707337722061e-13,3.4680884658854e-12,"","Os04g0582600",""
"Os04g0582700",30.5181956515445,2.61521717370754,0.478493939836075,5.4655178592303,4.61557315823476e-08,2.15407903826677e-07,"","Os04g0582700",""
"Os04g0583200",31.3102299243766,2.07689389180766,0.585531901902242,3.54702089682965,0.000389613686241842,0.00107463634687901,"","Os04g0583200",""
"Os04g0583500",131.277701653684,1.45378807785897,0.204482939292373,7.1095812828684,1.16395535208709e-12,8.39084136126325e-12,"","EXPA10","EXP10"
"Os04g0583900",26.5353623883244,3.59089360519153,0.783709298636211,4.58192037716064,4.60725327803286e-06,1.69324146794183e-05,"","LHY",""
"Os04g0586100",883.300711287653,2.08621356081366,0.208399091654936,10.0106653260658,1.36829217440713e-23,1.98490487150383e-22,"","Os04g0586100",""
"Os04g0586200",402.154247869512,3.15040825826448,0.214770609228027,14.6687122115467,1.02267594641581e-48,4.24436213138099e-47,"","Os04g0586200",""
"Os04g0588700",49.9215949624349,1.4505883087931,0.307629394785144,4.71537614214738,2.41264623003324e-06,9.17405396585844e-06,"","OsABCC7",""
"Os04g0589200",438.691080978954,1.10572134741417,0.169691356613683,6.51607347291965,7.21716343916637e-11,4.47384684844196e-10,"","Os04g0589200",""
"Os04g0589800",373.365642515241,10.2533461880346,1.03886590399164,9.86974945335884,5.63050713601542e-23,7.9581902629238e-22,"","OsLEA1",""
"Os04g0593800",14.5492657324082,2.85242329446876,0.673376871307287,4.23599831834304,2.27538479083616e-05,7.58267773537963e-05,"","Os04g0593800",""
"Os04g0594000",90.5451134943508,1.72945796501378,0.240955862866388,7.17748862567737,7.10035633015562e-13,5.21260826051158e-12,"","Os04g0594000",""
"Os04g0594100",13.5176273816472,5.45631278349011,1.12693255174611,4.84173855394976,1.28708037221663e-06,5.06511918399166e-06,"","OsMYB58/63",""
"Os04g0594400",122.152083911398,1.59153750110214,0.239650142358513,6.6410872342451,3.11377672256604e-11,1.98994185852511e-10,"","Os04g0594400",""
"Os04g0598000",8555.94164100185,2.32259884852372,0.127131771995469,18.26922422356,1.45504488495227e-74,1.32542820273759e-72,"","Os04g0598000",""
"Os04g0599300",1.6313463256036,3.85421568270256,1.68080967237329,2.29307086105736,0.0218439256588935,0.0417871329563315,"","EAT1","BHLH141"
"Os04g0599650",75.5893825618436,1.345426558901,0.262799581333569,5.11959171347867,3.06197834163508e-07,1.3028788832336e-06,"","Os04g0599650",""
"Os04g0599700",55.5295745734266,1.35821502406955,0.364815239395748,3.72302162135329,0.000196852656932305,0.000570124872099559,"","Os04g0599700",""
"Os04g0599800",437.197526884551,2.35819742660446,0.214731170218557,10.9820918137048,4.66006226230544e-28,8.56545717159806e-27,"","OsWD40-109",""
"Os04g0601800",5634.36484248026,1.25927723299848,0.204364330704378,6.16192282018179,7.18668793446184e-10,4.04508330195731e-09,"","Os04g0601800",""
"Os04g0602000",160.958986113146,1.32285204296387,0.261197188652895,5.06457228650272,4.09318301394219e-07,1.71660114313551e-06,"","Os04g0602000",""
"Os04g0602700",91.2773096457725,1.43808824884344,0.235875604173052,6.09680790807163,1.08207416943169e-09,5.98316261906023e-09,"","Os04g0602700",""
"Os04g0604500",446.221058665129,1.44234273642295,0.225479306715339,6.39678539655909,1.58682099207379e-10,9.52900235594091e-10,"","Os04g0604500",""
"Os04g0605500",5411.23085469227,1.60258503777779,0.203406530021652,7.87872954524717,3.30726472707895e-15,2.9047890160523e-14,"","ACA11",""
"Os04g0606000",265.876879090966,1.23363843875872,0.350211167061707,3.52255597418273,0.000427406776456378,0.00117118532407207,"","Os04g0606000",""
"Os04g0606200",36.4772212468158,2.92920895510321,0.730790339234763,4.00827542160791,6.11637642336358e-05,0.000191406704521869,"","Os04g0606200",""
"Os04g0607100",188.525414320046,1.25036814664331,0.233301939973424,5.35944170368125,8.34795255291808e-08,3.78545425336111e-07,"","Os04g0607100",""
"Os04g0607150",116.590652425814,10.0168681230202,1.05248986686113,9.51730599829316,1.77726608011978e-21,2.32376367636558e-20,"","Os04g0607150",""
"Os04g0608400",136.129653740648,1.34013706483511,0.214251081362514,6.25498390165688,3.97556917480495e-10,2.29663505348898e-09,"","Os04g0608400",""
"Os04g0610301",12.14607872183,1.5481059934671,0.580119908551104,2.66859656193082,0.00761688803435204,0.0162119779080097,"","Os04g0610301",""
"Os04g0610500",2799.35809502581,2.02097911904844,0.169691476526403,11.9097267606955,1.05321822191341e-32,2.43428991458475e-31,"","Os04g0610500",""
"Os04g0610600",454.169764792754,8.53779927951832,0.544754558597833,15.672744990871,2.32325057507589e-55,1.24595626620466e-53,"","OsLEA18",""
"Os04g0610800",5732.32946990541,1.71793006650509,0.17666776134878,9.7240721985124,2.38065726244759e-22,3.24989228604209e-21,"","CPO",""
"Os04g0611300",283.462519897274,1.29363893710348,0.259049622931288,4.99378814941032,5.9206341493114e-07,2.43316557169495e-06,"","Os04g0611300",""
"Os04g0612700",2.87859065662635,3.87652315665889,1.42920173028078,2.71236948187664,0.00668040836387225,0.0143980930786067,"","OsCAD7",""
"Os04g0613700",46.3302725622821,1.74535785819384,0.467967745486156,3.72965418029109,0.000191742750146663,0.000556496441417813,"","OsUAP2",""
"Os04g0614300",44.6197219583027,1.24372039971438,0.391947774623241,3.17317887800207,0.00150779595564322,0.00373064313890275,"","Os04g0614300",""
"Os04g0615100",2958.12467045987,1.22682034160896,0.233346800206004,5.25749802665343,1.46028461001685e-07,6.45406203752898e-07,"","Os04g0615100",""
"Os04g0616500",111.30765569477,1.28193448521761,0.241114450893858,5.31670532589493,1.05662976900678e-07,4.74191555636318e-07,"","Os04g0616500",""
"Os04g0616600",27.180467507888,3.46117078347999,0.515842886939449,6.70973831589592,1.94973747127699e-11,1.26661366874227e-10,"","Os04g0616600",""
"Os04g0618500",527.735763913359,1.06105399212917,0.169125848039191,6.27375415662834,3.52444859114546e-10,2.04796582417475e-09,"","Os04g0618500",""
"Os04g0619900",45.9736912875011,2.2634970094174,0.348453666025896,6.4958335357252,8.25749236153897e-11,5.08565469156975e-10,"","Os04g0619900",""
"Os04g0621500",123.621756545248,2.48043412086776,0.256541306428953,9.66875142017215,4.09341500122814e-22,5.53314476188923e-21,"","Os04g0621500",""
"Os04g0623300",11684.7069229297,2.38574117014675,0.217054004151545,10.9914635275793,4.20058774151681e-28,7.76701212474344e-27,"","PAO3",""
"Os04g0626450",30.7227535272496,1.57903047005662,0.401646871238449,3.93138994258263,8.44561574787225e-05,0.000259302380898427,"","Os04g0626450",""
"Os04g0626500",306.975286990692,1.37447489208175,0.210439820660491,6.53143919134595,6.51406698009916e-11,4.05321540848611e-10,"","Os04g0626500",""
"Os04g0628200",192.705224660827,1.44171354361201,0.197225586323213,7.30997215163216,2.67197756399599e-13,2.03452944385767e-12,"","prx56",""
"Os04g0629100",204.224370659814,1.56269229128854,0.169704042810261,9.20833861946189,3.31211401442068e-20,4.05455775372042e-19,"","OsSET21",""
"Os04g0630300",51.0092915096868,2.38155698403586,0.434693662647115,5.47870187371287,4.2845756386466e-08,2.00830364356313e-07,"","Os04g0630300",""
"Os04g0631600",272.745059205307,1.09151229075231,0.210357267415569,5.18884992262228,2.11596839374763e-07,9.18810881386e-07,"","OsbHLH068",""
"Os04g0634800",945.296929031052,3.61771807857711,0.274416153765839,13.1833276901918,1.09454261607548e-39,3.40697015056559e-38,"","Os04g0634800",""
"Os04g0634900",21.8009474088415,5.1295668251729,0.905894780553778,5.66243115126148,1.49243263438059e-08,7.34273299881806e-08,"","Os04g0634900",""
"Os04g0635350",77.5361199252817,2.24294340505426,0.330792009448307,6.78052474361467,1.19740166539176e-11,7.92415092505652e-11,"","Os04g0635350",""
"Os04g0635400",34.4754415511932,3.0716129038937,0.414750222743077,7.40593430807257,1.30230292141126e-13,1.01500973525658e-12,"","Os04g0635400",""
"Os04g0635500",1385.47226124901,2.14229773762744,0.232616691956045,9.20956153065852,3.27459794984786e-20,4.01061361361248e-19,"","Os04g0635500",""
"Os04g0635650",371.607270333682,2.26452996075204,0.219210209975255,10.3304036842429,5.1344047247461e-25,8.13916480262535e-24,"","Os04g0635650",""
"Os04g0636200",5.13143241948544,3.97655201278149,1.22178924366179,3.25469554868848,0.00113513982396859,0.00288199194778869,"","Os04g0636200",""
"Os04g0636300",156.082281695799,1.87174865377021,0.284108015760083,6.58815855217129,4.45314965491941e-11,2.80538237986113e-10,"","Os04g0636300",""
"Os04g0640850",27.9877856635577,2.05766173661324,0.59098854887537,3.48172860629685,0.000498188332039902,0.00135124382079394,"","Os04g0640850",""
"Os04g0640900",733.69205127593,1.68172729537567,0.35737912373111,4.70572337247375,2.52967348385479e-06,9.58668092833742e-06,"","IIP5",""
"Os04g0641000",530.598015983393,1.00846370136305,0.196381174656875,5.13523611988308,2.8179000877323e-07,1.20564860082444e-06,"","Os04g0641000",""
"Os04g0643200",1714.9022187308,1.42189242965693,0.161487367759564,8.80497619958712,1.30880351229443e-18,1.45483286783846e-17,"","GATA",""
"Os04g0643800",6.55843980300104,2.82949118615338,1.10042563847568,2.57126977709537,0.0101326360550545,0.0210071394474175,"","Os04g0643800",""
"Os04g0644700",30.9954869312013,1.11402766282828,0.4724459980712,2.35799999868004,0.0183736930232311,0.0358432400627192,"","Os04g0644700",""
"Os04g0648950",9.68121467480789,1.73051482805694,0.68210217159922,2.5370316942397,0.0111796832218381,0.0229455774674852,"","Os04g0648950",""
"Os04g0649900",154.008387574197,1.88173612814738,0.281553764395669,6.68339893159079,2.33462892271965e-11,1.50481531785184e-10,"","Os04g0649900",""
"Os04g0650416",8.67237329757008,2.04679498863567,0.696583824327715,2.93833264160428,0.00329982762712927,0.00762258335981558,"","Os04g0650416",""
"Os04g0650800",1973.8516271284,1.85686986126783,0.154204507250671,12.0416056208353,2.14734989082915e-33,5.11585463894942e-32,"","Os04g0650800",""
"Os04g0652600",22.9755832327806,1.53674839906675,0.534307710152979,2.87614864967372,0.00402560082856528,0.00912555459555003,"","Os04g0652600",""
"Os04g0652900",317.431044972482,1.67711524061199,0.163040983212563,10.2864642224677,8.10999087324656e-25,1.27017221154507e-23,"","Os04g0652900",""
"Os04g0653100",682.913183885474,1.30370128437218,0.175943395101005,7.4097767843104,1.26512172665704e-13,9.86962248784052e-13,"","Os04g0653100",""
"Os04g0654400",5.8986782434508,4.94877206491057,1.19617187467847,4.1371747402444,3.51608346139861e-05,0.00011416328125157,"","Os04g0654400",""
"Os04g0658200",102.279725594602,8.3828262159483,1.031503376239,8.12680443811363,4.40755611203307e-16,4.15706196375499e-15,"","24K23.5",""
"Os04g0661200",154.538207278381,1.87806547272012,0.250592522841121,7.49449924294367,6.65519521577822e-14,5.31236378419256e-13,"","OsIPK1",""
"Os04g0663500",134.958226190047,1.03880850156482,0.223411139218046,4.64976144520239,3.3231918069363e-06,1.24322396799729e-05,"","Os04g0663500",""
"Os04g0663700",287.318590828802,1.71823169174597,0.23877265005925,7.19609926563869,6.19595289243397e-13,4.56624404568223e-12,"","Os04g0663700",""
"Os04g0664300",25.9986623970738,1.66311715401133,0.410490080122173,4.05154042581575,5.08815325390096e-05,0.00016121377643466,"","Os04g0664300",""
"Os04g0665000",505.60657134357,1.13935981626033,0.140823028309562,8.0907208851932,5.9312631904309e-16,5.53934821218645e-15,"","Os04g0665000",""
"Os04g0665200",12.4408768027194,4.26400002874705,0.947317234676508,4.50113211568787,6.75924740030654e-06,2.43068030242954e-05,"","IAMT1","SABATH4"
"Os04g0665400",288.987626198964,2.17585170257906,0.255574900255234,8.51355786662193,1.68676259409415e-17,1.75012214379693e-16,"","FtsZ1",""
"Os04g0669600",60.5418050627667,1.4548101661995,0.3237014492114,4.49429611681908,6.98004426420954e-06,2.50426522928352e-05,"","Os04g0669600",""
"Os04g0670200",518.562505502784,1.76928470674377,0.165613152558148,10.6832378915229,1.21942748347856e-26,2.08947128341274e-25,"","Os04g0670200",""
"Os04g0672600",52.0807215011596,1.68099214180707,0.318573239418156,5.27662695359234,1.31583365623433e-07,5.84691723466965e-07,"","Os04g0672600",""
"Os04g0672700",111.854797958251,1.76262728361524,0.225573209537996,7.81399212798957,5.54045568760592e-15,4.78813639943537e-14,"","OSJNBb0004A17.12",""
"Os04g0673700",279.429906577203,2.13211280911265,0.238055726079868,8.95636011039416,3.35572739024471e-19,3.87441088294935e-18,"","Os04g0673700",""
"Os04g0674400",447.513334414515,1.52178250003287,0.253358608792118,6.00643691283249,1.89644718206638e-09,1.02460252573176e-08,"","Os04g0674400",""
"Os04g0674700",28.7298840702921,1.26631019357719,0.463882782982492,2.7298064080662,0.00633715274722009,0.013740757295692,"","Os04g0674700",""
"Os04g0675400",2670.2890048443,8.55866864909476,0.302581761323002,28.2854743513721,5.21511407293014e-176,4.16822198016097e-173,"","OsDjC45",""
"Os04g0675500",1425.65495222395,1.09104274524899,0.123838872173832,8.81017992248427,1.24945153855031e-18,1.39135554025443e-17,"","Stt3a",""
"Os04g0675600",54.4238440115749,1.50307483886115,0.329683169814073,4.55914943947189,5.13612148162842e-06,1.87695696091899e-05,"","Os04g0675600",""
"Os04g0676700",3121.57976406911,1.31982736356242,0.131226301659492,10.0576435277977,8.50087238161146e-24,1.24926521351831e-22,"","MYB",""
"Os04g0677100",10.5064902959681,2.90020966452483,0.772669742681788,3.7534919569372,0.000174388130338848,0.000509830643705679,"","Os04g0677100",""
"Os04g0678400",46.8028171082785,1.30607768855678,0.328226193049316,3.97920006451326,6.9147535142868e-05,0.000214614615838011,"","OsDof17",""
"Os04g0678800",269.76689594019,1.16698299966416,0.182264591376537,6.40268628618772,1.52666679287355e-10,9.17889423126132e-10,"","Os04g0678800",""
"Os04g0679400",2427.64718431102,2.758114217008,0.308497820458906,8.94046581238455,3.87533336316835e-19,4.4597833134799e-18,"","Os04g0679400",""
"Os04g0679600",10.5580184570656,6.5510890497483,1.1331433017511,5.78134207705644,7.41070278112053e-09,3.76106068840277e-08,"","OsCBSX12",""
"Os04g0679800",767.28369468678,1.2621150906279,0.135950481137961,9.28363827816928,1.63788056343816e-20,2.04442149724469e-19,"","Os04g0679800",""
"Os04g0680800",349.962642118219,2.89040596026424,0.242712602159204,11.9087593085435,1.06550855439071e-32,2.4604012536942e-31,"","OsMLO4",""
"Os04g0683600",232.587689380844,3.9017025899469,0.295772178788926,13.1915807833004,9.81062074741197e-40,3.05758176425945e-38,"","Os04g0683600",""
"Os04g0684100",74.4686792873391,3.67832076602147,0.847908116702104,4.3381124600247,1.43711618614024e-05,4.92699982620684e-05,"","Os04g0684100",""
"Os04g0684600",48.9067106909157,1.80131339135933,0.332930240744339,5.41048295081906,6.285500733014e-08,2.88613513087264e-07,"","Os04g0684600",""
"Os04g0685300",1601.07053338915,3.08578607322087,0.754958245924394,4.08735991676274,4.36309963197459e-05,0.000139814432981679,"","Os04g0685300",""
"Os04g0685500",11.6905915267585,2.90409710434173,0.788717942915141,3.68204772115116,0.0002313680875548,0.000662499376556719,"","OsEXO70A2",""
"Os04g0685900",698.603287068228,1.04434995766187,0.114542051029622,9.11761181395108,7.67979404570739e-20,9.18350661537124e-19,"","OsRLCK174",""
"Os04g0686500",8.12047633337208,2.4145799635774,0.886078717982334,2.72501744435931,0.0064298089792261,0.013924602489143,"","Os04g0686500",""
"Os04g0687900",1142.81805341974,1.84893932394459,0.191902024877653,9.63480883082595,5.69979936245779e-22,7.65026699911249e-21,"","OsTLP3",""
"Os04g0688300",79.5725176765578,4.98732315603222,0.553338867481119,9.01314447462412,2.00231235166099e-19,2.33026271193539e-18,"","prx61",""
"Os04g0688600",15.3166147921748,1.76917075366207,0.585823083731699,3.01997446463263,0.00252795997780495,0.0059737972694395,"","prx63",""
"Os04g0689400",18.3939206533155,2.0727018596249,0.626697308619434,3.30734124930407,0.000941860791650644,0.00243037750830327,"","Os04g0689400",""
"Os04g0690500",51.6513583602347,6.41873358378783,0.823222766073632,7.79707977999932,6.33561887632097e-15,5.45439989223783e-14,"","Os04g0690500",""
"Os04g0690600",11.1512224265119,1.82392620350378,0.610210934297849,2.9890093752622,0.00279883543597607,0.00655861476538811,"","OsARF13",""
"Os04g0690800",9293.03289352427,2.46253633725141,0.251903282230716,9.77572152075411,1.43133792535502e-22,1.97682607449952e-21,"","PSBS2",""
"Os04g0691366",5.21880194779953,3.45793998293972,1.1225088584953,3.08054582978974,0.00206621553531615,0.00497856873660685,"","Os04g0691366",""
"Os04g0691400",248.848867310419,1.75495797276482,0.218532058364416,8.03066600799742,9.69449391637208e-16,8.88972893286273e-15,"","Os04g0691400",""
"Os04g0691600",2561.84181755407,1.12570756213759,0.227572946769696,4.94657901176983,7.55290785375399e-07,3.06181933724579e-06,"","RPS17",""
"Os04g0691900",1694.9407512245,1.31772563957496,0.268398773939255,4.90958144195247,9.12709893162091e-07,3.6663769492343e-06,"","Os04g0691900",""
"Os04g0692800",91.7297233205088,1.163937570152,0.273697930951779,4.25263561951103,2.11269190316715e-05,7.0843371612901e-05,"","Os04g0692800",""
"Os05g0101300",10.5041429083689,1.76294918303046,0.641099426713945,2.74988419825413,0.00596163290631669,0.0130096334789333,"","Os05g0101300",""
"Os05g0102600",66.3380152190289,2.05861940960672,0.368577249998916,5.58531328130745,2.33279304331949e-08,1.12625902638985e-07,"","OsRFPHC-11",""
"Os05g0103000",216.577209641568,1.85282356249711,0.268006571905511,6.91335122614213,4.73336059874875e-12,3.25051207192898e-11,"","OsbHLH083",""
"Os05g0104000",230.651306087242,3.16742708186931,0.218741625331622,14.4802210236271,1.61576777447417e-47,6.4156856006645e-46,"","OsFH14",""
"Os05g0104700",24.3224753537786,1.26498968619064,0.542759945592694,2.33066145809502,0.0197712180216794,0.0382801804269087,"","PGIP4",""
"Os05g0106600",141.846881214393,1.13095988565098,0.222126668084025,5.09150880173997,3.55225379433049e-07,1.49887929601714e-06,"","Os05g0106600",""
"Os05g0106700",217.777174188994,1.21926737741122,0.275511497137397,4.42546822938271,9.62333198346314e-06,3.37777725675402e-05,"","Os05g0106700",""
"Os05g0107000",39.7406115789449,3.95606075713128,0.481532152624038,8.21556927314886,2.11160109570018e-16,2.02708796389629e-15,"","Os05g0107000",""
"Os05g0109600",248.131492313162,1.35746631021277,0.190803812338354,7.11446115031266,1.12350909443682e-12,8.11579732736478e-12,"","Os05g0109600",""
"Os05g0110300",1365.82127340527,1.21450399940426,0.154876722827024,7.84174650157524,4.44322661494071e-15,3.86687129744946e-14,"","Os05g0110300",""
"Os05g0112000",1226.90259527062,1.83268393856893,0.194872245477471,9.40454057004646,5.22580042880388e-21,6.67420913528215e-20,"","XB3",""
"Os05g0114400",5.6020050667371,5.63789319180967,1.2181891184572,4.62809354178922,3.69047327337798e-06,1.37213169709613e-05,"","Os05g0114400",""
"Os05g0115100",87.0416056225963,3.47984869282294,0.404514460150286,8.60253225936619,7.79762263788119e-18,8.28480686529941e-17,"","OJ1654_B10.11-2",""
"Os05g0119200",761.774936585008,1.0990163324438,0.198180423641217,5.54553427756036,2.93057914595795e-08,1.4012149652528e-07,"","OsGRP1",""
"Os05g0122400",4.98653882867792,5.46656210733002,1.27505265010713,4.28732265045737,1.8083953289626e-05,6.12363141529403e-05,"","Os05g0122400",""
"Os05g0122700",869.713747457683,7.0804514546005,0.350875430274091,20.1793880211832,1.48574157042532e-90,1.93748520475938e-88,"","OsRCI2-7",""
"Os05g0125250",6.82902520778458,3.82229725913866,1.05081518915061,3.6374590875759,0.000275340910729099,0.000779136791358484,"","Os05g0125250",""
"Os05g0125300",9.62665196069999,1.96464791971351,0.626088004330352,3.1379740645484,0.00170119928932694,0.00417126321540361,"","OsRLCK177",""
"Os05g0125400",27.1633912656497,1.85221049780942,0.545253807187778,3.39696939919127,0.000681365860204192,0.00180577622401105,"","P0683F12.1",""
"Os05g0125500",440.469821760587,1.32946185066444,0.263732165620066,5.04095451360177,4.63215568859574e-07,1.92989610721938e-06,"","Os05g0125500",""
"Os05g0125900",29.3153180241067,4.9672253399489,0.72718080315279,6.83079822571336,8.4443435729697e-12,5.6608631143796e-11,"","Os05g0125900",""
"Os05g0129000",590.384645158158,1.11693942005541,0.175235269257811,6.37394187132579,1.84230441491992e-10,1.09939249731385e-09,"","OsECS",""
"Os05g0130100",311.932106745664,3.73204624206042,0.383378738050739,9.7346197680021,2.14618820356955e-22,2.93953041016267e-21,"","Os05g0130100",""
"Os05g0131500",371.815666124937,1.52866456761587,0.394505288316916,3.87488992641299,0.000106672906963809,0.000322439260197914,"","Os05g0131500",""
"Os05g0131900",311.145701821397,1.03946001932563,0.159001976333252,6.53740313986427,6.25961573455906e-11,3.90174840390364e-10,"","Os05g0131900",""
"Os05g0132000",67.5336979676712,1.74815364282423,0.339389685834742,5.15087439538588,2.59274793716215e-07,1.11296804641488e-06,"","Os05g0132000",""
"Os05g0135500",82.8059860381818,6.06015669946024,0.638549816941148,9.4904994703315,2.29929886830338e-21,2.99053690603427e-20,"","prx71",""
"Os05g0135700",1669.41564732513,1.0968549999048,0.207044528312458,5.29767682751559,1.17285306634562e-07,5.23788399871044e-07,"","OsSAMS1",""
"Os05g0137400",15709.0566466845,1.33210897478548,0.131675862363538,10.116576803634,4.66444785610859e-24,6.98736544926254e-23,"","OsAP1",""
"Os05g0138300",11571.1906173077,3.73578440226082,0.216705556901018,17.2389875722807,1.3538710083287e-66,1.02270920650488e-64,"","OsLti6b",""
"Os05g0139200",46.7817832153492,1.12593404643818,0.359013786162221,3.13618610158169,0.00171160553680281,0.00419470330221199,"","OsFbox245",""
"Os05g0140800",8.02389928970348,6.15564075272585,1.19949152342604,5.13187515918732,2.86869754673492e-07,1.22526666291072e-06,"","Os05g0140800",""
"Os05g0142100",174.241872866237,1.67901302131102,0.288446845385495,5.82087496594771,5.85403521268093e-09,2.99928516262604e-08,"","Os05g0142100",""
"Os05g0142200",437.222926641609,1.1089983076434,0.247938400387722,4.47287836780896,7.71736793936135e-06,2.74692178470846e-05,"","Os05g0142200",""
"Os05g0142400",251.374698835392,4.34366890666061,0.275634238017258,15.7588147898689,5.97428966596716e-56,3.28215022291947e-54,"","Os05g0142400",""
"Os05g0142500",4.43625113835177,3.72482682104898,1.34241689492885,2.77471688200588,0.00552497816492799,0.012143385433551,"","Os05g0142500",""
"Os05g0147133",39.0591482173128,1.10023002987092,0.414713043592666,2.65299113898037,0.00797819652516757,0.0168996986666732,"","Os05g0147133",""
"Os05g0147550",13.1513638737667,2.61051675692281,0.655809717870378,3.98060090570171,6.87412767519199e-05,0.000213487417157473,"","Os05g0147550",""
"Os05g0147600",13.8478182296825,2.71386048931554,0.58477633659125,4.64085209934288,3.46975410543364e-06,1.29375616960616e-05,"","Os05g0147600",""
"Os05g0151200",393.935117179913,9.33948245752556,0.745754065121078,12.5235421358504,5.55018105350684e-36,1.46606434928293e-34,"","Os05g0151200",""
"Os05g0151400",11917.6849077471,1.20325465797446,0.193663627774393,6.21311638020219,5.1943947567855e-10,2.96752406937686e-09,"","Os05g0151400",""
"Os05g0152266",10.6769958814191,1.87737959333001,0.646540772104075,2.90372962438293,0.00368746454029327,0.00842921938507671,"","Os05g0152266",""
"Os05g0153400",48.1571928491257,2.81615966538779,0.355889107116756,7.91302574052623,2.51207392318576e-15,2.22768989244e-14,"","Os05g0153400",""
"Os05g0153500",3.92281089239285,4.3358915096014,1.3132977201392,3.30152976214856,0.000961591325592573,0.00247845087633488,"","Os05g0153500",""
"Os05g0157200",2073.10390685731,1.9487038955308,0.186816106449405,10.431134298683,1.78741651937019e-25,2.90025010480912e-24,"","Os05g0157200",""
"Os05g0157300",363.344099425019,1.4453375978878,0.158159312496443,9.13849191093507,6.33292700499774e-20,7.61703555353539e-19,"","Os05g0157300",""
"Os05g0162500",27.2718104454313,1.67371312632309,0.58446191183957,2.86368211925932,0.00418748014785934,0.00945704089176108,"","OsCrRLK1L10",""
"Os05g0163000",15.0910282837934,1.95326955512668,0.629833673380693,3.10124662697426,0.00192707713714729,0.00467468085246704,"","Os05g0163000",""
"Os05g0163700",1078.78077262224,1.42538823888913,0.287948090896168,4.95015693437298,7.41536625869225e-07,3.01197589822324e-06,"","OsACX4",""
"Os05g0169200",70.5102529126777,2.38311824291312,0.311046133206635,7.66162311148217,1.83597762654041e-14,1.52804896381564e-13,"","OsATG18d",""
"Os05g0170000",119.368699651127,1.75423664198441,0.274927055747371,6.38073483606638,1.76240239840085e-10,1.05374141470024e-09,"","BC10",""
"Os05g0170200",199.882872018816,5.18882358547232,0.324201546857354,16.0049316105064,1.18042868162572e-57,6.93068280678687e-56,"","Os05g0170200",""
"Os05g0171200",773.493034986909,1.54034556574193,0.296557459967411,5.19408807288543,2.05725738670898e-07,8.94257302991023e-07,"","Os05g0171200",""
"Os05g0171900",712.406634915053,5.57272566192392,0.596495223452392,9.34244809148703,9.4131994150225e-21,1.1923867173109e-19,"","OsGLYI6",""
"Os05g0172000",6.54043856611191,2.30598648767152,0.995768608218763,2.3157854833328,0.0205699842351138,0.039616206715384,"","OsFbox249",""
"Os05g0172100",370.772262843523,1.02115401642593,0.21092248291921,4.8413711155537,1.28946297409907e-06,5.07368971085481e-06,"","Os05g0172100",""
"Os05g0172300",67.3605531979947,2.21986855445736,0.400546598540005,5.54209812927832,2.98868730756785e-08,1.42762108000017e-07,"","Os05g0172300",""
"Os05g0172500",35.5971188520424,2.61350868284934,0.415226055671752,6.29418276418421,3.09023559983414e-10,1.80157099899036e-09,"","OsFbox250",""
"Os05g0172800",95.3005504577178,8.28153503871899,1.01980321288702,8.12071871716728,4.63430984356911e-16,4.36428335211372e-15,"","Os05g0172800",""
"Os05g0176000",221.782969898154,1.62705324436759,0.200170717105698,8.12832799868745,4.35252161603815e-16,4.10828297449818e-15,"","OsMed36_2",""
"Os05g0176500",111.84727393903,1.17079404852604,0.199045097131635,5.88205419474237,4.05205607349061e-09,2.11052750331883e-08,"","Os05g0176500",""
"Os05g0176700",1322.95030938408,1.7334432494235,0.243860961000889,7.10832616384702,1.1745871774987e-12,8.46502225040293e-12,"","Os05g0176700",""
"Os05g0178600",1493.1975680052,1.02074559747005,0.175544922094559,5.8147258564404,6.07333346734294e-09,3.10778569434854e-08,"","OsIAA15",""
"Os05g0179000",45.009177649287,2.69167101632265,0.376281981351492,7.1533348651322,8.4694655879698e-13,6.18837950082948e-12,"","OsRFPH2-5",""
"Os05g0179100",76.8724185391822,1.43069509110318,0.474018310968004,3.01822747771394,0.00254257971040967,0.00600548117109823,"","Os05g0179100",""
"Os05g0180300",215.76828310827,1.26949449838621,0.185405624622926,6.84711966515621,7.53516860032589e-12,5.07471792362801e-11,"","Os05g0180300",""
"Os05g0182600",273.602403218571,2.24710215708663,0.270643514351127,8.30281177243096,1.01675893585404e-16,9.9969191085935e-16,"","SSRP1-B",""
"Os05g0182800",483.032261246618,1.22009701468221,0.150666614530633,8.09799183769508,5.58738169799303e-16,5.2359514497418e-15,"","Os05g0182800",""
"Os05g0186000",3287.78060210766,1.35688452241124,0.213733608878734,6.34848459037201,2.17446212881947e-10,1.28676016636637e-09,"","OJ1111_A10.15",""
"Os05g0188800",97.5639127878268,1.19062084476828,0.247281191361984,4.81484595820062,1.47313482557451e-06,5.75798415732128e-06,"","B1007D10.9",""
"Os05g0195101",1954.98833671443,1.79624821908625,0.205166667148406,8.75506847214587,2.03979610817087e-18,2.25022387231298e-17,"","Os05g0195101",""
"Os05g0195200",3805.99104075987,1.49157184072703,0.256519428282148,5.81465447165442,6.07592563154329e-09,3.10782843461495e-08,"","C3H35",""
"Os05g0195700",2113.32713676124,1.36971144232463,0.118507963838628,11.5579695908855,6.72808254859543e-31,1.43832356606168e-29,"","Os05g0195700",""
"Os05g0196200",10.1252405289551,1.49356895340537,0.599073494584554,2.49313142194871,0.0126621969654485,0.0257156765748293,"","Os05g0196200",""
"Os05g0198200",531.866653684512,1.6871033596794,0.307534458614834,5.48590023790596,4.11369018103513e-08,1.93222562304279e-07,"","OsGRX16",""
"Os05g0199500",93.5187343665678,1.08422368229314,0.35480516666706,3.05582833665594,0.00224439714745387,0.00536252923071019,"","Os05g0199500",""
"Os05g0200700",5.80949041817641,4.13182065034982,1.54741920141208,2.67013660330658,0.00758203936902201,0.0161405781807938,"","Os05g0200700",""
"Os05g0206100",1.77612933437787,3.98282245473039,1.72312752085066,2.31139158683055,0.0208112352368026,0.0400310515846796,"","OsCEP11",""
"Os05g0207200",21.0678005923968,3.63876596852446,0.6242076678934,5.82941568277223,5.56217922415697e-09,2.85506763283483e-08,"","Os05g0207200",""
"Os05g0208550",12.9526780225715,2.11602182360624,0.666690345814457,3.17392000182817,0.00150395135955349,0.00372150233053599,"","Os05g0208550",""
"Os05g0209600",6.93768050691983,2.47759562693033,0.819782991635375,3.02225790509243,0.00250896684523815,0.00593174346607496,"","OsGELP63",""
"Os05g0212100",34.2140798429959,1.25282464086866,0.400385352279753,3.12904713855092,0.00175374171576333,0.00429032962988429,"","Os05g0212100",""
"Os05g0214232",18.0303923840507,1.30425374898236,0.511201308950122,2.55135056610274,0.0107306329684045,0.0221063351673866,"","Os05g0214232",""
"Os05g0214800",22.6334192985488,1.97499113339898,0.436232714388458,4.5273796949586,5.97195794750986e-06,2.1651624534014e-05,"","Os05g0214800",""
"Os05g0214900",86.4640372330895,1.08285982788869,0.31399908019621,3.44860828003711,0.000563483495482751,0.00151474781030445,"","OsTBL48",""
"Os05g0217700",15.4390428302444,1.99606855236872,0.779036600455738,2.56222692387112,0.010400333971086,0.0215063490904355,"","OsBURP07",""
"Os05g0217800",44.6520897282691,2.70086023867368,0.661720833163875,4.08157051027109,4.47324023451087e-05,0.000143010933278033,"","OsBURP02",""
"Os05g0217900",25.9672456276784,2.61123202048266,0.531581828301424,4.91219203039048,9.00637791375772e-07,3.6190565288546e-06,"","Os05g0217900",""
"Os05g0222200",3056.0152639329,1.20878705269775,0.179404387842528,6.73777864206289,1.60826325763293e-11,1.05334228745364e-10,"","OsABCG12",""
"Os05g0227600",1326.45490856407,1.28512154082119,0.520549658822028,2.46877799080561,0.0135575301609251,0.027323485016857,"","OsRePRP1.2",""
"Os05g0227800",312.60267376966,1.46145339693554,0.182940840131644,7.98866669620566,1.3640593176389e-15,1.23528134916444e-14,"","Os05g0227800",""
"Os05g0231600",11.941737056083,4.23474663787056,0.862536773149856,4.90964184913055,9.1242880063467e-07,3.66584212637023e-06,"","Os05g0231600",""
"Os05g0231700",1933.11099582158,4.15098596274617,0.224843638614501,18.461656235083,4.20255016732871e-76,3.97429715633219e-74,"","OsTIP4",""
"Os05g0232700",117.257709524501,1.56179288400062,0.211579523694576,7.38158805128578,1.56412517322878e-13,1.21107279428405e-12,"","Os05g0232700",""
"Os05g0233000",27.5598226488627,1.21703513393434,0.368013776154048,3.30703689044755,0.000942884740289563,0.00243276634490831,"","Os05g0233000",""
"Os05g0239400",3.98431534964689,2.52773577333185,1.05836412682869,2.38834226260676,0.0169245718318654,0.03328624514035,"","Os05g0239400",""
"Os05g0243100",100.834300528428,1.23723982836858,0.276315517252787,4.47763426632568,7.547475890807e-06,2.69108951139049e-05,"","Os05g0243100",""
"Os05g0244700",6.88798359919476,5.93587869047999,1.33110180618197,4.45937242584473,8.2199982363458e-06,2.91535780563899e-05,"","OsAT-IV",""
"Os05g0247100",1848.42453567669,5.21916416056473,0.921323724181216,5.66485375724263,1.47149982241083e-08,7.24549902620689e-08,"","DIP3",""
"Os05g0247800",11.5433154763121,5.93720164238636,2.26829457425884,2.61747381039623,0.00885832856766622,0.0185907849331752,"","OsXIP",""
"Os05g0255800",57.3650169044788,2.06391218201765,0.312452492104966,6.60552318886384,3.96115894981023e-11,2.50755327796239e-10,"","Os05g0255800",""
"Os05g0267800",515.323295968961,2.61647336419829,0.214372280940667,12.2052783723585,2.91310494219579e-34,7.22502514041893e-33,"","Os05g0267800",""
"Os05g0269500",155.194945113935,1.30795995599362,0.295185782212441,4.4309720684728,9.38092411492742e-06,3.29970409988014e-05,"","HAP2A",""
"Os05g0271300",224.180932519545,1.96285561846251,0.249641541369052,7.86269627922531,3.75951810112888e-15,3.28801906077198e-14,"","Os05g0271300",""
"Os05g0271900",116.579061468368,1.93155752479817,0.255832456417387,7.55008786550076,4.34964694159937e-14,3.51848521945829e-13,"","Os05g0271900",""
"Os05g0272400",2.62191303792544,3.73070534915016,1.51397833494885,2.4641735373817,0.0137329603253698,0.027641068885596,"","Os05g0272400",""
"Os05g0272900",220.047091642329,1.33143660433223,0.192284716599148,6.92429761387559,4.38143929077157e-12,3.01720181510415e-11,"","Os05g0272900",""
"Os05g0274200",319.516301046822,1.05973761135679,0.162160532941694,6.535114260742,6.35609972677037e-11,3.96089242782167e-10,"","Os05g0274200",""
"Os05g0287800",467.555758667325,2.07663666358466,0.218719188910866,9.49453348801029,2.21199591534288e-21,2.8784990963472e-20,"","P0697B04.12",""
"Os05g0295900",138.730292893682,1.39029446861744,0.258197582444529,5.38461458645194,7.2600042032347e-08,3.31394849195922e-07,"","Os05g0295900",""
"Os05g0296800",19.2745547087484,3.54185150185261,0.955554143919744,3.70659425673537,0.000210065077627387,0.000605770766803278,"","Os05g0296800",""
"Os05g0298200",168.160529389659,2.65955740368934,0.202326631613618,13.1448706602711,1.82116663874561e-39,5.60534730536645e-38,"","Os05g0298200",""
"Os05g0299000",44.9714072911489,8.64146244240087,1.06269368978515,8.13165875121358,4.23455491975618e-16,3.99998350159355e-15,"","Os05g0299000",""
"Os05g0299101",21.916212623131,1.94818804151192,0.444898735209438,4.37894713410414,1.1925405401725e-05,4.1354201488949e-05,"","Os05g0299101",""
"Os05g0304900",339.613096878837,7.64744557535636,0.47023339593673,16.2630847605416,1.80420953780379e-59,1.10925309474354e-57,"","Os05g0304900",""
"Os05g0305000",41.989092399602,8.54371204504981,1.0633587484642,8.03464687471604,9.38487975194516e-16,8.6153822013318e-15,"","Os05g0305000",""
"Os05g0305700",536.409525779861,1.11054215124388,0.132999374610495,8.34998024987892,6.82743820867088e-17,6.81286494145141e-16,"","Os05g0305700",""
"Os05g0310500",11567.8083941575,1.12102658006715,0.162218248778897,6.91060708955813,4.82583972754721e-12,3.30943346054352e-11,"","OsCatB",""
"Os05g0313500",2955.90183764773,1.12485069123029,0.139001050216819,8.09238987385853,5.85052907404665e-16,5.46807087392131e-15,"","Os05g0313500",""
"Os05g0313600",7.39084783161953,4.52068169477358,1.17083993678793,3.86105867483096,0.000112896785376614,0.000340049070177043,"","Os05g0313600",""
"Os05g0314700",176.559113891774,8.18212195147748,0.744418679998529,10.9912904811761,4.20865014475705e-28,7.77032225310323e-27,"","Os05g0314700",""
"Os05g0316200",1641.01655666623,2.04011791636101,0.251952545170152,8.09723082965186,5.62243275204651e-16,5.26303650622795e-15,"","Os05g0316200",""
"Os05g0316800",631.550686198355,2.11196755578564,0.228221081623691,9.2540423555963,2.16159345732843e-20,2.68057062523656e-19,"","OsERF#056",""
"Os05g0318901",104.339333962542,1.11703179311869,0.272946797254333,4.09248910174181,4.26767307831889e-05,0.000137004581318356,"","Os05g0318901",""
"Os05g0319200",15.2525126308685,2.85622195461071,0.787414438633434,3.62734262222536,0.000286353204557678,0.000808359729899235,"","OsACS4",""
"Os05g0319875",3.16518997680665,4.81646552072172,1.38434317976123,3.47924242423215,0.000502833489655809,0.00136205371960227,"","Os05g0319875",""
"Os05g0320700",837.313055936842,1.1002382115301,0.243843735066211,4.51206265861764,6.42002148631665e-06,2.31743695172593e-05,"","C4H2",""
"Os05g0323900",4577.1327350819,1.88600362702225,0.135173725765731,13.9524424316815,3.0401313792274e-44,1.08851640438031e-42,"","SODA1",""
"Os05g0324700",18.3882347737064,2.24046544412579,0.728660963931915,3.0747707850796,0.00210664388925413,0.00506711150801374,"","Os05g0324700",""
"Os05g0326600",2.9795420932739,3.08803838499152,1.3739001709425,2.24764393389158,0.0245989037322725,0.0464335698441655,"","Os05g0326600",""
"Os05g0333500",88.3286909236059,1.85041854886119,0.795358015649065,2.32652278905006,0.0199906781773638,0.0386326365494535,"","OsDjA7","DJA7"
"Os05g0339300",3.88874469210553,5.10707737533168,1.36380321936151,3.74473186661244,0.000180586534241551,0.000526523012344424,"","Os05g0339300",""
"Os05g0343800",10.3042029868689,1.92369997425363,0.615211183463725,3.1268937008312,0.0017666379023599,0.0043176156349153,"","Os05g0343800",""
"Os05g0344200",11509.6520254681,3.54108286925878,0.234263903890487,15.1157852765664,1.27442718745703e-51,5.92429313764032e-50,"","Os05g0344200",""
"Os05g0344400",369.989590760031,1.18688385303653,0.306174561443781,3.87649400864567,0.000105972418168527,0.000320478286947589,"","Os05g0344400",""
"Os05g0345100",4.62388026470852,3.13297190774394,1.15337367996893,2.71635460575825,0.00660051794862118,0.0142482168681815,"","Os05g0345100",""
"Os05g0345400",1322.41645849772,1.29491169110429,0.19091457965389,6.78267575714669,1.17970207483288e-11,7.81119142387338e-11,"","Os05g0345400",""
"Os05g0347400",11.2743421864369,2.64293492576995,0.691606255533456,3.82144450635626,0.000132672270655014,0.000395241174704735,"","OsG1L9",""
"Os05g0349200",1248.17687305787,1.36420191232655,0.138391513567546,9.85755468062507,6.35789053777102e-23,8.960719786937e-22,"","Os05g0349200",""
"Os05g0349800",158.28758873333,10.4576009247059,1.27038730218441,8.23182104128739,1.84388583281179e-16,1.77835575241641e-15,"","Em*",""
"Os05g0350900",2.52300612723295,4.48539250916507,1.51737599296432,2.95601916068441,0.00311637730287093,0.0072291433791998,"","Os05g0350900",""
"Os05g0355300",113.797159502863,1.70755104665689,0.361428914872636,4.72444504684585,2.30744598753697e-06,8.79157146443235e-06,"","OsRFPV-2",""
"Os05g0355400",13286.561409004,3.72084970407476,0.326680476457217,11.389874731501,4.69664434931094e-30,9.64115634158054e-29,"","UspA",""
"Os05g0355800",39.4188959030396,3.1668683380994,0.589758486302504,5.36977154488121,7.88364475560505e-08,3.5834354450491e-07,"","Os05g0355800",""
"Os05g0356700",26.3558528280281,6.43981500227639,1.18448996927802,5.43678306216609,5.42511237299537e-08,2.50826664052447e-07,"","OsTBL4",""
"Os05g0361500",7.07197691329371,5.97452003287503,1.2462279113663,4.79408299106773,1.63420616342969e-06,6.35148644883098e-06,"","OsPME17",""
"Os05g0361700",4.53197516322997,5.33067282097413,1.28161044340035,4.15935501183252,3.19147529614229e-05,0.000104307061617884,"","OsERF#061",""
"Os05g0361900",679.106489850415,1.33365550581341,0.183897717031339,7.2521591205297,4.10179588416603e-13,3.07597447403092e-12,"","Os05g0361900",""
"Os05g0362000",48.1951628693117,1.05684279980579,0.319928154464834,3.30337541431339,0.000955284064806359,0.00246321919801303,"","Os05g0362000",""
"Os05g0363200",2368.98999736765,2.27929708403822,0.190854658065593,11.942580323373,7.09862852313841e-33,1.65303307253572e-31,"","OsUXS5",""
"Os05g0363500",99.1369300516888,1.50049882007322,0.336378200310432,4.46074929555023,8.16735899628788e-06,2.89834794974255e-05,"","Os05g0363500",""
"Os05g0363566",7.13391433308723,3.39732599962865,1.04917291440522,3.23809922366765,0.00120328951951034,0.00303975371379565,"","Os05g0363566",""
"Os05g0363600",137.626937294664,1.0634006797037,0.238538494723801,4.45798352561495,8.27342588139545e-06,2.93236221488959e-05,"","Os05g0363600",""
"Os05g0370000",109.307167073849,1.67696920970686,0.210884397352841,7.95207815636093,1.83408479177137e-15,1.64232449894178e-14,"","Os05g0370000",""
"Os05g0373400",403.196613060326,3.19776754556992,0.240180265232071,13.314031202689,1.91844811865975e-40,6.09402423538879e-39,"","Os05g0373400",""
"Os05g0373900",2167.63787682115,5.99380986975044,0.168991141024881,35.4681898317259,1.5211013937496e-275,5.38404703327626e-272,"","Os05g0373900",""
"Os05g0376200",58.3655989788428,1.32619615567893,0.294077058614935,4.50968926962592,6.49226493539119e-06,2.34044592323858e-05,"","Os05g0376200",""
"Os05g0378900",1159.68437275039,1.2812325506551,0.117770291018332,10.8790811296854,1.45017394810034e-27,2.60369274725233e-26,"","Os05g0378900",""
"Os05g0380850",45.1538198182483,1.00339405465811,0.387332265527548,2.59052535499846,0.00958295619431209,0.0199610681485053,"","Os05g0380850",""
"Os05g0380900",170.127652204589,2.80061525673672,0.417929155095138,6.70117225035231,2.06754148377698e-11,1.34068242197179e-10,"","OsCML15",""
"Os05g0381400",122.18315053371,10.0842853014261,1.04274390629333,9.67091271458306,4.00787536084696e-22,5.42047640915422e-21,"","AWPM-19",""
"Os05g0386700",4.84603196110418,5.42431995268903,1.38172374577685,3.92576299659618,8.64552498654564e-05,0.000264980421315736,"","Os05g0386700",""
"Os05g0386900",177.45204753347,1.5290490415074,0.202076221024951,7.56669455590526,3.82840639447831e-14,3.11106675093438e-13,"","Os05g0386900",""
"Os05g0387200",2582.33602418863,1.01735783151543,0.190314690880036,5.34566105649046,9.00876513195704e-08,4.07243520661375e-07,"","Os05g0387200",""
"Os05g0389400",1058.51117303073,1.75452156696605,0.144484473378871,12.1433225725597,6.22460904304597e-34,1.52549098179575e-32,"","Os05g0389400",""
"Os05g0391500",571.266325496524,1.97982048174807,0.151460424071897,13.071536633281,4.78882889692523e-39,1.44698553145264e-37,"","Os05g0391500",""
"Os05g0392400",96.6238483512245,1.25601805165451,0.25891668866059,4.85105096219197,1.22808983089594e-06,4.84297019578366e-06,"","Os05g0392400",""
"Os05g0392700",973.146348429537,1.05743327939868,0.224673240181029,4.7065386093451,2.51958283871487e-06,9.55136230031187e-06,"","Os05g0392700",""
"Os05g0393700",231.399822736524,2.11633227868272,0.268491474670444,7.88230718044354,3.21390735702545e-15,2.82780477929757e-14,"","OsISA2",""
"Os05g0393800",18.4145268276586,1.3202821391649,0.509115728813062,2.59328491430224,0.00950639804134446,0.0198199279931329,"","OsSTA149",""
"Os05g0395300",1880.80540621878,1.12728639266788,0.138722938724423,8.12617151160036,4.43061997137632e-16,4.17722492506815e-15,"","OsCBSDUF1",""
"Os05g0406300",73.0090025277495,1.65449188684456,0.320309719299067,5.16528780476933,2.40069239823321e-07,1.03518892361685e-06,"","Os05g0406300",""
"Os05g0407500",1680.66117630894,1.1255065141014,0.176765403273091,6.36723302898005,1.92468649926131e-10,1.14606963211241e-09,"","GID1",""
"Os05g0409800",31.3767541701322,1.42872799966211,0.366770152435641,3.89543148528918,9.80240691809543e-05,0.000298005197803252,"","Os05g0409800",""
"Os05g0410500",9.58260245507192,4.95706777389881,1.19677097531483,4.1420354237742,3.44237158349401e-05,0.000111990074480345,"","Os05g0410500",""
"Os05g0411200",722.429580997199,1.63256808016249,0.191566203384838,8.52221347667896,1.56532529172834e-17,1.62684835373964e-16,"","TCD5",""
"Os05g0411600",17564.7359358967,1.22962172959493,0.146000290282564,8.42204989603211,3.69953434077919e-17,3.75515618031487e-16,"","Os05g0411600",""
"Os05g0415600",35.9016478325451,1.01426768191009,0.397632309014437,2.5507677794695,0.0107485917354846,0.0221378102601914,"","Os05g0415600",""
"Os05g0417200",2391.49787047283,1.09845520531244,0.172196363154561,6.37908481450607,1.7814936031858e-10,1.06489908338081e-09,"","MRL7L",""
"Os05g0417251",3.36632233629026,4.90468563690499,1.42020768690141,3.45349886649746,0.000553364629072603,0.00148948565068244,"","Os05g0417251",""
"Os05g0417300",224.739828698044,1.07712014709324,0.166895105091294,6.45387500432707,1.09025745972456e-10,6.63717667803329e-10,"","Os05g0417300",""
"Os05g0418100",736.116884219332,1.449383306274,0.162743417845107,8.90594117700949,5.29349937888321e-19,6.03853748207133e-18,"","OsMLO9",""
"Os05g0421450",448.893252488034,2.78449498101751,0.189149857557237,14.7211053551807,4.71883609881618e-49,1.98841159898586e-47,"","Os05g0421450",""
"Os05g0421600",1090.63942249362,2.75380433166213,0.15818625084223,17.408620009641,7.09741955584858e-68,5.7095053355604e-66,"","ONAC088",""
"Os05g0424300",983.482792803614,4.57718401448481,0.36535655143265,12.52799216693,5.24743621369549e-36,1.38757446175809e-34,"","Os05g0424300",""
"Os05g0424800",163.588501903787,1.34911354734895,0.213918361105276,6.30667484725639,2.85093878408876e-10,1.66716332908585e-09,"","Os05g0424800",""
"Os05g0426300",324.848442883804,1.25670763188998,0.137732792839022,9.12424416862566,7.22385582001776e-20,8.65919088788486e-19,"","OsTBL27",""
"Os05g0429100",21.4767047442437,1.5564873046484,0.405060782362631,3.84260183266755,0.000121736877608776,0.000364636679945918,"","Os05g0429100",""
"Os05g0429900",42.0763106119179,2.07725927752348,0.512644571623394,4.05204578865511,5.07717252332826e-05,0.000160927598324811,"","R2R3-MYB",""
"Os05g0430200",933.98411505667,1.70814994083132,0.167773398764454,10.1812918699315,2.403490734166e-24,3.67373781125422e-23,"white stripe leaf8 [Source:NCBI gene (formerly Entrezgene);Acc:4338875]","wsl8",""
"Os05g0430700",380.503615548507,1.07259480846015,0.158868282193209,6.75147231185957,1.46352318855674e-11,9.60829730865671e-11,"","Os05g0430700",""
"Os05g0430900",92.9085795979149,1.02008725638236,0.328844279860582,3.10203740449686,0.00192193672149527,0.0046626677909026,"","Os05g0430900",""
"Os05g0435700",186.900340653784,1.18477068843919,0.225628710327538,5.25097487247653,1.51296320290269e-07,6.67616906114334e-07,"","Os05g0435700",""
"Os05g0437700",196.12610203238,1.41471978942029,0.190186169533718,7.43860498841099,1.017540890712e-13,7.99100179054552e-13,"","OsbZIP40",""
"Os05g0438700",8.81312508032156,1.99860862380599,0.692878550112058,2.88450064370265,0.00392034957174553,0.0089089701310776,"","Os05g0438700",""
"Os05g0439300",50.5036637877776,1.67319358213675,0.39123301248526,4.27671880628886,1.89668129527437e-05,6.40071812217556e-05,"","Os05g0439300",""
"Os05g0443800",83.9785392740756,1.65580782773857,0.251637599637031,6.58012884452463,4.70040768385575e-11,2.95588835489578e-10,"","Os05g0443800",""
"Os05g0444200",39.5663933330666,1.31937645387753,0.402721291724939,3.2761527165012,0.00105231642166909,0.00269240437625929,"","Os05g0444200",""
"Os05g0444750",4.95278837024342,3.90731421882475,1.22089935302832,3.20035735061456,0.00137257293895849,0.00342928705340067,"","Os05g0444750",""
"Os05g0445900",588.50305834397,2.13432465901113,0.204006268963768,10.4620542782937,1.29027439682321e-25,2.11296290350884e-24,"","ROS1c",""
"Os05g0446600",912.673502728454,1.03317774650437,0.190884319133315,5.41258575453123,6.21210879210453e-08,2.85402224257322e-07,"","ROS1D",""
"Os05g0446900",645.818687284347,2.67339077286459,0.159876860811605,16.721561577412,9.1295347752185e-63,6.24868737915991e-61,"","Os05g0446900",""
"Os05g0447700",1593.79193566319,1.58600556738504,0.28464492824535,5.57187362220617,2.52014211837039e-08,1.21387171980683e-07,"","Os05g0447700",""
"Os05g0449200",178.45980508592,1.03568708553356,0.23854354183503,4.34171085734031,1.41377508770312e-05,4.85033305843536e-05,"","Os05g0449200",""
"Os05g0449600",770.862903227711,1.43387972386136,0.147651882128428,9.71121873417209,2.70088116506187e-22,3.67892977607135e-21,"","B1122D01.7",""
"Os05g0453100",26.6100899229575,1.5856733155909,0.511826787550593,3.09806628758007,0.00194787853931393,0.00472005736612041,"","Os05g0453100",""
"Os05g0453500",807.212050582059,2.3879338968095,0.217256218522899,10.9913258780108,4.2069997233877e-28,7.77032225310323e-27,"","Os05g0453500",""
"Os05g0453700",43.1217374259644,2.68951698145479,0.450911824551286,5.96461843539188,2.4520636010605e-09,1.31134858285077e-08,"","Os05g0453700",""
"Os05g0453900",12.0764166529921,5.25731623165424,1.12472004980439,4.67433316634534,2.94910253925544e-06,1.10964181647884e-05,"","PSF1",""
"Os05g0455500",6169.54453476165,2.30489518650336,0.209576160778149,10.9978882041992,3.91185686728653e-28,7.24937005241274e-27,"delta-1-pyrroline-5-carboxylate synthase 1-like [Source:NCBI gene (formerly Entrezgene);Acc:4338979]","OsP5CS",""
"Os05g0455900",91.9466469839754,3.65969284628269,0.318196822685394,11.5013494333382,1.29868968680492e-30,2.73386868054083e-29,"","Os05g0455900",""
"Os05g0456000",29.9712687673775,1.23429593779301,0.514647293153911,2.39833368252823,0.0164698540422066,0.032474420945707,"","Os05g0456000",""
"Os05g0457000",16.2721273114845,3.02010803263086,0.610412750583633,4.94764899609855,7.51152026958991e-07,3.04553980886319e-06,"","Os05g0457000",""
"Os05g0457200",358.911069323882,3.2081124820211,0.284012570156559,11.2956707523637,1.37847581275892e-29,2.76778729438637e-28,"","OsPP2C49",""
"Os05g0458600",3.08221436372834,4.77115069302801,1.45213424827293,3.2856126757581,0.00101760833247545,0.00261223390527811,"","OsLAC",""
"Os05g0459000",41.1748460205673,1.04253633009984,0.339295288385117,3.07265195181993,0.00212165784732189,0.00509876978497521,"","Os05g0459000",""
"Os05g0459300",53.8776580358977,1.74394961725503,0.403916106864503,4.31760355087808,1.57732414609369e-05,5.37570293916966e-05,"","Os05g0459300",""
"Os05g0459400",9.42798619633249,6.3883216720108,1.14821839624258,5.56368169410617,2.64141564447295e-08,1.26887902837917e-07,"","KIN10C",""
"Os05g0460700",50.7377526004703,1.07056453533665,0.277353471215491,3.85992838180444,0.000113420261656649,0.000341501254474029,"","Os05g0460700",""
"Os05g0461600",509.637154925953,2.95123550376061,0.306495650883165,9.62896372348725,6.03348510670727e-22,8.09375530529973e-21,"","Os05g0461600",""
"Os05g0461900",24.3500487762579,1.7660221205413,0.422409484285494,4.18082970728871,2.90447330397611e-05,9.55191598787047e-05,"","OsMTP11.1",""
"Os05g0464200",2.84427539489435,3.86971525993329,1.38592681903449,2.79214977788593,0.00523591136489057,0.0115634348772523,"","Os05g0464200",""
"Os05g0465100",35.8767831804056,1.4781501455925,0.360884069281921,4.09591409378,4.20505853314477e-05,0.000135175946397564,"","Os05g0465100",""
"Os05g0465800",6.16464254176603,2.85678618743244,0.928287747086479,3.07747915061762,0.00208759441630812,0.00502617110609913,"","rbohD",""
"Os05g0466200",48.6847584095377,1.63057381838964,0.328872400427479,4.95807436644171,7.11953128698451e-07,2.89894209856393e-06,"","Os05g0466200",""
"Os05g0467700",6.91935094628159,3.46600484587744,1.05452105149503,3.2868047925298,0.00101331049874951,0.00260227966703116,"","Os05g0467700",""
"Os05g0468800",4413.82485370838,7.07556631200724,0.306947536275148,23.0513865589874,1.42454760381052e-117,3.4603937234915e-115,"","Os05g0468800",""
"Os05g0471350",256.584899911004,2.36405376067169,0.232573324107102,10.1647674760112,2.84800760265076e-24,4.33180382878318e-23,"","OsGRL11",""
"Os05g0475300",3331.06596083213,1.98028875302502,0.124557092456196,15.8986430557653,6.47521524048177e-57,3.74851420592096e-55,"","Os05g0475300",""
"Os05g0475400",80.6659626018759,4.08297253293181,0.882632615904048,4.62590262285942,3.72970511560608e-06,1.38630218495907e-05,"","Osh36",""
"Os05g0477900",460.271593140246,1.9517344822536,0.295219566841795,6.61112846662873,3.81401313696825e-11,2.42058922885918e-10,"","OsLTP1.4",""
"Os05g0478000",141.877173901518,6.53033822035919,0.50726178380105,12.8737043256553,6.32922903557793e-38,1.81293997473427e-36,"","Os05g0478000",""
"Os05g0478300",31.9937138775248,2.68475622488969,0.42116748925852,6.37455713786525,1.8349239833043e-10,1.09525202443581e-09,"","Os05g0478300",""
"Os05g0482400",45.2413133186698,1.12615119472094,0.347512388956427,3.24060732943293,0.00119275360992893,0.00301590531617606,"","EUI1",""
"Os05g0484700",2.2328310704261,4.30886346598994,1.87925461667068,2.29285772548671,0.0218561973426587,0.0418073806499694,"","Os05g0484700",""
"Os05g0489800",32.1839898328117,1.40981058817393,0.43900871608588,3.21134988103092,0.00132112975769431,0.00331379145640737,"","CENH3",""
"Os05g0490300",1541.23209275865,1.27103803334114,0.219842746176938,5.78157822099875,7.4003057520671e-09,3.75655348533019e-08,"","OsFbox265",""
"Os05g0490500",89.0479077002927,1.40332078981952,0.233937634228131,5.99869616724873,1.9890812908573e-09,1.07231216587405e-08,"","Os05g0490500",""
"Os05g0494200",3437.55723004775,1.27231926166053,0.217537467722176,5.84873619695457,4.9532191621361e-09,2.55466093214501e-08,"","Oc2*",""
"Os05g0494500",2492.4659284695,1.78959647945509,0.158936549469628,11.2598171120928,2.07188246839611e-29,4.12993016246585e-28,"","Os05g0494500",""
"Os05g0494600",534.076810151036,5.62943742081037,0.323567132045123,17.3980508626733,8.53583381696229e-68,6.8223340155766e-66,"","Os_F0757",""
"Os05g0494700",150.642756853023,1.65130649443654,0.192041325042343,8.59870391996333,8.06213824425563e-18,8.54752243380067e-17,"","Os05g0494700",""
"Os05g0495700",220.83864960579,1.96107519366538,0.460325008115112,4.26019694583914,2.04246849408813e-05,6.86615501307431e-05,"","GPDH1",""
"Os05g0496000",309.181308276726,1.66472709518041,0.235829037689169,7.05904205645184,1.67654330078234e-12,1.19435633592536e-11,"","Os05g0496000",""
"Os05g0497150",12.5424609330885,2.16644285768289,0.610639254991849,3.54782769036328,0.000388422240840136,0.00107182735953848,"","SMC4",""
"Os05g0498300",52.9947712678101,1.65990222314474,0.334669371115457,4.9598271201582,7.05559422555213e-07,2.87432519116253e-06,"","OsMSH5",""
"Os05g0498500",164.526122801722,1.37115139284417,0.204534940734218,6.70375138801297,2.03135756713792e-11,1.3182542284174e-10,"","Os05g0498500",""
"Os05g0498851",72.4632817475423,1.03340822276289,0.253290010870679,4.07994069411014,4.50471921150755e-05,0.000143924471829172,"","Os05g0498851",""
"Os05g0499600",130.799399313981,1.60608874038414,0.217815257579104,7.37362826752783,1.66045776071945e-13,1.28365559866913e-12,"","OsUGT705A1",""
"Os05g0500200",88.7791991355832,8.89943753050045,1.04085342588106,8.5501352152127,1.22944397072356e-17,1.28639920872541e-16,"","Os05g0500200",""
"Os05g0500400",948.903097450377,1.6538969421212,0.187480554719799,8.82169857344966,1.12736384927074e-18,1.25993207457741e-17,"","Os05g0500400",""
"Os05g0500450",306.850996113111,1.33451416893805,0.28999135080775,4.60191024739479,4.18633607880792e-06,1.54767008392456e-05,"","Os05g0500450",""
"Os05g0500700",47.1636830384568,2.20247467342297,0.427514188319155,5.15181655627003,2.5797531809458e-07,1.10777373594964e-06,"","Os05g0500700",""
"Os05g0501700",101.649212673766,1.46478447823859,0.225137590796272,6.50617461552247,7.70886150801591e-11,4.7631536554641e-10,"","Os05g0501700",""
"Os05g0502200",43.800295051297,3.5757670513925,0.460881323522453,7.75854188245989,8.59113732979626e-15,7.31989716713761e-14,"","Os05g0502200",""
"Os05g0508300",867.68642820047,1.73088420619759,0.187582951429259,9.227300205106,2.77538901746871e-20,3.41948352490413e-19,"","Os05g0508300",""
"Os05g0509300",647.957808552196,1.18777426390833,0.190011076206592,6.2510790824473,4.07626394337838e-10,2.35096815002528e-09,"","Os05g0509300",""
"Os05g0509500",73.1269241238414,2.27332196815954,0.319117038984569,7.12378748371835,1.05000903315784e-12,7.60926405807304e-12,"","srp54-2",""
"Os05g0509700",107.105040249624,1.87943657158684,0.23355164153854,8.04719915135645,8.47102777767582e-16,7.80537951831438e-15,"","SSB",""
"Os05g0509800",9.19769965750184,1.79883044638575,0.718164529003452,2.50476092001071,0.0122534189312219,0.0249386365088618,"","Os05g0509800",""
"Os05g0510200",141.719452271419,1.7907497394031,0.222835121599887,8.03620958198183,9.26602015476357e-16,8.51889355749822e-15,"","Os05g0510200",""
"Os05g0512600",35.0771872964324,2.711528750944,0.616239957130746,4.40011836228384,1.08191848569349e-05,3.77346485360749e-05,"","Os05g0512600",""
"Os05g0515200",242.726364790555,3.51085442564417,0.267957705115586,13.102270838339,3.19551573706443e-39,9.73865847690595e-38,"","Os05g0515200",""
"Os05g0515400",588.704049788631,1.41723742601746,0.130050640822261,10.8975812580146,1.18361869247176e-27,2.13439012688304e-26,"","OsARF14",""
"Os05g0519400",6571.09368698933,2.05931978647707,0.279367326687984,7.37136948293549,1.68884055832648e-13,1.30519034665176e-12,"","OsSec18",""
"Os05g0520300",60.9586637181334,2.76200145524489,0.343299566674712,8.04545569922602,8.59250816416245e-16,7.91437080979379e-15,"","OsGATA1",""
"Os05g0524100",674.278241208214,3.1851796893109,0.311933513153779,10.2110852312962,1.76875356426378e-24,2.72370460296853e-23,"","Os05g0524100",""
"Os05g0524300",141.586374102683,1.29551429990423,0.250787620807365,5.16578248851981,2.39435105079181e-07,1.0328139969615e-06,"","Os05g0524300",""
"Os05g0525900",134.637480433683,2.63621829218319,0.319277848234894,8.25681551901376,1.49610390511853e-16,1.45311511004006e-15,"","OsC3H37",""
"Os05g0528701",54.6592703032497,1.05824635678363,0.292931869647712,3.61260233670138,0.000303139409006007,0.000852057304247513,"","Os05g0528701",""
"Os05g0529400",241.228832875433,2.10623308389787,0.260183229298943,8.09519156777729,5.71743032552703e-16,5.3456894783239e-15,"","Os05g0529400",""
"Os05g0529600",13.0020960227014,1.45270373310857,0.60437943504829,2.40362866250156,0.0162332534643362,0.0320793843584191,"","Os05g0529600",""
"Os05g0531700",4.91355592519325,5.44816743764953,1.28007078260485,4.25614545045933,2.0798143105324e-05,6.98259609377525e-05,"","Os05g0531700",""
"Os05g0532800",18.0972787501035,2.00453305831351,0.725823201226249,2.76173736927524,0.00574947063324052,0.0125843316148233,"","Os05g0532800",""
"Os05g0533200",3.90962883880529,3.55346687896759,1.34023186280837,2.65138218063368,0.00801630758475707,0.016974622085935,"","Os05g0533200",""
"Os05g0533301",5.6696445905452,2.17889300925815,0.850875976548743,2.56076451716971,0.0104442121776397,0.0215844728605703,"","Os05g0533301",""
"Os05g0535400",14.3057443197942,3.06952187458858,0.645787457235104,4.75314569863362,2.00275913842645e-06,7.70294367786279e-06,"","Os05g0535400",""
"Os05g0535900",123.450284058418,2.08417933760274,0.414478493146265,5.0284378371045,4.9449176260139e-07,2.05157776322415e-06,"","Os05g0535900",""
"Os05g0536400",1077.46994304267,1.42262361494307,0.120248862747776,11.8306616997039,2.70996997029702e-32,6.15443867589818e-31,"","Os05g0536400",""
"Os05g0536800",280.233896533422,1.38125519263185,0.195085103685309,7.08026992599059,1.43873943956343e-12,1.02938628628539e-11,"","OsFbox270",""
"Os05g0537100",496.291527806777,1.38158495231009,0.233559465597403,5.91534557923503,3.31179494287502e-09,1.74254286047174e-08,"","OsWRKY7",""
"Os05g0537300",918.905208455056,1.22708219337917,0.16018299557166,7.66050222122496,1.85207386522468e-14,1.53989376371382e-13,"","Os05g0537300",""
"Os05g0537400",4426.81272934123,1.93845119472866,0.102159471203987,18.9747575225605,2.75780918462883e-80,2.84709325698119e-78,"","OsPP2C50",""
"Os05g0537700",11.4484745204231,1.71305038716908,0.687928812890081,2.49015647414494,0.0127686865900617,0.0259136149641977,"","Os_F0659",""
"Os05g0538250",106.998790279704,3.85646801458487,0.772305704530513,4.99344753244989,5.93109038092309e-07,2.43705848040019e-06,"","Os_F0708",""
"Os05g0539800",548.111766959575,2.65883718458277,0.388149515146076,6.85003350727399,7.38326928542178e-12,4.98189714283484e-11,"","OsRTH2",""
"Os05g0540300",499.721345658574,1.83769507208462,0.266564632069004,6.89399436759825,5.42471727901064e-12,3.70679040325556e-11,"","Os05g0540300",""
"Os05g0542500",10583.6405896724,10.4749707844538,0.365894626195002,28.6283810543619,2.9796608573255e-180,2.6366806093555e-177,"late embryosis abundant protein 19-like [Source:NCBI gene (formerly Entrezgene);Acc:4339480]","OsLEA3-1",""
"Os05g0542900",1314.35177019005,3.31989077831284,0.324720846493312,10.2238301426121,1.55089156028005e-24,2.39267996195883e-23,"","OsPGL14",""
"Os05g0543600",43.8969544602871,4.26904677945027,0.582646616574559,7.32699145246642,2.3537683040851e-13,1.79775562084308e-12,"","OsMYB86-L2",""
"Os05g0546700",2.23387238958858,3.49201339034859,1.43725013603801,2.42964902405565,0.0151134503247302,0.0300969264343225,"","Os05g0546700",""
"Os05g0548600",162.611365207918,2.83012193855478,0.363055963922581,7.79527736709561,6.42671536211187e-15,5.52898355996687e-14,"","Os05g0548600",""
"Os05g0549850",23.8706700003873,1.12356054365378,0.482293858876151,2.32961818396758,0.019826340208617,0.0383719130877131,"","Os05g0549850",""
"Os05g0550300",1936.08803928829,6.79298735047681,0.794376151638111,8.55134854749699,1.21658634830952e-17,1.27348373266012e-16,"","OsLTP2.4",""
"Os05g0550600",1692.22386462685,10.8594152804743,0.616082829805492,17.6265507738672,1.54085051859773e-69,1.2768445919497e-67,"","OsLTP2.5",""
"Os05g0550650",5.2108710280598,5.53303352722739,1.28865702134821,4.29364325461762,1.75764815630675e-05,5.96401648436215e-05,"","Os05g0550650",""
"Os05g0551801",1369.52969986806,2.38107404075322,0.152202787230601,15.6440895996581,3.64545354784558e-55,1.94243876462301e-53,"","Os05g0551801",""
"Os05g0554000",398.527105024148,1.25839603802915,0.203456356983543,6.18509078156226,6.20667412633268e-10,3.51744658801795e-09,"","OsMATE2",""
"Os05g0554400",87.5137278768201,1.1228883764584,0.227157770839223,4.94320917268182,7.68469546196314e-07,3.11081106446624e-06,"","OsSUI2",""
"Os05g0554601",10.1572316084834,5.03636068426699,1.12615222030766,4.47218465980652,7.7424523449702e-06,2.7546631497893e-05,"","Os05g0554601",""
"Os05g0555450",47.5138377932301,1.92633119419273,0.539157585068817,3.57285373987062,0.00035311200624455,0.0009814960936416,"","Os05g0555450",""
"Os05g0555600",14793.4725762625,2.81633036342203,0.62210639873576,4.52708792120666,5.98020635127661e-06,2.16735616012115e-05,"","OsGLT2",""
"Os05g0556400",27.5622963487387,3.54373628794975,0.564344690940928,6.27938269790631,3.39919944049373e-10,1.97843468492161e-09,"","Os05g0556400",""
"Os05g0557100",205.64438014894,5.91756684063292,0.444366697819091,13.3168549076152,1.84726833176981e-40,5.88300352908233e-39,"","Os05g0557100",""
"Os05g0557200",2300.67318264847,3.38061059599056,0.231148789789949,14.6252576059888,1.93835831087193e-48,7.9646275072096e-47,"","Os05g0557200",""
"Os05g0557800",318.767406005506,1.26661374319874,0.167006743501275,7.58420718016739,3.34526252269634e-14,2.72739616731975e-13,"","Os05g0557800",""
"Os05g0557900",80.2742852950543,2.57220178110395,0.368509822876736,6.98000873090522,2.95161719764983e-12,2.06355020615603e-11,"","OsEnS-79",""
"Os05g0560200",266.551941586209,3.8565244869072,0.316573877237216,12.182067960135,3.87334463516519e-34,9.53027408396106e-33,"","OsDOG1L-3",""
"Os05g0560900",156.133663795712,5.91283012588539,0.942131688911033,6.27601236162617,3.47366577552889e-10,2.01987836001594e-09,"","OsGA2ox8",""
"Os05g0561500",1137.57101958551,1.35465946039454,0.123165281770988,10.9987119821101,3.87628916941986e-28,7.18883358912544e-27,"","Os05g0561500",""
"Os05g0563400",1169.88307913259,1.30305962338105,0.148666418235495,8.76498969200255,1.86793750794378e-18,2.06615569796085e-17,"","OsARF15",""
"Os05g0563500",93.3728717692191,2.93366879560523,0.268353854009357,10.9320911616307,8.09608665653973e-28,1.470650579832e-26,"","Os05g0563500",""
"Os05g0565400",4250.2819011237,3.99332073402026,0.23462835750251,17.0197702295109,5.86001322998741e-65,4.25787530203513e-63,"","Os05g0565400",""
"Os05g0565500",188.617943504273,1.92609182611155,0.244511551446142,7.87730401578103,3.34520295725614e-15,2.93602882295201e-14,"","Os05g0565500",""
"Os05g0566300",603.110512400197,2.12746138326524,0.184781414384253,11.513394841979,1.12943026027575e-30,2.38363658934005e-29,"","Os05g0566300",""
"Os05g0569200",583.655303247111,1.06276427546573,0.174325574806518,6.09643350750616,1.08461033581804e-09,5.99453860957686e-09,"","Os05g0569200",""
"Os05g0569300",2325.68918583468,2.39184536434448,0.17867547678679,13.3865341084195,7.24850955010339e-41,2.33849376462125e-39,"","OsbZIP45",""
"Os05g0569500",9.8621456468549,3.90021832617618,0.972226314933034,4.0116362479294,6.02993602124124e-05,0.000188927320179937,"","Os05g0569500",""
"Os05g0569800",49.2170221517805,1.06944084344774,0.337741524291204,3.16644761313287,0.0015431313831433,0.00381046106040877,"","Os05g0569800",""
"Os05g0569900",45.1445213385742,1.05990359831109,0.371605067630845,2.85223128163583,0.0043413500906664,0.00976449084935017,"","Os05g0569900",""
"Os05g0572000",418.857094028644,1.22591573671608,0.255168828453534,4.80433187762711,1.55269102884253e-06,6.04890339962759e-06,"","OsERF#052",""
"Os05g0572700",417.27313465832,10.4208918691034,1.02432918372152,10.1733817943593,2.60696980004454e-24,3.97739474973544e-23,"","OsPP2C51",""
"Os05g0572800",8.93519557971204,6.31206225251035,1.24200946985945,5.08213697696253,3.73212113854419e-07,1.57183011133281e-06,"","Os05g0572800",""
"Os05g0572900",47.1080241186345,2.60065729154609,0.324543597530582,8.01327560098002,1.11692962367314e-15,1.0174325472702e-14,"","Os05g0572900",""
"Os05g0573300",685.304556118765,1.99451333068558,0.198479513263201,10.0489632299767,9.28389880997462e-24,1.36110746044226e-22,"","Os05g0573300",""
"Os05g0574800",826.340980137407,2.84483338192152,0.25487080546034,11.1618644465115,6.26634277514656e-29,1.21487617323792e-27,"","OsPPR6",""
"Os05g0575000",40.2331947898963,3.97555331356702,0.643673462557372,6.17635112339694,6.56000088859693e-10,3.70835368507338e-09,"","OsCV",""
"Os05g0575101",2.33356511506362,4.37146222886885,1.47123933462416,2.97127878924306,0.00296562433828303,0.00690854402309503,"","Os05g0575101",""
"Os05g0576500",236.533169741246,1.17753087419058,0.302390146915165,3.89407818410478,9.85728557510172e-05,0.000299526569406788,"","Os05g0576500",""
"Os05g0577700",1095.2524688919,2.01540664197407,0.291361618137445,6.91720019561169,4.60656896904957e-12,3.16871069811608e-11,"","Os05g0577700",""
"Os05g0578500",136.789169594515,1.63868821586179,0.249875977632191,6.55800622128585,5.45319347797071e-11,3.41455079109629e-10,"","OsCCR23",""
"Os05g0578600",15.2834831387713,7.08487525133991,1.158221812922,6.11702799264844,9.53366248420168e-10,5.30225713515297e-09,"","OsPGL21",""
"Os05g0580000",857.256096910119,3.13978147042765,0.341079672886225,9.2054194958578,3.4033922789831e-20,4.16218413111374e-19,"","OsAGPL3",""
"Os05g0581300",47.1231846227608,1.04203627142794,0.362162149523002,2.87726443196891,0.00401139290492699,0.00909750865037768,"","Os05g0581300",""
"Os05g0581600",1.73350485142091,3.94157530095008,1.6030668887393,2.45877157630637,0.0139413289099994,0.0280128817705428,"","Os05g0581600",""
"Os05g0583000",12.8799869707997,2.39220785885176,0.958013315993884,2.49705073918516,0.0125231036579401,0.0254519677904013,"","OsWRKY8",""
"Os05g0583200",30.770041960279,2.42569088994683,0.474850530690908,5.10832511109853,3.25027050421215e-07,1.37755648790394e-06,"","Os05g0583200",""
"Os05g0583950",28.7169759920396,4.52904605361443,0.660977462019268,6.85204309353955,7.28026161464711e-12,4.92043213382737e-11,"","Os05g0583950",""
"Os05g0584950",15.0199045427041,1.58072452851698,0.636756717633143,2.48246227286398,0.0130477883712448,0.0264294516411325,"","Os05g0584950",""
"Os05g0587200",2188.52892950996,1.08224812909054,0.131774301374733,8.21289217852044,2.15923424293508e-16,2.07120971108023e-15,"","OsSET23",""
"Os05g0588700",187.068992872576,1.23216215256534,0.284108875968079,4.33693649438736,1.44482346718808e-05,4.95136805622669e-05,"","Os05g0588700",""
"Os05g0589200",3640.24400367025,2.17031892789222,0.128645384105913,16.8705542214045,7.40978786671279e-64,5.18622355857465e-62,"","OsSIG3",""
"Os05g0590100",69.2120226477279,1.10389709883705,0.291597307283155,3.78569030394066,0.000153282477140966,0.000452290096001157,"","Os05g0590100",""
"Os05g0591900",4178.05562643829,2.24435989092188,0.249716325594591,8.98763781494027,2.52600890982656e-19,2.92872825263326e-18,"hypersensitive-induced response protein-like protein 1 [Source:NCBI gene (formerly Entrezgene);Acc:4339791]","HIRL1","OsJ_19752"
"Os05g0594200",113.666836001358,1.20282524866656,0.454840350743154,2.64449987056182,0.00818117379781183,0.0172867937223592,"","OsCAX1b",""
"Os05g0595100",5240.78599349867,3.71604737456337,0.22385962789472,16.5998997206902,6.98074554231471e-62,4.63704912337618e-60,"","OsUGE1",""
"Os05g0595300",1237.98980788359,2.07442112755797,0.212294643432103,9.77142472377745,1.49337036531579e-22,2.06020253571432e-21,"","CRCT",""
"Os06g0104200",32.1043095973744,2.41339604546563,0.412674399959409,5.84818453895617,4.96967044689073e-09,2.56261237591283e-08,"","OsSWN7",""
"Os06g0104300",21.0517229400871,2.14906578142736,0.520046705899662,4.13244763796659,3.58920549239737e-05,0.000116445913951983,"","Os06g0104300",""
"Os06g0108500",16.2043160355952,2.71775119962052,0.597394920073309,4.54933764633788,5.38150351366847e-06,1.96171123375259e-05,"","Os06g0108500",""
"Os06g0110200",2.28945283619333,4.34790644105769,1.50384229070576,2.89119841085012,0.00383775744083563,0.00873891334542638,"","OsLEA2",""
"Os06g0111700",241.66486229991,1.006665491066,0.155370348945451,6.47913516252341,9.22498391040538e-11,5.65760956307213e-10,"","Os06g0111700",""
"Os06g0112000",154.659998683988,1.65681014907985,0.222654284011898,7.44117795187498,9.97914097402691e-14,7.84420370581621e-13,"","Os06g0112000",""
"Os06g0112100",454.267950660648,1.45566586779466,0.274369144905137,5.30550134672743,1.12363738430808e-07,5.02533636660674e-07,"","Os06g0112100",""
"Os06g0113600",145.076102279801,2.04775688361009,0.24633651062685,8.31284359106648,9.34356347293887e-17,9.22332558442257e-16,"","OsFbox288",""
"Os06g0114000",2490.57262878472,1.28173002620983,0.183898142690921,6.96978233414812,3.17431725530099e-12,2.21000332308199e-11,"","OsCPn60beta1",""
"Os06g0115400",1119.35263545534,1.17607294846107,0.183821786783753,6.3978974910335,1.57530982042315e-10,9.46446445698942e-10,"","OsFSD1.1",""
"Os06g0116600",907.883708017654,1.01410688148194,0.19137452409089,5.29906938397041,1.16394400456781e-07,5.20090903537901e-07,"","Os06g0116600",""
"Os06g0116900",59.4407109249038,2.31280282402967,0.382838520051062,6.04119675240932,1.52975298268594e-09,8.33026146198012e-09,"","Os06g0116900",""
"Os06g0118301",30.4926951413621,2.73148471846472,0.579496174698602,4.71355090460326,2.43436874187515e-06,9.2481377364981e-06,"","OSJNBa0062J13.25",""
"Os06g0127000",1707.47925894881,1.19060709846358,0.242775098616872,4.90415658461951,9.38296200712405e-07,3.7587978924901e-06,"","GLL",""
"Os06g0127100",48.395917958655,4.23884294426238,1.30906704431271,3.23806405690082,0.00120343785537887,0.00303981850777065,"","OsDREB1C",""
"Os06g0127200",105.316923993385,1.11453910038826,0.242195433366995,4.60181715606265,4.18820800929853e-06,1.54813113302088e-05,"","Os06g0127200",""
"Os06g0127900",7.85833241992508,2.02340664578964,0.78650665705979,2.57265037444664,0.0100923102605906,0.0209305408325649,"","RNRS2",""
"Os06g0128500",159.329005215321,1.46814158059043,0.16573691115846,8.85826561101251,8.12688968344591e-19,9.14856636468602e-18,"","Os06g0128500",""
"Os06g0129000",35.1180814794644,1.97087012575626,0.377943487688392,5.21472175062641,1.84093359180778e-07,8.04884623331944e-07,"","P0538C01.11",""
"Os06g0131500",6.7342859801037,4.39195505071975,1.16495430373082,3.77006637655598,0.000163204135543014,0.000479339600088817,"","Os06g0131500",""
"Os06g0131700",91.2933638474881,3.40359373945934,0.391943903120555,8.6838797908599,3.8249302171668e-18,4.1565919294185e-17,"","ONAC007",""
"Os06g0132600",64.523419453692,4.64748128364468,0.457816926865381,10.1513967940536,3.26654238834654e-24,4.95016029089065e-23,"","OsRAD1",""
"Os06g0133300",24.6286559856129,4.19520509668525,0.793356688976349,5.28791797558074,1.23716428479259e-07,5.51118653079937e-07,"","Os06g0133300",""
"Os06g0133400",687.601221859187,3.04302595681728,0.664547892499091,4.57909202807598,4.66998708624746e-06,1.71521301565303e-05,"","Os06g0133400",""
"Os06g0134800",1677.74013292892,3.22384722932321,0.213609744085761,15.0922292572425,1.82181508809167e-51,8.40579375002743e-50,"","Os06g0134800",""
"Os06g0136000",390.924500508123,1.93674312389863,0.176326814724561,10.9838264073675,4.57141332701301e-28,8.40875337812927e-27,"","Os06g0136000",""
"Os06g0136800",2631.99539615334,1.10505196267146,0.107863856726186,10.2448771647082,1.24783282355778e-24,1.93719009206085e-23,"","OsClp9",""
"Os06g0137500",885.296730261095,1.16014753398113,0.125790884079184,9.22282677694537,2.89369063757613e-20,3.55816242815007e-19,"","P0548D03.36-1",""
"Os06g0139700",966.48049143139,1.24784636771495,0.138629253154896,9.00132071201941,2.23018431845552e-19,2.59180473069289e-18,"","Os06g0139700",""
"Os06g0140300",71.454521286191,3.69327520542791,0.357366875934288,10.3346881150424,4.91006709655075e-25,7.78852320430461e-24,"","Os06g0140300",""
"Os06g0140900",480.306523538091,3.68365054113479,0.304842572780249,12.0837798590232,1.28666013970718e-33,3.11020275917315e-32,"","Os06g0140900",""
"Os06g0143000",2040.06689711358,1.2426321604688,0.109724541226453,11.325015776591,9.86611080267912e-30,1.98903683773784e-28,"","SodB",""
"Os06g0143500",21.2985312055129,4.02528977579072,0.637620885568169,6.31298294472252,2.73707672567231e-10,1.60314873581997e-09,"","Os06g0143500",""
"Os06g0145600",16.5739054821008,5.71796941225293,1.26066680849188,4.53567062584384,5.74207338791468e-06,2.08731444149592e-05,"","Os06g0145600",""
"Os06g0148100",12.8080907993455,2.25910144417991,0.710002132720024,3.18182346231169,0.00146350996272024,0.00363122234591621,"","Os06g0148100",""
"Os06g0153200",19.9929304841982,3.43972231758759,0.585761080832802,5.87222748342581,4.29978163655324e-09,2.23298448142695e-08,"","Os06g0153200",""
"Os06g0154400",150.313319083774,2.13619345169347,0.282793055522006,7.55391057163793,4.22380250019834e-14,3.41780387156807e-13,"","Os06g0154400",""
"Os06g0158300",467.28492524748,1.02468935042154,0.192946012842064,5.31075680356402,1.09170932043628e-07,4.89048668097082e-07,"","KMK0024M20.32",""
"Os06g0158500",48.9344602269499,1.47610743349242,0.382495159721192,3.85915323626157,0.000113780579829616,0.000342419704413749,"","Os06g0158500",""
"Os06g0161400",85.4721061238531,1.51948337498834,0.326500284488709,4.65385007969538,3.2579372289093e-06,1.2204703767869e-05,"","Os06g0161400",""
"Os06g0161800",2.6016544657105,3.71964327426779,1.43442390598592,2.59312694019219,0.0095107659368782,0.0198256981001204,"","Os06g0161800",""
"Os06g0162100",2.24071728856664,4.31231972720698,1.52305169007238,2.83136794063899,0.00463493689057655,0.0103692849966425,"","Os06g0162100",""
"Os06g0163400",43.500815065101,1.31590558482554,0.384234484438602,3.42474618525763,0.000615374030147252,0.00164531373097642,"","PDIL1",""
"Os06g0165900",60.0422236832618,1.78203514105577,0.438055988826968,4.06805336876622,4.74075248270961e-05,0.000150823862691443,"","Os06g0165900",""
"Os06g0166400",1957.73872023822,3.52732683590472,0.223570965391015,15.7772134218573,4.46468064522406e-56,2.45825316326037e-54,"","OsERF#007",""
"Os06g0166500",93.2431998088637,4.22540331173638,0.492476787524581,8.57990349753385,9.49527679550242e-18,1.00027412058743e-16,"","OsIAA20",""
"Os06g0168000",252.69140266782,1.00354912942999,0.165906968382086,6.04886665832386,1.45868323253747e-09,7.96425615966967e-09,"","Os06g0168000",""
"Os06g0168500",287.265124706605,2.55027049175225,0.219296204935458,11.6293416591629,2.92343481085287e-31,6.38747304307773e-30,"","Os06g0168500",""
"Os06g0168600",198.904412960879,3.8900564642452,0.233863144428813,16.6339013090167,3.95952102814579e-62,2.67316219385199e-60,"","V3",""
"Os06g0170100",36.0527249872426,1.14802378531876,0.34095260024959,3.36710670186519,0.000759612913253858,0.00199564512264774,"","OsWAK63",""
"Os06g0172800",386.123915662629,2.66374947977915,0.251712193894276,10.5825206104158,3.59163622938025e-26,6.02913081675843e-25,"","Os06g0172800",""
"Os06g0174350",28.2497933105977,1.05920677458329,0.412974653195107,2.56482272311001,0.0103228531689456,0.0213693151447042,"","Os06g0174350",""
"Os06g0174375",1.80375828520778,4.00259809238112,1.54333906225447,2.59346645871467,0.00950138064947949,0.0198112761364278,"","Os06g0174375",""
"Os06g0174700",4.74887601400669,3.17381812936463,1.21233837873539,2.61793092179042,0.00884647115786622,0.0185674727554808,"","Os06g0174700",""
"Os06g0175400",654.142288688914,1.65877279992725,0.175568137822393,9.44802867138273,3.45271782795754e-21,4.45330502984403e-20,"","Os06g0175400",""
"Os06g0178900",190.682707307968,3.6433228597613,0.303099524341134,12.0202196545211,2.78230854854784e-33,6.59056012498755e-32,"","OVP2",""
"Os06g0179200",422.385053074675,2.3402140681591,0.209211766112773,11.1858625910057,4.78232247011144e-29,9.38175802390744e-28,"","Os06g0179200",""
"Os06g0179900",98.6667000272247,1.02223424312327,0.218662135898222,4.67494858643052,2.94027270985694e-06,1.10699189989554e-05,"","Os06g0179900",""
"Os06g0181900",2.92284267304626,4.6978821748873,1.4754265171212,3.18408414134623,0.00145212795720882,0.00360514773504639,"","Os06g0181900",""
"Os06g0183700",174.304915096879,2.11031727575774,0.240600133833395,8.77105611761234,1.76998199656224e-18,1.95867994322567e-17,"","Os06g0183700",""
"Os06g0188700",12.7086088848853,1.59596718140362,0.610464607793237,2.61434841763041,0.00893978194396456,0.0187445513564408,"","OsGLR4.3",""
"Os06g0188950",78.5125971496226,2.14797817479434,0.301681186760308,7.12002693260735,1.07905975812678e-12,7.81521883282877e-12,"","Os06g0188950",""
"Os06g0194000",5029.04182858065,1.44922639649669,0.152963565108357,9.47432413379016,2.68493165767065e-21,3.47931755659548e-20,"","ERF71",""
"Os06g0194400",123.855591215433,1.39544874527932,0.224141425810199,6.22575117578209,4.7925416941781e-10,2.7487223508484e-09,"","Os06g0194400",""
"Os06g0195800",792.654593764571,2.4256773528143,0.39216245130474,6.1853891027659,6.19494730504485e-10,3.5116039665316e-09,"","OsDjC53",""
"Os06g0195900",604.879346947125,1.14884663914884,0.18171552372515,6.32222616757003,2.57821644954526e-10,1.51411398365449e-09,"","Os06g0195900",""
"Os06g0196700",175.610454839682,1.09960677383048,0.264077747692378,4.16395089491373,3.12787413399019e-05,0.000102403987074359,"","Os06g0196700",""
"Os06g0199100",2577.8952746022,1.46743615203191,0.164161444279891,8.93898173513856,3.92772753062119e-19,4.51798073473543e-18,"","Os06g0199100",""
"Os06g0203550",12.0330317762616,1.46042879898968,0.611687619681146,2.3875402280513,0.016961546342422,0.0333510224368057,"","Os06g0203550",""
"Os06g0204600",2.86468443489756,3.86356351732639,1.36307025114211,2.83445663500405,0.0045903687543316,0.0102779293896687,"","OsFbox302",""
"Os06g0210000",141.552026958512,1.03647600002256,0.448476193861691,2.31110594990066,0.0208270034289534,0.0400524047542118,"","P0021C04.4",""
"Os06g0211200",365.917994959107,1.87986651792691,0.196765622407878,9.55383615756878,1.24980729531726e-21,1.64627726507579e-20,"","BZIP46","ABF2"
"Os06g0213900",47.4932712947102,2.58049245270203,0.397105086859442,6.49826088381339,8.12538130524031e-11,5.00802419402834e-10,"","Os06g0213900",""
"Os06g0214300",182.437088709197,2.38551457011381,0.276657422472141,8.6226299254777,6.54336556752122e-18,6.98814520114109e-17,"","Os06g0214300",""
"Os06g0215100",3.75038999055765,5.05614058666064,1.31944148966113,3.83203092087031,0.000127089761174938,0.000379751931093998,"","Os06g0215100",""
"Os06g0215300",1097.13832345405,1.31005821568808,0.157687359286469,8.30794695032029,9.73720389387537e-17,9.58516888671235e-16,"","OsPOP12",""
"Os06g0216400",32.7280206730129,3.35887608193609,0.502152081442578,6.68896178282631,2.24759413246672e-11,1.45249451800021e-10,"","Os06g0216400",""
"Os06g0217700",79.7491967988565,3.14280543330896,0.391745217386422,8.02257511725756,1.03551035738656e-15,9.4709635012797e-15,"","Os06g0217700",""
"Os06g0218500",24.4703525215757,2.50302217043957,0.541360505762039,4.62357734596141,3.77178008298214e-06,1.4013104680769e-05,"","OsMCM9",""
"Os06g0219400",81.2946839079055,1.95144465701629,0.270391777646862,7.21710058641249,5.31076954748738e-13,3.93848958629437e-12,"","Os06g0219400",""
"Os06g0221200",581.91835255554,1.71138963856156,0.192432596509879,8.89344980840445,5.92404263733312e-19,6.736117688169e-18,"","OsANN5",""
"Os06g0221300",4.36143716301433,2.68120439309271,1.06590842388246,2.51541720941346,0.0118891597242016,0.0242710480750222,"","Os06g0221300",""
"Os06g0223700",1935.83062393195,3.61240998177925,0.221288687786966,16.3244222644445,6.61640946197622e-60,4.09836943098462e-58,"","Os06g0223700",""
"Os06g0223800",456.123269075918,1.28010145454911,0.231769870493559,5.52315731040926,3.32961367942133e-08,1.58132716379188e-07,"","CSIL1",""
"Os06g0224500",94.4826293731969,1.00797292025985,0.203852080139038,4.94462906423304,7.62889854373644e-07,3.09060201468538e-06,"","Os06g0224500",""
"Os06g0225800",120.164654038801,1.08293477984675,0.265413257830314,4.08018344185014,4.50001739732946e-05,0.000143811338905755,"","OsSK2",""
"Os06g0225900",340.929659870102,1.64005753996615,0.18178575264931,9.02192562433673,1.84811680118714e-19,2.154860705083e-18,"","Os06g0225900",""
"Os06g0226700",68.9514300503645,1.31511429820776,0.292284054513395,4.49943908297429,6.81330000280312e-06,2.44798628435982e-05,"","OsTCP19",""
"Os06g0228900",58.869369355432,1.12276187447271,0.245779281160341,4.56817136567442,4.91997719660195e-06,1.80168895950645e-05,"","Os06g0228900",""
"Os06g0228950",44.6999020774087,1.57971959923156,0.293393434621368,5.38430453043448,7.27252867959911e-08,3.31905402642157e-07,"","Os06g0228950",""
"Os06g0229000",130.005256610444,5.34668774489101,0.512536352989362,10.4318214965759,1.77453440901456e-25,2.881234538149e-24,"","OsFtsH6",""
"Os06g0229066",257.035105552953,5.86185169194556,0.477828918318905,12.2676788013766,1.35070190193898e-34,3.38385652420042e-33,"","Os06g0229066",""
"Os06g0231050",16.4667710447774,2.22231609801055,0.549681806505167,4.04291368517336,5.27910583674628e-05,0.000166773435314373,"","Os06g0231050",""
"Os06g0231100",9.44914320157424,2.78192399780217,0.793018982182137,3.50801690792722,0.00045146035602077,0.0012331422380252,"","Os06g0231100",""
"Os06g0234400",69.5159512336067,2.69793187637775,0.473176372138446,5.70174682261683,1.18585868953256e-08,5.88936074374591e-08,"","OsTBL51",""
"Os06g0234600",7.20676252582918,4.54835882683628,1.43494469799293,3.16971018687906,0.00152591050742337,0.00377169639289992,"","OsTBL52",""
"Os06g0234633",20.2164337559416,1.47806770259843,0.415942183322336,3.55354124169944,0.000380081597049628,0.00105068411582044,"","Os06g0234633",""
"Os06g0236600",4.43466838813714,5.29920547895475,1.3004647957207,4.07485500291302,4.60430259243586e-05,0.000146859945073099,"","CycD1",""
"Os06g0237000",102.986501468946,2.23954237909552,0.240124228011793,9.32659897603306,1.09322576288034e-20,1.37846588940897e-19,"","Os06g0237000",""
"Os06g0237100",262.539840221773,1.86528085492548,0.175519042892586,10.6272278163401,2.22631931277519e-26,3.7652910315789e-25,"","Os06g0237100",""
"Os06g0237200",48.0355262670567,1.23280747014251,0.350927643510815,3.51299617724333,0.000443083851649552,0.00121146420131549,"","OsPol",""
"Os06g0244700",9.68775140629648,2.19924689365719,0.8042048997189,2.73468477302975,0.00624400401667079,0.013563710987292,"","Os06g0244700",""
"Os06g0245600",52.4363416267076,1.60118748531105,0.395031899067239,4.05331186947642,5.04976113777254e-05,0.000160161202906541,"","RPL1",""
"Os06g0246500",2190.30511820572,5.09848813438317,0.164476039556786,30.9983639448158,5.67123674965124e-211,1.00368737818649e-207,"","Os06g0246500",""
"Os06g0251700",7.04311021707381,2.43800460090286,0.785920902464617,3.10209919758766,0.00192153556901128,0.00466215107651708,"","MAP70.3",""
"Os06g0254700",174.422580822884,1.57882698764111,0.380839766025704,4.14564635441602,3.38856478767389e-05,0.000110355507024443,"","Os06g0254700",""
"Os06g0256000",4.22679087961091,3.65693589631532,1.26580417710322,2.88902182696551,0.00386442249166735,0.00879155229786447,"","Os06g0256000",""
"Os06g0258000",269.152834421036,3.25532715372243,0.268724890987631,12.1139770184976,8.9068467509702e-34,2.16570109861422e-32,"","R2R3-MYB",""
"Os06g0262800",26.621637867377,5.4228996850253,0.824490044939311,6.57727733440913,4.79140595825402e-11,3.01158461257382e-10,"","Os06g0262800",""
"Os06g0264500",494.957464225351,1.65838787095925,0.398733714241117,4.15913631511082,3.19453219989726e-05,0.000104383536846592,"","Os06g0264500",""
"Os06g0272700",265.959699932531,1.07353570676308,0.266997193298142,4.02077525048855,5.80069276254148e-05,0.000182113234386075,"","OsTBL64",""
"Os06g0272800",22.7904423030888,6.9293917537722,1.08744186551804,6.37219512462965,1.86341592938201e-10,1.11092051208609e-09,"","OsTBL61",""
"Os06g0273700",28.5259780100577,1.1056391783089,0.430847984613537,2.56619322311705,0.0102821533182095,0.0212992987848238,"","Lip",""
"Os06g0274200",249.031459048451,1.56734958539947,0.242330353316607,6.46782197916291,9.94255291396451e-11,6.07963064040717e-10,"","Nhp2",""
"Os06g0281800",6.01557867780622,5.73999462810303,1.40721515399454,4.07897442818847,4.5234811735167e-05,0.00014448664823543,"","OsBURP10",""
"Os06g0289200",99.7057851079622,1.25796082340492,0.311415128006572,4.03949811769699,5.35656978518625e-05,0.000169005131246097,"","UGT",""
"Os06g0289900",459.373655145058,1.94565060267815,0.802109126182623,2.42566820295119,0.0152802330787288,0.0303875379237229,"","UGT",""
"Os06g0291600",47.1372867682519,1.4802028250232,0.292380002229805,5.06259940397628,4.13578296792188e-07,1.73358644216208e-06,"","G11A",""
"Os06g0295500",214.96998370705,1.10000819677133,0.205745935810108,5.34643949315518,8.97012483592263e-08,4.0557077200667e-07,"","Os06g0295500",""
"Os06g0295900",239.377177363557,1.317205217959,0.262251356524145,5.02268219092215,5.09548224736105e-07,2.11015817554512e-06,"","Os06g0295900",""
"Os06g0299100",11.8769478560304,6.72192809634781,1.20968487767812,5.55675963251679,2.74828807092297e-08,1.31710509735509e-07,"","Os06g0299100",""
"Os06g0299200",9.3348427335627,4.93532625495728,1.41782124342473,3.48092277347747,0.00049968954131926,0.00135427781287107,"","Os06g0299200",""
"Os06g0300500",14.6273461905863,7.02368485110701,1.16472520750909,6.03033643113817,1.63618700879528e-09,8.89420919634065e-09,"","Os06g0300500",""
"Os06g0300600",128.231540202758,1.55382066225448,0.245618778489384,6.32614766595149,2.51357290127316e-10,1.47771123836243e-09,"","Os06g0300600",""
"Os06g0304500",299.820975698167,1.20824212104011,0.174357189137872,6.92969488103354,4.21749264783349e-12,2.91239730589104e-11,"","Os06g0304500",""
"Os06g0306600",430.758631458086,2.36647314392308,0.353933552534553,6.68620741655188,2.29028358990273e-11,1.47738496503567e-10,"","Os06g0306600",""
"Os06g0307900",95.9818199621455,2.56832931156035,0.401634699562427,6.39468978740754,1.60873621447341e-10,9.65124871331907e-10,"","P0417E03.24-2",""
"Os06g0308000",4638.48320867539,1.17206850989508,0.170224255890479,6.88543770547703,5.76101208078871e-12,3.92900072462708e-11,"","OsTIG",""
"Os06g0308300",41.501595304217,1.78171315513918,0.325484804760253,5.4740286768581,4.39917827922678e-08,2.05890517990937e-07,"","Os06g0308300",""
"Os06g0309000",831.37919629386,1.04794467746963,0.153289052095155,6.83639609708791,8.12102091656576e-12,5.45740534987116e-11,"","Os06g0309000",""
"Os06g0314000",75.2191061433319,1.03686531344511,0.268268460323545,3.8650287558761,0.000111076112390068,0.000334890829482686,"","Os06g0314000",""
"Os06g0314100",35.0380673142365,1.00100116631786,0.351932719184041,2.84429696857596,0.00445095422536048,0.00999558532056163,"","Os06g0314100",""
"Os06g0316800",483.643132533294,1.59912320984762,0.247666663783001,6.45675596958312,1.06971179367458e-10,6.51690413372881e-10,"","Os06g0316800",""
"Os06g0318500",5.63478891542256,5.64499819397508,1.21079630499732,4.66221954153353,3.12817223826102e-06,1.17470026595018e-05,"","OsNHX4",""
"Os06g0318800",4400.18249687577,4.97412420522429,0.592203249757249,8.39935310598724,4.48944930548061e-17,4.53465493036661e-16,"","OsAGP24",""
"Os06g0324400",352.231783949671,10.1771473575265,1.03130540290399,9.86821879228915,5.71707694269705e-23,8.0713399093564e-22,"","OsLEA3",""
"Os06g0326000",253.927214955049,1.2354358826659,0.216610710345691,5.70348474779598,1.17382546016096e-08,5.8342775178351e-08,"","Os06g0326000",""
"Os06g0326500",377.71585756152,1.42981398484654,0.222641864991067,6.42203560819037,1.34463957052918e-10,8.12588649731742e-10,"","Os06g0326500",""
"Os06g0326700",1785.24315476229,1.6241810099688,0.152400970457611,10.6572878446371,1.61230742284756e-26,2.74557670212329e-25,"","Os06g0326700",""
"Os06g0328800",11.199624022031,1.80908278205324,0.630773680399572,2.8680378371324,0.00413026135696131,0.00934399978464484,"","Os06g0328800",""
"Os06g0328900",20.191359968866,3.52429457842813,0.64786940495422,5.43982251897999,5.333367593185e-08,2.46907415650868e-07,"","Os06g0328900",""
"Os06g0328966",40.1033952803797,2.73528138085337,0.441564350811727,6.19452493351221,5.84610864363897e-10,3.32451305631037e-09,"","Os06g0328966",""
"Os06g0335500",663.966155445294,1.12273187765325,0.169857470662967,6.60984691030152,3.84717661040496e-11,2.43913753520992e-10,"","OsIAA21",""
"Os06g0339800",65.7301902490617,2.01207436004318,0.313008793046758,6.42817200263958,1.29147561341448e-10,7.81604574342221e-10,"","Os06g0339800",""
"Os06g0340600",6770.73280301778,1.05368365438037,0.116628055885593,9.03456416536672,1.64657250277414e-19,1.92803057189201e-18,"","P0428A03.16-1","OJ1294_G12.30-1"
"Os06g0341300",2394.23875253053,10.927030014333,0.561370894749921,19.464903001786,2.17906716273875e-84,2.47663977482467e-82,"","OsLEA33",""
"Os06g0341400",18.8138134203281,1.99533156615534,0.49369798740068,4.04160360600366,5.30869165994689e-05,0.00016764396285815,"","Os06g0341400",""
"Os06g0349700",10.2531537129239,6.507462643419,1.18500051644451,5.49152726358642,3.98472795983757e-08,1.87520616639877e-07,"","OsF5HL",""
"Os06g0349800",907.594506414844,3.21885130603038,0.224658393351771,14.327758949964,1.46781144911793e-46,5.65598200230093e-45,"","Os06g0349800",""
"Os06g0351500",40.297985757917,1.15453550113554,0.390589301342676,2.95588101662475,0.00311777340650977,0.00723170489544023,"","OsGELP83",""
"Os06g0352900",586.839988794964,1.15811387390989,0.159908320266504,7.24236157305494,4.40938404565732e-13,3.2976549501736e-12,"","Os06g0352900",""
"Os06g0354500",1932.29235982174,1.67847255060534,0.201686250851475,8.32219620087735,8.6348222090133e-17,8.5577995949089e-16,"","ACX3",""
"Os06g0354700",7318.54052429287,1.31907831593598,0.284143780317691,4.64229171041918,3.44565923201885e-06,1.28593310425864e-05,"","NYC3",""
"Os06g0355800",20.0598600120687,2.28133898217733,0.490071667351119,4.65511298481744,3.2380309315683e-06,1.2133819374798e-05,"","Os06g0355800",""
"Os06g0356800",1093.06731714479,4.56795056611165,0.611742429604228,7.46711417265421,8.19726409909601e-14,6.49723648698982e-13,"","Os06g0356800",""
"Os06g0365700",33.7075448989146,1.0187026140937,0.384420847889231,2.64996713806539,0.00804996003834838,0.0170386007064888,"","Os06g0365700",""
"Os06g0367100",602.703890396036,3.23271247394762,0.236616359624868,13.6622525977188,1.70622836061893e-42,5.79112603987057e-41,"","Os06g0367100",""
"Os06g0472600",15.0517434052087,4.56923115694427,0.873373950584569,5.23170075531332,1.67957492415496e-07,7.3719801409721e-07,"","Os06g0472600",""
"Os06g0473800",463.223392947079,5.09623353361098,0.37141857121893,13.7209981635707,7.60116925422261e-43,2.59771269809481e-41,"","Os06g0473800",""
"Os06g0474800",994.656078595733,9.08471348048118,0.444514037510204,20.437405152301,7.77653477619629e-93,1.07642012374199e-90,"","Os06g0474800",""
"Os06g0475400",444.729968547948,1.09784022677895,0.369114057477334,2.97425742677484,0.00293698567398114,0.00684891079111717,"","Os06g0475400",""
"Os06g0475500",609.826085720911,1.42586800019533,0.171097124862326,8.33367598282358,7.83702203488276e-17,7.78580172246552e-16,"","Os06g0475500",""
"Os06g0481800",6.51586797311023,2.98753512252509,0.97514338574323,3.06368803419413,0.00218626763480951,0.00523828964197614,"","Os06g0481800",""
"Os06g0481850",25.1763175808702,1.71841968810502,0.436051959215624,3.94085991769453,8.11900312999812e-05,0.000249831769190218,"","Os06g0481850",""
"Os06g0482200",327.2731596659,1.02010596014152,0.180618800383992,5.64783930561376,1.62476939020761e-08,7.96378064909473e-08,"","Os06g0482200",""
"Os06g0486800",4863.17113171786,2.75917785477821,0.184395986636096,14.9633292194338,1.27485531227031e-50,5.72229892610895e-49,"","OsFDH",""
"Os06g0489900",7.72450503916104,6.10244676667047,1.25634261588211,4.85731096718851,1.18990644065165e-06,4.70212310686218e-06,"","Os06g0489900",""
"Os06g0491566",9.83777151864963,6.44947895683005,1.15195848851045,5.598707784314,2.15955455896253e-08,1.04567682836456e-07,"","Os06g0491566",""
"Os06g0493800",12.3175567492954,1.36635844311675,0.525446412107109,2.60037638783653,0.0093121561203405,0.0194526003029826,"","Os06g0493800",""
"Os06g0493801",48.9530597322595,1.54401972777053,0.367539715671545,4.20096022806513,2.65785284273277e-05,8.79455393755207e-05,"","Os06g0493801",""
"Os06g0497500",18.8745709046285,2.61081737749474,0.652493961658756,4.00128971440222,6.29981671262065e-05,0.000196761072341613,"","Os06g0497500",""
"Os06g0498800",1235.4894225252,1.36067655060656,0.229216747965791,5.93620039845269,2.91703220635618e-09,1.54599587116336e-08,"","OsMFT1",""
"Os06g0498900",2915.02816463745,1.14307804066211,0.151669696523088,7.5366277303001,4.82280564118554e-14,3.8936023255671e-13,"","Os06g0498900",""
"Os06g0499200",34.112387944605,2.88922699219177,0.430226978758626,6.71558766613923,1.87309772277637e-11,1.21842326797664e-10,"","Os06g0499200",""
"Os06g0499301",109.658809701786,2.10050192848922,0.331464006998681,6.33704379401163,2.34215435638036e-10,1.38170377352467e-09,"","Os06g0499301",""
"Os06g0503400",9409.28704086559,1.17735488176819,0.128105958868669,9.19047710321717,3.91102794453831e-20,4.77357336856285e-19,"","Os06g0503400",""
"Os06g0503600",475.52647203453,1.0756833418848,0.171567408995349,6.2697417195008,3.61647476295089e-10,2.09947036554906e-09,"","Os06g0503600",""
"Os06g0505700",81.0949325188573,2.13300643520625,0.263146525270119,8.10577465545754,5.2410504593208e-16,4.92630907551561e-15,"","OsAGP26",""
"Os06g0506200",2.71335578105649,4.59099478302174,1.39404446756131,3.29329149094723,0.00099021757022998,0.00254728730321074,"","Os06g0506200",""
"Os06g0518100",2.65894290208316,3.74983754202034,1.3699011466956,2.73730520706949,0.00619447932052248,0.0134714837290078,"","Os06g0518100",""
"Os06g0519400",7.53046789823835,6.06579897429336,1.25099278258417,4.84878814549453,1.24217996064491e-06,4.89697579711995e-06,"","OsC3H42",""
"Os06g0526600",182.424963256038,1.47117459254152,0.269791303534632,5.45300969033154,4.95243693068324e-08,2.30132276503261e-07,"","OsABP",""
"Os06g0528350",24.7146280945392,7.77905435156526,1.21344219255318,6.41073336604317,1.44821286855723e-10,8.728380015627e-10,"","Os06g0528350",""
"Os06g0530700",65.7024746789981,1.00708966177822,0.285928475043954,3.52217337438464,0.000428024120870534,0.00117274727886865,"","Os06g0530700",""
"Os06g0534900",93.6766490024921,4.27625397868119,0.458874862535761,9.31899811432345,1.17444016353695e-20,1.47711187471853e-19,"","Os06g0534900",""
"Os06g0534950",2.66569589290574,4.56861674587585,1.49418321732599,3.05760143260873,0.00223116116292967,0.00533399075008766,"","Os06g0534950",""
"Os06g0542200",219.448270931433,1.39390617782788,0.188488152186034,7.39519254479254,1.41203514698022e-13,1.09742769249464e-12,"","Os06g0542200",""
"Os06g0546400",242.378094398946,1.60905259914521,0.164995087690564,9.75212427028655,1.80647946417756e-22,2.48385913895269e-21,"","Os06g0546400",""
"Os06g0553001",76.4727918990041,6.62166775431785,0.714928178953601,9.26200414146439,2.00630407883172e-20,2.49423964682456e-19,"","Os06g0553001",""
"Os06g0553100",450.941044813449,7.43729437705693,0.439413342522198,16.9255087575799,2.91814630759766e-64,2.10182880998102e-62,"","HSfC2b",""
"Os06g0553700",4.43910331577905,3.82452135884904,1.54939617720913,2.46839473022194,0.0135720565147046,0.0273483119929111,"","OsERF#122",""
"Os06g0554100",2.88041509291021,4.6795755657729,1.41481599764931,3.30755064513543,0.000941156923545263,0.00242881419588387,"","P0427B07.42",""
"Os06g0556300",31.6744814897807,1.91793066726535,0.376009972229133,5.10074415286147,3.38320639679252e-07,1.4299847303536e-06,"","OsFbox313",""
"Os06g0559400",195.201706661666,2.51864006519061,0.354101994454487,7.11275311812551,1.13750653509889e-12,8.20733821203993e-12,"","Os06g0559400",""
"Os06g0561000",42.174656546197,2.28871194233493,0.389901188889335,5.86997938850742,4.35849321229365e-09,2.26205249939254e-08,"","OsMIOX",""
"Os06g0563900",317.62440046767,1.33848057688317,0.161905717081557,8.26703714365405,1.37329185848802e-16,1.33750205887412e-15,"","DGAT1-2",""
"Os06g0565000",148.952290492863,2.17229932004801,0.266946349604318,8.13758765859847,4.03231429714752e-16,3.81185239757437e-15,"","Os06g0565000",""
"Os06g0565300",54.5208189244468,2.62664395369614,0.427355238494794,6.14627765637683,7.93223821692523e-10,4.4475461937261e-09,"","Os06g0565300",""
"Os06g0567900",34.8604810171966,4.04927100192158,0.592132480899573,6.83845445493869,8.00521054305946e-12,5.38249936568207e-11,"","AO",""
"Os06g0568400",2.6113651201349,4.53590113918006,1.49028422944317,3.04364835215016,0.00233728168978671,0.00555766107752835,"","Os06g0568400",""
"Os06g0572400",50.2702745642818,2.81108885370525,0.419507249021527,6.7009303421143,2.07096751917987e-11,1.34255264842281e-10,"","OsTET9",""
"Os06g0573800",19.9477859220984,3.64494290992834,0.619447001088448,5.88418848347593,4.00011780008308e-09,2.08435160321048e-08,"","Os06g0573800",""
"Os06g0573900",2.26311308430785,4.33281078058332,1.5999169742595,2.70814726657219,0.00676599921141335,0.0145610320907833,"","Os06g0573900",""
"Os06g0574000",4.42554049621212,5.29657153915434,1.25926610673804,4.2060780567456,2.59840519962589e-05,8.60589301311732e-05,"","Os06g0574000",""
"Os06g0574400",968.128831310557,1.2124610164927,0.138715746910717,8.74061556452629,2.31843682266877e-18,2.54626350897936e-17,"","Os06g0574400",""
"Os06g0574900",8.00685437363537,1.58611095197744,0.660191576155894,2.40250104554939,0.0162833880121201,0.0321553761677134,"","Os06g0574900",""
"Os06g0588800",45.942565467188,1.81941993817852,0.354745019870852,5.1288103743948,2.91578860362239e-07,1.244307513468e-06,"","Os06g0588800",""
"Os06g0589600",37.5656175096,1.05868353813982,0.351236332231865,3.01416294667645,0.00257689363002638,0.0060807327115394,"","Os06g0589600",""
"Os06g0590500",2.76129893474205,3.82357113599028,1.44915713211853,2.63847932791152,0.00832787776080794,0.0175698081811596,"","Os06g0590500",""
"Os06g0595800",311.214521730873,1.29192017389128,0.212815774226276,6.07060345309577,1.27430494460709e-09,6.98991667313039e-09,"","OsAT8",""
"Os06g0595900",79.1958878946946,1.80887887604418,0.259160929182785,6.97975146851087,2.95702697570162e-12,2.06674915026682e-11,"","LC3",""
"Os06g0600301",22.9527737936043,1.32019904616213,0.469471744511051,2.81209478865889,0.00492199962204146,0.0109561031924644,"","RAN3",""
"Os06g0602800",1305.92743088182,1.29461309233486,0.188871091208225,6.85447986800473,7.15724494172386e-12,4.83861003877468e-11,"","Os06g0602800",""
"Os06g0603600",400.381340855633,1.06761968956422,0.154149334946468,6.92587931005329,4.33275738791406e-12,2.98533731369151e-11,"","OsSPX1",""
"Os06g0606100",461.170925954448,1.02838287082506,0.32282459539335,3.18557781996757,0.00144465244575162,0.00358838633066545,"","Os06g0606100",""
"Os06g0607900",32.4065085545423,1.66851168780902,0.453838560353735,3.67644319713277,0.000236508487526426,0.000676514753572183,"","Osnop",""
"Os06g0608000",15.2023093842324,1.55957408178028,0.515290947258239,3.02658932798735,0.00247329729857414,0.00585348307513824,"","P0556B08.11-1",""
"Os06g0609800",15.5288070642678,1.92437631803263,0.65944811097049,2.91816184779206,0.00352101541812894,0.00808228636418203,"","Os06g0609800",""
"Os06g0611100",43.5891423157711,1.61144552879358,0.299578179145165,5.37904841197638,7.48805727140156e-08,3.41238909349855e-07,"","Os06g0611100",""
"Os06g0611150",24.8181025997228,1.95096813313174,0.459856894976312,4.24255492185724,2.20989435641731e-05,7.3793197397509e-05,"","Os06g0611150",""
"Os06g0611200",85.397561495898,2.25526712106689,0.278232613879219,8.10568929940725,5.24473151936333e-16,4.92789961529258e-15,"","P0490F09.35",""
"Os06g0619000",339.990837977307,1.13522469071934,0.236097967615319,4.80827811516357,1.52235875500053e-06,5.93820574191563e-06,"","Os06g0619000",""
"Os06g0620000",17.9465752251466,1.98166931125143,0.640424394056981,3.09430641562213,0.00197273627315497,0.00477282361487752,"","Os06g0620000",""
"Os06g0620600",274.678501642465,1.25404527102284,0.188865687914086,6.63987876714428,3.13941259785781e-11,2.00477386435884e-10,"","Os06g0620600",""
"Os06g0622000",90.3223377330417,3.2558793062136,0.313809752120374,10.3753286321219,3.21105644810444e-25,5.13292552352798e-24,"","OsCW-ZF6",""
"Os06g0623600",218.846098238039,1.2324482031883,0.371897839586212,3.31394289506915,0.000919902923690292,0.00237792746377406,"","OsCCR7",""
"Os06g0625500",389.434019181139,1.34928133700943,0.179541897236387,7.51513355811846,5.68528640319843e-14,4.55871654407921e-13,"","OsPrxII",""
"Os06g0625800",75.0259562936226,2.30796746826478,0.335459809146404,6.8800118682996,5.98475743749157e-12,4.07374546782221e-11,"","Os06g0625800",""
"Os06g0625900",1043.76303748572,1.62701459686825,0.201639086415667,8.06894449776595,7.09084884597705e-16,6.56784904137471e-15,"","HAK10",""
"Os06g0626700",3.69867061972396,3.53705553322215,1.40066711611981,2.52526492020508,0.0115611100533896,0.0236652527164821,"","ANS2",""
"Os06g0634500",68.8382631566642,1.13295467754313,0.308152494968337,3.6766039413685,0.000236359574016662,0.00067624493826915,"","Os06g0634500",""
"Os06g0637500",86.9045994798396,2.90156424972372,0.534190331887519,5.43170491212612,5.5818170853188e-08,2.57735150806828e-07,"","R2R3-MYB",""
"Os06g0639300",31.7255302836302,3.48984803420592,0.492585175953792,7.08476057455145,1.39284898779635e-12,9.974167448159e-12,"","Os06g0639300",""
"Os06g0642650",15.1341459702452,1.93067516871996,0.607849143277641,3.17624066772453,0.0014919711921431,0.00369444035855782,"","Os06g0642650",""
"Os06g0650700",36.21832503896,2.85462448769257,0.508857299899959,5.60987233209348,2.02475928120359e-08,9.81750698833293e-08,"","Os06g0650700",""
"Os06g0650900",3165.04751134302,1.41459278178737,0.273364778152963,5.17474413252986,2.28223519701302e-07,9.87374567424334e-07,"","OsDjC56",""
"Os06g0651100",381.815030049859,1.48326855254394,0.202861840536277,7.31171790920771,2.63748366080742e-13,2.00888203700663e-12,"","Os06g0651100",""
"Os06g0651200",704.466718918182,4.26749594004751,0.298746650655751,14.2846653868096,2.72716232521653e-46,1.04115409756379e-44,"","Os06g0651200",""
"Os06g0651300",168.557976711615,1.71914197917577,0.181254525544559,9.4846844458686,2.43117530832363e-21,3.15874308412871e-20,"","Os06g0651300",""
"Os06g0654300",5.47197084593365,2.25872885324899,0.94968879267707,2.37838844752698,0.0173884973152369,0.0341255285528416,"","OsHK1",""
"Os06g0656500",218.487346430488,1.35381201351274,0.286431619144947,4.72647544134314,2.2845040695342e-06,8.71354022950259e-06,"","4CL4","RAL1"
"Os06g0659500",336.578187084967,1.09590165868099,0.15301329286841,7.16213368222496,7.94309041380492e-13,5.82093910626573e-12,"","OsGRX18",""
"Os06g0661500",348.587537117421,1.09554125103856,0.182351094166802,6.00786771280042,1.87979116180379e-09,1.01582520427508e-08,"","Os06g0661500",""
"Os06g0662550",35.0152377019861,2.56236494749433,0.508202130040158,5.04201929907664,4.60644816527725e-07,1.92047730424154e-06,"","Os06g0662550",""
"Os06g0666800",15.3107000729646,4.02757860469318,0.784846765184091,5.13167510316296,2.87174891015045e-07,1.22635854441223e-06,"","Os06g0666800",""
"Os06g0667300",4.79800066658337,2.84837240242369,1.20061688778406,2.372424069164,0.0176717949895824,0.0346157059417253,"","Os06g0667300",""
"Os06g0668200",27.8835922378693,2.09044016303548,0.397729953538496,5.25592841182164,1.47279576139454e-07,6.50471668093986e-07,"","PGK",""
"Os06g0669800",430.250934712699,1.29608266890599,0.157345081230809,8.23719851149826,1.76289847691627e-16,1.70223443345887e-15,"","Os06g0669800",""
"Os06g0670100",31.2860983727109,3.26655704160314,0.485215341978722,6.73218004253953,1.67139639038293e-11,1.09353547305302e-10,"","Os06g0670100",""
"Os06g0671700",331.724513882424,2.02030015673748,0.268232280970319,7.53190536735226,5.00051952272727e-14,4.03050983131469e-13,"","Os06g0671700",""
"Os06g0671800",30.2980058786896,1.11922224439636,0.458015455968813,2.44363422633618,0.014540159722782,0.0290767988257764,"","Os06g0671800",""
"Os06g0671900",2543.898390249,1.14292845332563,0.201968566802752,5.6589422374911,1.52308802910043e-08,7.48463944804075e-08,"","OsTUB3",""
"Os06g0672700",615.968201911208,1.16311471859458,0.152405051073093,7.63173339994327,2.31618040121648e-14,1.9148482416063e-13,"","Os06g0672700",""
"Os06g0678651",10.056916577297,1.38949998394118,0.618394307523611,2.24694821254984,0.0246433369847048,0.0465068139591767,"","Os06g0678651",""
"Os06g0678700",22.2734486037908,1.00897282154487,0.386165437628609,2.61279939432394,0.00898039968066482,0.0188182817056692,"","P0710B08.40-1",""
"Os06g0679100",93.4260510137927,1.7337039398603,0.283818448430353,6.10849629207854,1.005741960631e-09,5.57977352408293e-09,"","Os06g0679100",""
"Os06g0681100",45.8037470360484,3.06914337330682,0.357945785438091,8.57432465520019,9.96699074996571e-18,1.04907446818989e-16,"","Os06g0681100",""
"Os06g0681200",4044.97853996865,8.51018675046668,0.264460983212531,32.1793659204072,3.43130417294369e-227,8.50174234930258e-224,"","OsENODL18",""
"Os06g0682900",1238.71225142176,1.23246978516955,0.299924645238755,4.10926479278968,3.96920750801201e-05,0.000128120185547178,"","HSA32",""
"Os06g0683100",98.3357425074049,4.51813484629173,0.370053093817579,12.20942324703,2.7684467852774e-34,6.873126853589e-33,"","Os06g0683100",""
"Os06g0683200",2891.78938394372,1.89116523991538,0.206306507977379,9.16677451650118,4.87383855109365e-20,5.90509035601209e-19,"","Os06g0683200",""
"Os06g0683950",12.3104953842885,2.10127917210729,0.617895056553709,3.400705588789,0.000672121735557393,0.00178413973022343,"","Os06g0683950",""
"Os06g0686400",556.62337846759,2.5058896800151,0.218265460375282,11.4809263715226,1.64508388677003e-30,3.43968299261613e-29,"","OsLTPG13",""
"Os06g0686500",31.4135676889875,1.3443936245602,0.404247521547174,3.32566942999381,0.000882064727239819,0.00228775439619188,"","Os06g0686500",""
"Os06g0687200",45.9175942982031,6.22761455021796,0.881313170991355,7.06629011706787,1.591305537744e-12,1.13633896087749e-11,"","Os06g0687200",""
"Os06g0687400",322.942648014779,1.20600199073569,0.171457420463048,7.03382791761761,2.009429291809e-12,1.42250370180433e-11,"","Os06g0687400",""
"Os06g0689700",4.69126036529856,3.88620846321598,1.24090353369124,3.13175710899614,0.00173763565542521,0.00425344780028357,"","Os06g0689700",""
"Os06g0693200",251.260704751599,4.14122155207813,0.297236594901852,13.9324081324696,4.02550337306229e-44,1.43510643272467e-42,"","OsRLCK216",""
"Os06g0693300",7.69198934524122,2.08250918520944,0.790150623223745,2.63558506948079,0.00839923690668475,0.0177029403783794,"","RPA2C","RPA32C"
"Os06g0697200",595.398991548076,4.34306700080564,0.213308943698597,20.3604543039805,3.75089724850077e-92,5.07846891399472e-90,"","OsRH35B",""
"Os06g0698300",3452.61300081049,5.15421369847476,0.26454434246723,19.4833639245686,1.51959426333501e-84,1.75120870058844e-82,"","OsPP2C59",""
"Os06g0698400",128.862748570587,6.10627722952222,0.528625695041079,11.5512304581557,7.27710407202701e-31,1.55301298529383e-29,"","Os06g0698400",""
"Os06g0700000",63.3215397158063,1.74465937567314,0.294553230568635,5.92306990592185,3.15986437758399e-09,1.66791563023857e-08,"","OsSub52",""
"Os06g0700500",465.84655682251,1.3841920138285,0.155312543933607,8.91230018368781,4.99845847849367e-19,5.71249103882093e-18,"","Os06g0700500",""
"Os06g0702100",91.003824069674,3.13778966014421,0.408803595198727,7.67554321193989,1.64719114720231e-14,1.37600994788374e-13,"","Os06g0702100",""
"Os06g0702200",12.5094378086034,1.91980112834583,0.630588586709657,3.04445904795572,0.00233099163168732,0.00554376844483746,"","Os06g0702200",""
"Os06g0705350",25.2644700188583,3.14343593386061,0.493934205717663,6.36407824660239,1.96465971541832e-10,1.16818751545284e-09,"","Os06g0705350",""
"Os06g0705500",464.096940512451,1.86943303006115,0.195493327716535,9.56264365590944,1.14786407181298e-21,1.51279936741012e-20,"","Os06g0705500",""
"Os06g0706400",1168.90030521302,2.82121070777753,0.551452082798284,5.11596709085149,3.12137483936859e-07,1.32655753679306e-06,"","OsPTR9",""
"Os06g0707733",62.3975827593176,1.6092230118873,0.351014284859966,4.584494367599,4.55086353880066e-06,1.67344532355096e-05,"","Os06g0707733",""
"Os06g0707800",141.792973575456,1.94859019808513,0.277251390472893,7.02824319388089,2.09150131386623e-12,1.4768061571292e-11,"","P0621D05.38-2",""
"Os06g0708000",869.351835032743,1.05783325168915,0.178713197677772,5.91916694141681,3.23576393115963e-09,1.70579836004983e-08,"","BWMK1",""
"Os06g0710001",259.144822271234,3.07658157487221,0.223769979645562,13.7488575533918,5.17400975590345e-43,1.77066905693397e-41,"","OsCEP7",""
"Os06g0710300",3737.27944344546,2.44178465268463,0.227270856986232,10.7439408865016,6.32840538488242e-27,1.09572956129442e-25,"","Os06g0710300",""
"Os06g0710401",7.22185459099368,3.00299542680036,1.04561253005393,2.87199640448598,0.00407887607978863,0.0092378713554774,"","Os06g0710401",""
"Os06g0710700",5.83250400335563,3.15144936878006,1.0664587409537,2.9550598140926,0.0031260843733216,0.00724962490806714,"","Os06g0710700",""
"Os06g0710900",104.423934902702,1.25870601224051,0.27521468294364,4.5735423661908,4.79546656849482e-06,1.7592134315605e-05,"","Os06g0710900",""
"Os06g0713800",305.907539486783,3.54641911566566,0.282598195725133,12.5493338928287,4.00867927033065e-36,1.06341591307262e-34,"","Amy2A*(RAmy2A)",""
"Os06g0715300",8.93527582706914,2.30946160269265,0.750459897727114,3.07739508758192,0.00208818329562056,0.00502710041931506,"","OsGH9B6",""
"Os06g0717400",321.485804785901,1.95463870650716,0.194358164090289,10.0568901525492,8.56615679158371e-24,1.25811302208103e-22,"","Os06g0717400",""
"Os06g0717700",3.64050780910726,4.23454321082446,1.34287498354833,3.15334134800498,0.00161412940661037,0.00397192216780068,"","Os06g0717700",""
"Os06g0724700",148.614666246892,1.85646665088059,0.226056919422468,8.21238586999907,2.16836128720649e-16,2.07915973734966e-15,"","Os06g0724700",""
"Os06g0725000",37.9840503393301,2.93612911798464,0.629417915786184,4.6648324497043,3.08868602441487e-06,1.16004810712335e-05,"","OsStr9",""
"Os06g0726200",59.4506909581798,1.15822986873966,0.519888224185692,2.22784401503575,0.025890918581982,0.0485359226530807,"","Cht1*(Chi1)",""
"Os06g0727200",4388.16786934747,2.10595295624643,0.260453913715366,8.08570286468376,6.18067056206758e-16,5.75492200362076e-15,"","CATB",""
"Os06g0729300",351.714404169871,1.76374110017087,0.175684469946843,10.0392544697008,1.02445491061993e-23,1.49575246437419e-22,"","OsAGO1d",""
"Os06g0731000",629.758144399866,12.4497606747009,1.03192615245079,12.0645848979921,1.62479546138555e-33,3.89338076854446e-32,"","Os06g0731000",""
"Os07g0101500",229.978228733237,1.01989204534389,0.173288913548353,5.88550083476233,3.96850383455003e-09,2.06874856950655e-08,"","OsGL1-8",""
"Os07g0105600",2484.90332680671,1.25689111832512,0.245922408217011,5.11092554532889,3.20584319653192e-07,1.35965725574241e-06,"","P0446F04.140","B1317D11.109"
"Os07g0105700",23.4849569153137,1.1815255548528,0.469563901855231,2.5162188792295,0.0118621489617367,0.024221894249625,"","OsDLK",""
"Os07g0108200",24.8009908338195,2.40113763449123,0.485255300117037,4.94819455637498,7.49050188197309e-07,3.03751497757197e-06,"","Os07g0108200",""
"Os07g0108800",236.886450960206,3.31758904520462,0.301251642296188,11.0126836817135,3.31965426583712e-28,6.18429125899596e-27,"","TPKB","KCO2"
"Os07g0113500",291.385271827946,1.21322740337722,0.241115353575763,5.031730187999,4.86073028592724e-07,2.01969334721481e-06,"","OJ1513_F02.122","OJ1118_G09.129"
"Os07g0118300",298.937772599914,2.06199750656293,0.162628452133279,12.6791928442698,7.71219403452082e-37,2.10678094369705e-35,"","Os07g0118300",""
"Os07g0119800",14.4611874635834,7.00437387847523,1.3007429329393,5.38490250540695,7.24839264566441e-08,3.30925786957117e-07,"","P0022B05.116",""
"Os07g0120100",2.8543942777294,4.66162596875296,1.4652089975102,3.18154336799348,0.00146492588399561,0.00363437154578545,"","P0022B05.122",""
"Os07g0120300",38.3999732221487,1.61227636927343,0.396474704765536,4.06653022221654,4.77182993761299e-05,0.000151773594819303,"","P0022B05.124",""
"Os07g0120500",2.80650675468455,4.64017215142534,1.628186418767,2.84990225808372,0.00437326661174236,0.00983359895082498,"","OsEnS-91",""
"Os07g0123900",987.726527839326,1.30658077309602,0.216833940172526,6.02572075227904,1.68357649796779e-09,9.14579585401184e-09,"","Os07g0123900",""
"Os07g0130000",8.92739342567297,2.293505105938,0.732935800175702,3.12920327454081,0.0017528100454475,0.00428847383193963,"","Os07g0130000",""
"Os07g0130100",105.409408979619,3.50873600836911,0.393444609946862,8.91799231623226,4.74817354626457e-19,5.43146334052619e-18,"","P0483E09.6",""
"Os07g0130200",44.7209198752306,2.61796128171992,0.565167453035354,4.63218691674405,3.61823254404169e-06,1.34709162650219e-05,"","Os07g0130200",""
"Os07g0132300",75.8193609364758,1.08034690037074,0.236297923502336,4.57196950509835,4.83161267167354e-06,1.7714244919511e-05,"","OJ1606_D04.120",""
"Os07g0132500",8.8910773108969,5.56264934198593,1.15450785644354,4.81819964319832,1.44859386935676e-06,5.66653146527509e-06,"","Os07g0132500",""
"Os07g0147550",74.7767564523075,2.91429207118453,0.490460260026022,5.94195352551074,2.81645278151937e-09,1.49543592123212e-08,"","OsPsbR2",""
"Os07g0149900",52.1473008504593,2.832127851635,0.406007297672395,6.97555898101177,3.04657031117525e-12,2.12633443943632e-11,"","Os07g0149900",""
"Os07g0150100",2394.93577263852,1.62595682953556,0.110401230586148,14.7277056687045,4.27991124924952e-49,1.81270702602829e-47,"","OsOSCA3.1",""
"Os07g0150901",9.64925514071569,3.18436062846684,0.987986998715568,3.22307948647772,0.00126820356281889,0.00319037422412972,"","Os07g0150901",""
"Os07g0151300",31.485449578785,2.92884973783826,0.412373747170615,7.10241560704028,1.22594894775602e-12,8.81722411568964e-12,"","Os07g0151300",""
"Os07g0154100",119.156647816406,5.48602268952977,1.18188386391416,4.64176122293537,3.45451931094931e-06,1.28904555673782e-05,"","OSNCED3",""
"Os07g0154400",86.7519196121325,3.16231298822767,0.355228673756431,8.90218955240074,5.4755655662501e-19,6.24048243031181e-18,"","Os07g0154400",""
"Os07g0155200",20.3704096318619,2.35855270451623,0.480705613787892,4.90643886167912,9.27448805385973e-07,3.72075761836921e-06,"","Os07g0155200",""
"Os07g0156732",9.74760289169434,6.43613508823264,1.52779097241298,4.21270658385122,2.52328755419389e-05,8.36605054600052e-05,"","Os07g0156732",""
"Os07g0157700",178.582148591342,1.1632528046279,0.245501434462737,4.73827294399967,2.15547362280561e-06,8.25188040053376e-06,"","Os07g0157700",""
"Os07g0157900",37.6060234293302,1.69939128539356,0.335748476410864,5.06150110809131,4.15968321798381e-07,1.74272017402748e-06,"","Os07g0157900",""
"Os07g0158200",168.174258083627,1.42867355632314,0.227716167685102,6.27392236065905,3.52064114444637e-10,2.04623330133586e-09,"","Os07g0158200",""
"Os07g0158900",202.006378363405,1.03372987261206,0.172342783284097,5.99810362182687,1.99635122040813e-09,1.07529552582722e-08,"","OsFbox341",""
"Os07g0159200",30.5747819959568,1.68106422208005,0.374833780080936,4.48482583858122,7.29735140099427e-06,2.60941659203976e-05,"","Os07g0159200",""
"Os07g0163900",64.988600480164,4.86260746779294,0.465484316824535,10.4463400635384,1.52289210482681e-25,2.480782227567e-24,"","Os07g0163900",""
"Os07g0164000",312.756063753817,1.19164350800289,0.18191115456524,6.55068959817706,5.72719917473795e-11,3.57877313631276e-10,"","WAF1",""
"Os07g0164800",198.587882407595,1.76095851773654,0.305482663936951,5.76451211679883,8.18943947407781e-09,4.1401702070848e-08,"","P0039H02.109",""
"Os07g0166600",526.578864124526,1.06437651690875,0.193877256361197,5.48995037832491,4.0204667822042e-08,1.89057806758056e-07,"","Os07g0166600",""
"Os07g0169600",895.903225076003,3.2204655365537,0.365211584530998,8.81808155316158,1.1643743760005e-18,1.29895109924198e-17,"","Os07g0169600",""
"Os07g0170100",1433.48807684318,1.01824658281096,0.131486260117818,7.74412917287759,9.62391328794241e-15,8.17735595114366e-14,"","Os07g0170100",""
"Os07g0170800",108.731439824953,3.96576856551871,0.329651867587503,12.0301716915529,2.46647319582038e-33,5.85923359279401e-32,"","OsFbox345",""
"Os07g0174700",17.052520100982,2.08815467224566,0.620044844422828,3.36774781861049,0.000757848819299591,0.00199164405979911,"","OJ1656_E11.120",""
"Os07g0176200",10.8443426229732,2.59340197516504,0.699740291328627,3.70623502362689,0.000210363103635238,0.000606559597203572,"","Os07g0176200",""
"Os07g0180000",23.906748450995,2.51484502300416,0.502297476440972,5.00668456633127,5.53755626463603e-07,2.28444941007138e-06,"","Os07g0180000",""
"Os07g0181000",1364.22370804947,1.55603136545655,0.148179698606725,10.5009753703598,8.54921441968186e-26,1.41077291005521e-24,"","OsPKpa1",""
"Os07g0182900",25.5921972497181,1.14596492206596,0.438235703718974,2.61495106934699,0.00892402389089613,0.0187159759560465,"","MET1B","MET1-2"
"Os07g0187900",762.510806493795,2.41708104089595,0.20954879380575,11.5346931709689,8.82010873589962e-31,1.8758440699518e-29,"","Os07g0187900",""
"Os07g0188700",165.702899833895,5.56844818911036,0.728586595095379,7.64280900389252,2.12533148766716e-14,1.763541134291e-13,"","Os07g0188700",""
"Os07g0189700",268.635300614048,1.73350395505716,0.343534662389875,5.04608164718418,4.50962757555126e-07,1.88359815305856e-06,"","Os07g0189700",""
"Os07g0191200",297.752167565564,1.50339846310291,0.16373017893607,9.18217076944576,4.22487155858585e-20,5.14143627736157e-19,"","OSA2",""
"Os07g0191600",74.6364259317709,1.59378625747986,0.293656134703058,5.4273896204875,5.7184208681975e-08,2.63747791979392e-07,"","STR2",""
"Os07g0191700",1287.58303054579,1.49230800567399,0.142624735796039,10.4631780549488,1.27505808222722e-25,2.08942553593544e-24,"","Os07g0191700",""
"Os07g0194300",8.55491002501145,2.25724349311772,0.807354174778056,2.79585287799898,0.00517629581511581,0.0114511679831361,"","Os07g0194300",""
"Os07g0194500",2.81697502088044,3.06415694442937,1.32545808245295,2.31177204695806,0.0207902486227681,0.039993788053286,"","Os07g0194500",""
"Os07g0195300",91.4041996433709,2.70284152275695,0.314055058806028,8.60626647133975,7.54786890887188e-18,8.03322800494495e-17,"","OsFbox347",""
"Os07g0195350",77.8309890121203,1.47581587326242,0.250400830894801,5.89381380240883,3.77382397165763e-09,1.97307525945898e-08,"","Os07g0195350",""
"Os07g0196300",90.2036650806484,2.40433912851408,0.297331541833805,8.08639108277989,6.14586267210669e-16,5.72681607471935e-15,"","OsFbox348",""
"Os07g0202900",508.767452250867,1.0836296590857,0.159245704770475,6.80476538219704,1.01214048461626e-11,6.72687896656038e-11,"","Os07g0202900",""
"Os07g0203275",44.1083159131931,2.06428536539465,0.399321055652418,5.16948789996054,2.34736331834987e-07,1.0139578266868e-06,"","Os07g0203275",""
"Os07g0203300",489.963955139032,1.76970854564762,0.193257428589054,9.15726013001425,5.32316408034623e-20,6.43689782424298e-19,"","Os07g0203300",""
"Os07g0203900",49.304766738767,2.75439230019274,0.346874561850863,7.94060044500172,2.01204838606589e-15,1.79778300979281e-14,"","Os07g0203900",""
"Os07g0203925",29.2630043526755,3.14160328566917,0.487562432584728,6.443489234834,1.16757555241068e-10,7.08697194073478e-10,"","Os07g0203925",""
"Os07g0204100",466.934102124628,2.06295873160092,0.333413089042099,6.18739575440134,6.11662693912333e-10,3.47117878311174e-09,"","P0431A02.22",""
"Os07g0204400",6.80928376483589,2.2100606910758,0.887781381106847,2.48941996093722,0.0127951725094939,0.0259623281686783,"","Os07g0204400",""
"Os07g0208900",39.6247834615839,3.06368200527958,0.406006931849326,7.54588595649041,4.49223030996754e-14,3.63145156248176e-13,"","Os07g0208900",""
"Os07g0209100",14633.5505527866,6.71562919265867,0.183050411574225,36.6873209128817,1.16334014127417e-294,5.76481573607001e-291,"","Os07g0209100",""
"Os07g0213500",721.521416727867,2.06035057519836,0.325282727275121,6.33403006811282,2.38838937269858e-10,1.40763852253456e-09,"","Os07g0213500",""
"Os07g0222900",14.2648156814594,2.72360554387244,0.638201532439739,4.26762614226346,1.97564060496136e-05,6.65243371631178e-05,"","Os07g0222900",""
"Os07g0224900",412.58713423961,1.09910064738154,0.192580304529181,5.70723288691757,1.14827621621524e-08,5.71072657751206e-08,"","OsWD40-138",""
"Os07g0229200",305.242519026831,2.23475816620805,0.21791145606791,10.2553496109521,1.11970072104942e-24,1.74483174625419e-23,"","OsFbox355",""
"Os07g0229700",75.6072106581001,1.61153216106755,0.271681324621958,5.93170017596895,2.99813741499709e-09,1.58694404467812e-08,"","OsTFIIS",""
"Os07g0230600",68.4264688903329,2.39639178372662,0.375426070462066,6.3831256598062,1.7350941126832e-10,1.03766417644103e-09,"","Os07g0230600",""
"Os07g0231400",323.354466649452,1.3206101963545,0.219682680339702,6.01144429917003,1.83877692016958e-09,9.9474619543759e-09,"","OsANT1",""
"Os07g0231700",36.7533451146075,1.98323697260459,0.395571869502022,5.0135945589388,5.34224947604614e-07,2.20681752697558e-06,"","Os07g0231700",""
"Os07g0231900",71.6209434359027,1.4318149758762,0.327292812062972,4.37472172655206,1.21587482013363e-05,4.2133888697134e-05,"","Os07g0231900",""
"Os07g0239600",34.8746576907254,2.13881941171985,0.361568424554059,5.9153932325749,3.310836193594e-09,1.74240841904585e-08,"","P0523A04.110","P0565A07.138"
"Os07g0240400",97.0277770749033,1.05643361641454,0.32357341858853,3.26489617417539,0.00109504207600181,0.00278891799574903,"","P0523A04.123",""
"Os07g0241800",28.8317888874774,2.29287949526759,0.438136641853849,5.23325208675982,1.66553344487216e-07,7.31553309051542e-07,"","P0418E08.117",""
"Os07g0242000",86.9310319928203,6.55545816431431,0.708108896467942,9.2576977877457,2.08887417523813e-20,2.59168930595269e-19,"","Os_F0785",""
"Os07g0242700",24.7694971149802,1.11422715406345,0.407352950299148,2.73528681514445,0.00623259433232119,0.0135413004009051,"","OsFbox358",""
"Os07g0244400",156.454704313296,1.47620443880132,0.219038875395738,6.73946319407573,1.58972857631166e-11,1.04147818443348e-10,"","OJ1341_A08.137",""
"Os07g0249200",112.899882536087,1.07212444910044,0.219368568724649,4.88732025437141,1.02217745783515e-06,4.0770268629719e-06,"","P0021G06.107",""
"Os07g0249800",57.1254002705976,4.01182154153221,0.425485035424246,9.42881936501497,4.14730688294871e-21,5.32423951496478e-20,"","Os07g0249800",""
"Os07g0249900",58.6968403363555,2.144114450453,0.381572896004438,5.61914767244911,1.91901784605045e-08,9.33035815769075e-08,"","Os07g0249900",""
"Os07g0251200",6.49932315038388,4.33897349199642,1.18047953852228,3.67560245680154,0.000237288785007582,0.000678590053801115,"","Os07g0251200",""
"Os07g0267200",36.4010656757271,2.08088129668889,0.604143168571424,3.44435128118623,0.000572431451409471,0.00153713385407743,"","Os07g0267200",""
"Os07g0271000",155.021718473618,2.3277068547508,0.26631077213719,8.74056590377684,2.31945624561747e-18,2.54626350897936e-17,"","OJ1001_C01.113",""
"Os07g0273600",4.8080718777114,2.10604699528098,0.895098200139159,2.35286697588438,0.0186292972316919,0.0362961466941597,"","Os07g0273600",""
"Os07g0275100",84.0996223173669,1.62478180288555,0.322278197155459,5.0415504903107,4.61774979250193e-07,1.92486518520896e-06,"","Os07g0275100",""
"Os07g0285700",1.82347113289796,4.01597528608499,1.58482450052711,2.53401893064455,0.0112762639741526,0.023122733798525,"","OsFbox364",""
"Os07g0290500",8.87433923556632,2.07020063521253,0.770850577240471,2.68560561065354,0.00723984903461337,0.015467943393172,"","Os07g0290500",""
"Os07g0290800",596.7059059774,2.2939953683757,0.16258921898224,14.1091480894946,3.33583394991167e-45,1.2336113101039e-43,"","P0656C04.101","B1126F07.130"
"Os07g0405700",9.85719341671217,6.45361011645893,1.19042645424117,5.42125898955492,5.9180745928944e-08,2.72550435293949e-07,"","Os07g0405700",""
"Os07g0409400",51.9991325903558,1.43590000134389,0.38057587426335,3.77296643967052,0.000161317994335917,0.000474249637596228,"","P0492E07.119",""
"Os07g0413800",389.777714712858,1.36059236387121,0.336245974420719,4.04641978603677,5.20069344027201e-05,0.000164548054360388,"","Os07g0413800",""
"Os07g0417766",1.98388859805678,4.14201312893065,1.54559538704125,2.67988191712951,0.00736481352901657,0.0157159576960161,"","Os07g0417766",""
"Os07g0418600",993.800025729178,3.34197180541766,0.301510726704817,11.0840892526172,1.4986775559335e-28,2.83455983231788e-27,"","OsRePRP2.2",""
"Os07g0418700",143.945834273336,3.64817790600507,0.32989612482111,11.0585655044701,1.99258758186288e-28,3.76298342346163e-27,"","OsRePRP2.1",""
"Os07g0422100",4.46924148571902,5.31330463474537,1.29832389315751,4.09243383931222,4.26869058141031e-05,0.000137019492856074,"","OsPM19L2",""
"Os07g0438700",101.465018633268,1.15625654009345,0.301085817909365,3.84028895190777,0.000122889580438357,0.000367866997042547,"","Os07g0438700",""
"Os07g0445600",227.258643606731,1.25474682791433,0.244898393121951,5.12354046884053,2.99851252068313e-07,1.27740964107575e-06,"","P0030H06.103-1","P0011H01.40-1"
"Os07g0445800",47.048769824746,8.70795452912956,1.15803842723095,7.51957303347144,5.4955413296166e-14,4.41514356432914e-13,"","P0030H06.106",""
"Os07g0452600",13.2652013729238,2.22835571297035,0.682457142893052,3.26519509126093,0.00109388706089829,0.00278696552266086,"","Os07g0452600",""
"Os07g0456500",35.3427957170477,1.34393559907761,0.37419508852284,3.59153724968139,0.000328733178567155,0.000918266286962615,"","Os07g0456500",""
"Os07g0458025",13.136237967709,2.12727205500306,0.623879414382042,3.40974875266584,0.000650227506532975,0.00173028535381458,"","Os07g0458025",""
"Os07g0460900",45.6579720575637,2.79162775506604,0.441872093059932,6.31772813651621,2.65436427797802e-10,1.55698825083952e-09,"","P0038F09.20",""
"Os07g0466500",16.7889233968875,4.11597789791358,0.758180553239735,5.42875688426173,5.67479224242e-08,2.61833011900261e-07,"","Os07g0466500",""
"Os07g0469200",165.879539762897,1.75487898770625,0.225253893352443,7.79067105828216,6.66542338744629e-15,5.73036763604291e-14,"","Os07g0469200",""
"Os07g0475900",176.811731405475,2.49727488867079,0.41951060251598,5.95282901956135,2.63546592767359e-09,1.40367453331832e-08,"","OsACTPK2",""
"Os07g0484401",20.3220292043426,1.88757781352961,0.506001099115881,3.73038283281936,0.000191189039551335,0.000555149517515929,"","Os07g0484401",""
"Os07g0484500",33.9555934165747,1.61694412015518,0.371376871704425,4.35391712126352,1.33726280638726e-05,4.59866211712104e-05,"","Os07g0484500",""
"Os07g0489800",1415.74296419316,4.903765104024,0.277960181026282,17.6419697451569,1.17299881034784e-69,9.75281594764714e-68,"","Os07g0489800",""
"Os07g0490400",1142.43632844018,1.93520949091509,0.161002907691085,12.0197176477592,2.79926338867233e-33,6.62438863239104e-32,"","OsFKBP20-2",""
"Os07g0492100",24.25621179275,2.59427959628437,0.485999240187844,5.33803220614431,9.39607714554554e-08,4.23978516545587e-07,"","P0038F10.105",""
"Os07g0498900",160.499636877645,1.18151672025006,0.201954226914395,5.8504183759961,4.90338049221728e-09,2.53106371782641e-08,"","OsTBL37",""
"Os07g0507500",10.7476304677513,1.22316277549115,0.53556151642188,2.28388847589943,0.0223780860797983,0.0427034687922954,"","Os07g0507500",""
"Os07g0509600",36.8456702911345,2.8654174924368,0.396153563550698,7.23309785920956,4.72098952357963e-13,3.52113056669875e-12,"","Os07g0509600",""
"Os07g0513200",91.8767283733273,1.11214339844621,0.250942889732288,4.43185857799226,9.34242883952839e-06,3.2866301200766e-05,"","P0580A11.136",""
"Os07g0516400",26.9959121588334,7.17715224805832,1.11129783118909,6.45835170971113,1.05849512711049e-10,6.45333015856705e-10,"","Os07g0516400",""
"Os07g0516600",23.2088220802734,2.6047929653534,0.552956001389911,4.71066949053088,2.46904365478525e-06,9.37411808682409e-06,"","Os07g0516600",""
"Os07g0522600",274.17799223499,1.18971168302874,0.192483859333465,6.18083867992091,6.37619474395767e-10,3.6093894715796e-09,"","OsGLR3.7",""
"Os07g0524000",18.0745331438073,2.3145996584777,0.549318617388055,4.21358312864645,2.51351016602765e-05,8.33474857918456e-05,"","Os07g0524000",""
"Os07g0529000",403.667353967737,5.48762814680877,0.939180981041194,5.84299326496697,5.12710912905606e-09,2.64049850115614e-08,"","OsEnS-107",""
"Os07g0529600",84510.5542063334,4.04546407748169,0.195603615885727,20.6819493553998,5.03640362409557e-95,7.51728750567566e-93,"","OsDR8",""
"Os07g0529700",32.3024935420697,1.76300155300743,0.462566105050029,3.81135049403749,0.000138209636907502,0.000410503497201772,"","OsXTH1",""
"Os07g0531800",3.59229255632041,4.99737301409874,1.32846785078306,3.76175683224329,0.000168724045325194,0.000494379809723548,"","Os07g0531800",""
"Os07g0531900",58.5101890677991,1.27790565760698,0.332167661151277,3.84717059203723,0.000119489772844229,0.000358295788667732,"","P0681F05.136",""
"Os07g0534000",118.463339871433,1.69574757588765,0.409694176620603,4.13905706416228,3.4873620748064e-05,0.000113349560707698,"","Os07g0534000",""
"Os07g0534100",96.0565778705856,1.9221078474019,0.250165039717142,7.68335915192306,1.54970332030037e-14,1.29544531602842e-13,"","Os07g0534100",""
"Os07g0535100",6.3497669844426,1.80998959004296,0.786173680899484,2.30227700827138,0.0213195555658662,0.0408881978679052,"","OsFbox375",""
"Os07g0535200",49.9286351486429,1.54621017134493,0.323657295382024,4.77730671734089,1.77658680283109e-06,6.8778892521478e-06,"","OsFbox376",""
"Os07g0535600",10.8120144657664,1.82733078853587,0.665030182092772,2.7477411367789,0.0060007365262048,0.0130811410267268,"","Os07g0535600",""
"Os07g0535800",42.6524847520006,2.20429792348601,0.335516047341488,6.56987330696129,5.03580906525919e-11,3.16039111473979e-10,"","OJ1058_A12.113",""
"Os07g0541000",5.58674049845012,2.05196373154443,0.918757153602824,2.23341252201176,0.0255217531763244,0.0479490808651646,"","OJ1008_E09.110","P0458H05.127"
"Os07g0543300",22.9367595537576,1.38878366627068,0.414777255018007,3.3482637957339,0.0008131956697046,0.00212425399138333,"","Os07g0543300",""
"Os07g0546400",171.827733604295,1.59582758987131,0.264591888134149,6.03127934542809,1.62666720717294e-09,8.84440056882248e-09,"","Os07g0546400",""
"Os07g0547700",6.95845667896005,2.01694329350208,0.834071925426692,2.41818868614989,0.0155979862098383,0.0309573297277446,"","OsFbox383",""
"Os07g0549200",127.001490683371,2.22677117754629,0.276007344864895,8.06779681401699,7.15780358891859e-16,6.62491219733418e-15,"","P0534A03.122",""
"Os07g0553800",16.6211831593405,4.6674965890025,0.963656083062415,4.84352941992501,1.27552824577252e-06,5.02444568291028e-06,"","P0013G11.21",""
"Os07g0555300",130.273469828529,1.42561734396112,0.246072895841646,5.79347570598976,6.89444623967354e-09,3.51200029770541e-08,"","Os07g0555300",""
"Os07g0558100",53.9266023192633,3.07758421410342,0.439279321095353,7.00598472614053,2.4525467152024e-12,1.72583782909883e-11,"","OsMyb7",""
"Os07g0559100",210.54228935469,3.0024312894987,0.202138005667278,14.8533734642694,6.61541331877778e-50,2.87057961119714e-48,"","P0567H04.20",""
"Os07g0561300",73.4404986444768,1.84961249914553,0.419049806407277,4.41382496988409,1.01560079436648e-05,3.55216556776092e-05,"","OsFbox396",""
"Os07g0563400",1081.51545200311,5.21835055053689,0.31413094005164,16.6120234755578,5.70363808413011e-62,3.80913856632053e-60,"","OJ1720_F04.106",""
"Os07g0564200",31.217423581138,2.78114532688705,0.400059432656098,6.95183040285367,3.60576738096552e-12,2.50042256921866e-11,"","OJ1720_F04.119","OJ1112_E08.106"
"Os07g0565200",238.041460716368,1.49440705567194,0.208963960307877,7.15150619020694,8.58308493073817e-13,6.26954880096992e-12,"","Os07g0565200",""
"Os07g0566500",195.223852839848,1.28668062448827,0.355577991156056,3.61856092472149,0.000296245763368178,0.000834669238000153,"","NAC010",""
"Os07g0568000",236.136295058215,1.25715001449932,0.19596336236759,6.41522986394335,1.40610537861581e-10,8.48285195178086e-10,"","OJ1092_A07.123",""
"Os07g0568900",461.294333057005,2.2470420118059,0.206953759173973,10.8577008737345,1.83306185159103e-27,3.26042882246023e-26,"","Os07g0568900",""
"Os07g0570600",8.76211984958299,1.7814814545652,0.67101297081797,2.65491358891849,0.00793287266247745,0.0168108780326893,"","Os07g0570600",""
"Os07g0572000",429.78765700207,1.66907803163225,0.214853736565604,7.76843846568434,7.94595907623693e-15,6.78418428779884e-14,"","OsWDR5b",""
"Os07g0572100",138.74622031508,4.25880679349853,0.421505425137899,10.10380066189,5.31418024718913e-24,7.93189421594007e-23,"","Os07g0572100",""
"Os07g0572300",155.268619723227,1.54510730445513,0.214271276595958,7.2109866007317,5.55479212495963e-13,4.1120730349604e-12,"","Os07g0572300",""
"Os07g0572600",260.151704373209,2.38577424732354,0.207552863920469,11.4947787385759,1.40139647022939e-30,2.94507212407749e-29,"","Os07g0572600",""
"Os07g0573000",10.7457281740763,1.65266184965893,0.729309856094529,2.26606268357454,0.0234475456012135,0.0445077635303199,"","Os07g0573000",""
"Os07g0573200",8.59669060069765,2.54541913352942,0.747410753804154,3.40564959839526,0.000660068387122588,0.00175458796564064,"","Os07g0573200",""
"Os07g0573900",172.191637062854,1.68121385481047,0.701730835213475,2.39581014606409,0.016583677607997,0.0326780483611692,"","OsAGP27",""
"Os07g0574800",1956.63762335211,1.1694317851107,0.177861844229923,6.57494467221968,4.86712627202227e-11,3.05840191838437e-10,"","OsTubA1",""
"Os07g0577300",34.7942122992981,1.54942425143469,0.376099616257082,4.11971771429724,3.79336847315609e-05,0.000122732163305548,"","Os07g0577300",""
"Os07g0578050",8.8112645184783,2.6672963949966,0.731766184735324,3.64501182295182,0.000267379509315215,0.000757906658540566,"","Os07g0578050",""
"Os07g0578800",297.943087275592,1.79554582828997,0.195529077530664,9.18301181065198,4.19199345343297e-20,5.1039322749734e-19,"","Os07g0578800",""
"Os07g0580200",19.1678734304469,1.91111289191508,0.506823878238919,3.77076332424529,0.000162748970320931,0.000478172801807387,"","OJ1199_H01.134",""
"Os07g0580300",9.15763462507704,3.74392364917756,1.06012426717208,3.53158942315755,0.000413070170060738,0.0011337808356702,"","P0453G03.19",""
"Os07g0581000",1272.23294203255,1.19225776769221,0.194560175673714,6.12796407879318,8.90106742149924e-10,4.96268558736469e-09,"","Os07g0581000",""
"Os07g0581100",36.5652520899774,1.90505427508843,0.436681325259957,4.36257326542267,1.28541518369694e-05,4.43328674922872e-05,"","Os07g0581100",""
"Os07g0586100",915.622629090857,2.76450698383929,0.232729837980756,11.8786100133318,1.52888494754781e-32,3.5075168838326e-31,"","OsGELP91",""
"Os07g0588100",44.2324691601385,3.47365667102459,0.457266862985092,7.59656330298714,3.04098575044336e-14,2.48504300589496e-13,"","Os07g0588100",""
"Os07g0588600",101.580112203634,9.81808832802704,1.06150391116609,9.24922482597504,2.26126612861621e-20,2.79717378276205e-19,"","Os07g0588600",""
"Os07g0590700",86.3283780026268,4.12722660969566,0.472476990671134,8.73529651429821,2.43017808413699e-18,2.66545030503153e-17,"","OsAGP13",""
"Os07g0591300",2.2609839559386,3.49678835067004,1.41600934256888,2.46946700529975,0.0135314496559279,0.0272820187260904,"","Os_F0764",""
"Os07g0592100",9.30935254570975,3.18734606984779,0.826559415959301,3.85616086188864,0.000115181707411746,0.000346341888900587,"","Os07g0592100",""
"Os07g0596900",331.776425721798,1.535243128559,0.172711903340322,8.88904064437218,6.16387805093767e-19,6.99919369697904e-18,"","OsWRKY88",""
"Os07g0598000",347.190763131397,3.14210769177281,0.344168683324486,9.12955723170894,6.87800150493002e-20,8.25660093447923e-19,"","Os07g0598000",""
"Os07g0598500",235.929265596049,2.68724636177727,0.209177526605266,12.8467259623368,8.97281250057291e-38,2.56128312588358e-36,"","Os07g0598500",""
"Os07g0599100",26.9990288962382,2.79296200224437,0.532130631807075,5.24863977997223,1.53226355536782e-07,6.75531923689474e-07,"","Os07g0599100",""
"Os07g0599201",15.8400731860202,3.18094621761248,0.704939850892252,4.51236543598196,6.41086077381049e-06,2.31480468365932e-05,"","Os07g0599201",""
"Os07g0599500",18.1805251326099,3.2448528226771,0.814087226337124,3.98587856153557,6.72308929076367e-05,0.000209242536562305,"","OJ1634_B10.112",""
"Os07g0599600",42.7482930190201,3.55050261019784,0.753286677223629,4.7133484734973,2.43678944873443e-06,9.25591478940565e-06,"","OJ1634_B10.113",""
"Os07g0599700",8.00077790400464,4.62778026731155,1.32126630388358,3.5025340869658,0.000460854811285699,0.00125727809504798,"","OJ1634_B10.115",""
"Os07g0599900",5.69399839782463,3.06752573174276,1.17634264744245,2.60768045638066,0.00911580071831606,0.0190761988511585,"","OJ1634_B10.117",""
"Os07g0600400",351.952049347129,1.21510126742038,0.202485392046255,6.00093298158912,1.96186959159369e-09,1.05833317811707e-08,"","OsWD40-147",""
"Os07g0602600",32.695737521145,2.73917897276445,0.43533469014492,6.29212198056762,3.13155240509181e-10,1.82521022415565e-09,"","Os07g0602600",""
"Os07g0602900",1927.19729383672,1.38373715492116,0.145536698755356,9.50782288422796,1.94694407992325e-21,2.53891755096097e-20,"","Os07g0602900",""
"Os07g0603100",119.640693346051,2.40701754643626,0.229406346312082,10.4923755821549,9.3643847049568e-26,1.54167016501471e-24,"","Os07g0603100",""
"Os07g0603900",384.036653267492,1.89159157672171,0.202827704415641,9.32610060431094,1.09837630586124e-20,1.38425583572349e-19,"","Os07g0603900",""
"Os07g0604400",7.34771795207186,6.02578346637392,1.23148412301933,4.8931069055117,9.92564545784161e-07,3.96785604241597e-06,"","BC1L7",""
"Os07g0605600",485.702450922987,2.66407789187454,0.338271650808365,7.8755576635175,3.39226376768427e-15,2.9752254644925e-14,"","Os07g0605600",""
"Os07g0608450",17.7409284081983,2.85670943625143,0.534220920109036,5.34743086374896,8.92114710299909e-08,4.03577253553055e-07,"","Os07g0608450",""
"Os07g0613600",31.0700365644546,2.35480332882424,0.419167200769531,5.61781390457354,1.93388621991384e-08,9.40080417320096e-08,"","Os07g0613600",""
"Os07g0614100",196.29556328289,1.07162681228107,0.230491559218156,4.64931043859525,3.33046615250599e-06,1.24556920544364e-05,"","P0616D06.113",""
"Os07g0614250",282.516772955056,2.47337842607365,0.300552660170146,8.22943448470376,1.88099339773824e-16,1.81202851538726e-15,"","Os07g0614250",""
"Os07g0614300",73.8802374176929,3.04813420841934,0.36788767863807,8.28550230250606,1.17611635167067e-16,1.15089395123792e-15,"","Os07g0614300",""
"Os07g0615000",98.9866167201854,2.95442250155185,0.339112905755375,8.71220897644949,2.98009640702502e-18,3.26138907583299e-17,"","Os07g0615000",""
"Os07g0617100",125.139660802711,2.34269937874846,0.347604849751251,6.73954744999938,1.58880704425155e-11,1.04114975232533e-10,"","B1056G08.121",""
"Os07g0618400",96.5419713835009,6.48848742801791,0.619610270945273,10.4718848803444,1.1630379487615e-25,1.91021519127342e-24,"","Os07g0618400",""
"Os07g0618700",184.530823685445,6.53528960254846,0.450324463850476,14.5124018949999,1.0111689294035e-47,4.04092460706944e-46,"","P0560B08.105",""
"Os07g0619100",1235.16050043901,1.25305425015069,0.129567484947465,9.67105482257954,4.00231340802722e-22,5.4159103938116e-21,"","P0560B08.109",""
"Os07g0619600",488.37688013958,2.27984929936375,0.253464106800501,8.99476193352375,2.36744738743277e-19,2.747458731542e-18,"","Os07g0619600",""
"Os07g0621100",64.8899934418671,2.91225117023713,0.350315186902841,8.31323128176238,9.31307610254583e-17,9.19689464299633e-16,"","P0594D10.121",""
"Os07g0622700",58.4255051012104,1.1215073440823,0.252900427126063,4.43458066412541,9.22516746574679e-06,3.2476836359592e-05,"","P0524E08.104",""
"Os07g0625800",299.24696549197,1.53298834644916,0.244574409978735,6.26798341896216,3.65753718074935e-10,2.12082374742398e-09,"","OsLLA7",""
"Os07g0627000",340.09474579278,1.59575111004578,0.158322935993262,10.0790899311878,6.83562938945222e-24,1.01163551167732e-22,"","OsDPE1",""
"Os07g0627500",18.599130953066,4.61954478616792,0.872184097360513,5.29652489669099,1.18027252825158e-07,5.27006891917273e-07,"","Os07g0627500",""
"Os07g0628600",9.55204070996625,1.92457733365659,0.680667908840766,2.82748357702702,0.00469154217992433,0.0104892925998904,"","OsORC6",""
"Os07g0629500",5.02272750343606,2.76468842028907,1.24345491408121,2.22339257256617,0.0261893401037639,0.0490434041078496,"","Os07g0629500",""
"Os07g0631900",7596.76073210355,2.18898879191855,0.196352868306386,11.1482394466623,7.303714173815e-29,1.40718605042468e-27,"","P0519E12.113",""
"Os07g0633100",1272.83675541524,1.5577222253583,0.156762271962016,9.9368438965706,2.87801251115584e-23,4.12187953693111e-22,"","Os07g0633100",""
"Os07g0633200",2075.13450399086,3.15059759777334,0.159937986112201,19.6988700080487,2.20486206524632e-86,2.63912402853179e-84,"","P0519E12.127",""
"Os07g0635800",36.0224321351464,2.9127399777907,0.527382256805997,5.52301473969038,3.33231768079649e-08,1.58230807161929e-07,"","OJ1332_C12.119",""
"Os07g0636000",389.84045252223,1.04176222051435,0.193705103416317,5.37808349982068,7.52829022462098e-08,3.42883174440136e-07,"","OJ1136_D11.103",""
"Os07g0636900",29.903676149103,2.4705121665503,0.404661673900404,6.10513010223534,1.02716976613871e-09,5.69228031662243e-09,"","Os07g0636900",""
"Os07g0638100",447.352232399646,1.97100221527401,0.240325843601942,8.20137437461216,2.37654156630784e-16,2.27261946693976e-15,"","OJ1340_C08.105",""
"Os07g0638300",59.8257269542138,9.05445099263079,1.08283409262917,8.36180819782481,6.17642012240254e-17,6.19818393571356e-16,"","Os1-CysPrxA",""
"Os07g0640000",88.672167810111,1.38415708527631,0.366536075078256,3.77631883841391,0.000159163227036205,0.000468470809726306,"","OsPRMT3",""
"Os07g0640200",1488.33763221408,1.05522233924445,0.13963902453121,7.55678681362171,4.13148285840137e-14,3.34637956137989e-13,"","OJ1340_C08.135","P0524G08.102"
"Os07g0641000",19.1369753153396,1.69539276208064,0.562245994734248,3.01539322282231,0.00256646286474571,0.00605784989995278,"","Os07g0641000",""
"Os07g0641600",375.460961419421,1.13964175856632,0.174985154834239,6.51279109731275,7.37670695383843e-11,4.56817466121607e-10,"","P0524G08.115",""
"Os07g0645000",7.65127606844408,2.90596789268994,0.830072658208092,3.50085967048132,0.000463759974183828,0.0012646468061141,"","OJ1458_B07.124",""
"Os07g0645701",115.226641676103,3.03318211323587,0.273625378275867,11.085163709405,1.48079295209723e-28,2.80287295447771e-27,"","P0503D09.107",""
"Os07g0647300",101.227424505936,1.38073640315177,0.237479136724402,5.81413770572248,6.0947228454316e-09,3.11679975110957e-08,"","Os07g0647300",""
"Os07g0647600",193.460011837102,1.74163335740936,0.189312361012654,9.19978678673257,3.58660710386905e-20,4.38408308892765e-19,"","Os07g0647600",""
"Os07g0655900",633.447504406264,1.55554975380769,0.211075735037321,7.36962850577139,1.71104162690646e-13,1.32193571530594e-12,"","P0018C07.124",""
"Os07g0656200",1824.77614203989,2.71980050009358,0.210517922049803,12.9195674820035,3.49098287103139e-38,1.01165008883678e-36,"","Os7bglu26",""
"Os07g0659600",7.00710993065717,1.6895124698188,0.734322476209442,2.30077728049403,0.0214042232792218,0.0410378735734178,"","OsANN6",""
"Os07g0659700",916.955054898217,1.03253091112678,0.124914993951587,8.26586847954342,1.38681380772514e-16,1.35014089249532e-15,"","Os_F0300",""
"Os07g0660000",90.1991402609654,2.23055471248189,0.29797518801675,7.48570620033137,7.11634313710365e-14,5.66222331111166e-13,"","Os07g0660000",""
"Os07g0660100",1610.15853331305,2.761753431669,0.192688871636844,14.3327085171478,1.36684056291222e-46,5.27511037808038e-45,"","Os07g0660100",""
"Os07g0660400",141.147129960258,1.79468541589429,0.326905697250428,5.48991782948174,4.02120773949612e-08,1.89057806758056e-07,"","Os07g0660400",""
"Os07g0664600",12.7987025071685,5.28495342027642,2.23019585733157,2.3697261399274,0.0178012652598764,0.0348472741837684,"","RMP8",""
"Os07g0665200",3582.95637302841,2.68075428596606,0.323515808435302,8.28631620486072,1.16809977850136e-16,1.1439528937521e-15,"","Cu/Zn-SOD",""
"Os07g0666900",1720.59616536141,2.09904643557775,0.220184917493479,9.53310726035497,1.52644545344129e-21,2.00003907984742e-20,"","NHX1",""
"Os07g0668100",65.1316851573298,1.0458581651687,0.284259022566698,3.67924351433139,0.000233926821749423,0.000669593907403586,"","Os07g0668100",""
"Os07g0668200",6.39702196883625,1.88392547085866,0.767437479318843,2.45482599120749,0.0140952799020387,0.0282830215527058,"","P0450A04.139","P0625E02.106"
"Os07g0668900",472.47702699492,1.30140110998961,0.21849504037359,5.95620435028835,2.58163491860345e-09,1.37698577284925e-08,"","OsRLCK240",""
"Os07g0669200",3299.9150868258,1.34989922892399,0.184418899398118,7.319744523634,2.48443482690145e-13,1.89405666788115e-12,"","OsObgC1",""
"Os07g0670000",60.9365342840057,1.44064145534405,0.264070974740715,5.45550853045695,4.88328871018987e-08,2.27121963555175e-07,"","P0470D12.102","P0625E02.133"
"Os07g0670100",39.9359427818762,1.52778511532969,0.312803291177845,4.88417212484206,1.03864315424369e-06,4.13870399367897e-06,"","Os07g0670100",""
"Os07g0671400",8.57736535985758,3.41487016876024,0.875091099686153,3.90230248026173,9.52819832731489e-05,0.000290155886206859,"","Os07g0671400",""
"Os07g0672700",3.39495038351095,4.91543628709638,1.43055145307839,3.43604298644338,0.000590277307182386,0.00158213985721095,"","Os07g0672700",""
"Os07g0673900",61.7053931509356,1.64497914231631,0.286948977581508,5.73265378458809,9.88713197853998e-09,4.95697023537606e-08,"","HIGD2",""
"Os07g0674300",93.8351933875756,2.33472589832067,0.275539960305684,8.47327514938494,2.38588131480419e-17,2.452903789913e-16,"","Os07g0674300",""
"Os07g0675100",7.1186105544682,1.74850627380436,0.781714115238485,2.23675924448534,0.0253020795695553,0.0475724408479945,"","OsPME22",""
"Os07g0679300",465.159743848027,2.788368285829,0.324973861553097,8.58028480353152,9.46385254630043e-18,9.97812232083769e-17,"","alpha-Gal",""
"Os07g0679400",15.7807349876334,2.61685781882674,0.803684221123069,3.25607713831925,0.0011296305694964,0.00286976895523556,"","OsNTP8",""
"Os07g0680000",102.31617737492,1.14154690274741,0.28615223448246,3.98929927914779,6.62687681493066e-05,0.000206455585116983,"","VSR3",""
"Os07g0681700",21.6459719480362,1.36707514286433,0.447113904008109,3.05755453053308,0.00223151035925533,0.00533431087035884,"","Os07g0681700",""
"Os07g0683200",183.739051801083,3.03815879789881,0.47416124284416,6.40743806827194,1.47985167375075e-10,8.90965604058213e-10,"","ONAC103",""
"Os07g0683600",1005.01518030014,4.22011488773604,0.295515025449099,14.2805425251141,2.89340129288842e-46,1.10122586534403e-44,"","Os07g0683600",""
"Os07g0684100",1767.43438961605,5.3180094824414,0.66614768088733,7.98322899714616,1.42554085235256e-15,1.28672589066446e-14,"","Os07g0684100",""
"Os07g0684400",779.552208441719,1.59131233868831,0.219886128469905,7.23698375046018,4.58773089666442e-13,3.42586523287083e-12,"","Os07g0684400",""
"Os07g0684800",860.001303465064,1.81364350063225,0.36006379684507,5.03700598761568,4.72869994332935e-07,1.96780313227866e-06,"","ONAC015",""
"Os07g0685800",73.2656839339241,1.60388064481493,0.30454460600547,5.26648843285085,1.39058004338129e-07,6.16137370079726e-07,"","OJ1150_E04.101","OJ1200_C08.105"
"Os07g0686300",71.7239727109034,3.45602262781615,0.360373132411819,9.5901228948077,8.79801555791449e-22,1.16883877468336e-20,"","OJ1150_E04.109","OJ1200_C08.113"
"Os07g0686600",50.4901038090829,5.5139492145581,0.666023098869732,8.27891588732508,1.24301694181127e-16,1.21348426978952e-15,"","OsVQ30",""
"Os07g0687100",35.5798878050284,2.42096590506078,0.367129144253849,6.59431685812124,4.27218418691948e-11,2.69686388788035e-10,"","OJ1200_C08.123","OJ1150_E04.119"
"Os07g0687900",4958.20928318929,6.23762808407754,0.258917695667593,24.0911617415505,3.09411785783808e-128,9.7041719194499e-126,"","wsi76",""
"Os07g0688100",85.158880694746,2.87269192746349,0.360025967860534,7.97912424077227,1.47375176217692e-15,1.32782354223482e-14,"","OJ1165_F02.107","OJ1150_E04.130"
"Os07g0688200",21.0828152489462,2.87954910672065,0.717919181767308,4.01096555134805,6.04709340307127e-05,0.000189440932163228,"","R2R3-MYB",""
"Os07g0688500",199.369313578626,1.12254023697559,0.299389120730803,3.74943563158036,0.000177232979560721,0.000517476023400422,"","Os07g0688500",""
"Os07g0692200",27.4369666882465,2.41936135915573,0.527068136735336,4.59022504024104,4.42768374588259e-06,1.63081195438878e-05,"","Os07g0692200",""
"Os08g0104400",393.878736505394,8.73957590233896,0.631454741057875,13.8403836951126,1.45428242243412e-43,5.06078027818122e-42,"","Os08g0104400",""
"Os08g0104700",835.688943272436,1.63910563024082,0.2155988386963,7.60257170285467,2.90303031951656e-14,2.37387400087993e-13,"","Os08g0104700",""
"Os08g0104800",20.6217883274105,1.54866216672759,0.475289406812415,3.258356160542,0.00112059668585918,0.00284944828464007,"","Os08g0104800",""
"Os08g0105100",273.060831707586,1.40723837327965,0.184705853507508,7.61880766936522,2.56029610379356e-14,2.10822388048165e-13,"","OsFbox403",""
"Os08g0107650",19.8472183100008,1.54623258875983,0.572290095303711,2.70183356561369,0.00689582712998019,0.0148172672621212,"","Os08g0107650",""
"Os08g0107800",6.31624434058526,3.66822326186589,1.13937763794857,3.21949732879649,0.00128415557154441,0.00322627485258119,"","Os08g0107800",""
"Os08g0109000",1711.74360302551,1.71102433712042,0.147658545258063,11.5877095641845,4.75682990203557e-31,1.02844654871497e-29,"","Os08g0109000",""
"Os08g0110200",93.3514707292608,1.52314591971523,0.260012612456558,5.85796937050396,4.68561040688558e-09,2.42370290295207e-08,"","Rf6",""
"Os08g0110600",270.937633094843,7.0903454680778,0.462001510706607,15.3470179290832,3.70845800301897e-53,1.85250935364518e-51,"","Os08g0110600",""
"Os08g0112300",13.243530881495,4.35882563747389,0.910169468083908,4.78902642894636,1.67592409957926e-06,6.50546317018257e-06,"","Os08g0112300",""
"Os08g0112700",286.418801176797,1.55022141894858,0.308961989068118,5.01751501414239,5.23441120332105e-07,2.16479730236498e-06,"","MADS26",""
"Os08g0116800",21.6865110018309,2.37681541266764,0.573183836898632,4.14668952552474,3.37316974166127e-05,0.000109883022205024,"","Os08g0116800",""
"Os08g0117800",29.6929262864152,2.29654713333987,0.600430993017501,3.82483109640699,0.00013086177139866,0.000390316854453424,"","OsCHX08",""
"Os08g0118100",17.5509404537219,3.37085199734226,0.681767493152333,4.94428383752389,7.64242876326845e-07,3.09507122372511e-06,"","Os08g0118100",""
"Os08g0120500",2168.74138182059,1.19129504034948,0.192344640508265,6.1935442401801,5.88261671493115e-10,3.34297234738186e-09,"","Os08g0120500",""
"Os08g0121900",22.1297146022447,1.84408849203368,0.551954865739578,3.34101319962592,0.000834732544801327,0.00217409526569352,"","Os08g0121900",""
"Os08g0130300",30.6290929984664,3.20345101747984,0.469820468655932,6.81845775396783,9.20230279075182e-12,6.14735659871819e-11,"","Os08g0130300",""
"Os08g0131000",24.9360570076799,2.85368929066856,0.583084852223118,4.89412352213978,9.87448072727992e-07,3.94803951879643e-06,"","P0582D05.138",""
"Os08g0131100",13.1471474899166,2.61366922768059,0.632115231413735,4.13479868509905,3.55265924853968e-05,0.000115275325040686,"","CYP703A3",""
"Os08g0133000",852.871433420733,2.05970359731102,0.153052503989781,13.457496895631,2.78181144154182e-41,9.08102003782366e-40,"","Os08g0133000",""
"Os08g0135500",2.41676237309117,3.62450467936189,1.55145819368955,2.33619229580553,0.0194812216575352,0.0377777435242035,"","Os08g0135500",""
"Os08g0138600",249.381436074176,1.71605602702664,0.198237752474178,8.65655509916138,4.86236060937747e-18,5.2312075040619e-17,"","Os08g0138600",""
"Os08g0139000",1608.47010602171,2.3417826822311,0.14674283781082,15.958412125368,2.48985693747067e-57,1.45842045720356e-55,"","OJ1119_D01.17-1",""
"Os08g0139100",11357.1753946164,2.42031158510391,0.14428321909441,16.7747268205889,3.73573064504218e-63,2.60000556719691e-61,"","Os08g0139100",""
"Os08g0140500",404.137485055411,2.42961166118112,0.388316217771426,6.25678647965009,3.92990870912975e-10,2.27184666556481e-09,"","OsTDC3",""
"Os08g0141400",156.840041242589,1.48702730933842,0.194466242848679,7.64671177658083,2.06183764476395e-14,1.71142885508598e-13,"","Os08g0141400",""
"Os08g0143300",5.14976042869754,5.51471276379226,1.30575327862247,4.22339568590639,2.40648778587603e-05,7.99270078695046e-05,"","OsACS3",""
"Os08g0148600",428.836630760337,1.63653675110477,0.276626455913467,5.91605291583791,3.29759159399795e-09,1.73654467427178e-08,"","Os08g0148600",""
"Os08g0154250",5.91112572016179,3.13401778674956,1.00529706618845,3.1175041608667,0.00182389372141099,0.00444466988786474,"","OJ1349_D05.141","OJ1066_B03.120"
"Os08g0154300",693.194221759001,1.04360975568265,0.118722686317477,8.79031453931166,1.49141820506241e-18,1.65633656955766e-17,"","OJ1066_B03.121-1",""
"Os08g0157500",1989.19292933076,1.4786721835627,0.198265499388108,7.45804079946442,8.78184797787636e-14,6.93396581733087e-13,"","ROMT9",""
"Os08g0158400",13.8255777708556,4.45704709615795,1.01584876385253,4.38751047868081,1.14655471455065e-05,3.98487672358276e-05,"","P0498E12.109",""
"Os08g0165800",32.3490108794637,2.66038652199081,0.435878709221353,6.10350188184984,1.03769345980828e-09,5.74674359715463e-09,"","Os08g0165800",""
"Os08g0172300",7.6810916515129,4.57677612587851,1.21817897988732,3.75706378245163,0.000171918689446803,0.000503145448668018,"","Os08g0172300",""
"Os08g0174900",218.658621502505,1.41562136973187,0.176435042224599,8.02347057524891,1.02798619574804e-15,9.4056181580684e-15,"","Os08g0174900",""
"Os08g0175300",582.41163919165,1.21901549259879,0.140128618673312,8.69926146521673,3.34051041122834e-18,3.6413474025079e-17,"","PolI-like",""
"Os08g0180400",14.0779204614393,1.69368990389801,0.541906246229247,3.12542975041022,0.00177545470852717,0.004336169671087,"","Os08g0180400",""
"Os08g0188151",1304.99133475341,1.81917591830494,0.15157381841106,12.0019139015911,3.47174121638035e-33,8.15349119604321e-32,"","Os08g0188151",""
"Os08g0191100",3849.8570335347,2.18161362820141,0.200616128438241,10.8745674895875,1.52376740692048e-27,2.73384395664509e-26,"","OsACO1",""
"Os08g0191900",2704.18626355096,2.23571587127358,0.177968174865409,12.5624476003329,3.39660353097073e-36,9.03948933263822e-35,"","Os08g0191900",""
"Os08g0192300",838.487545539378,3.1167115671076,0.211934560893474,14.7060090339592,5.89850844608281e-49,2.46870513122624e-47,"","Os08g0192300",""
"Os08g0192400",207.985422587795,1.07103125066846,0.214261105161061,4.99871990235168,5.77121642117373e-07,2.37530613401033e-06,"","Os08g0192400",""
"Os08g0197400",5.35497777393994,2.90273789472118,1.00094245183125,2.90000477990571,0.00373156969607501,0.00852453460811826,"","OsFbox424",""
"Os08g0197800",55.8454997006594,3.83217575840812,0.373887396550556,10.2495451672438,1.18901715896014e-24,1.8481981271992e-23,"","Os08g0197800",""
"Os08g0197900",13.5534274548152,4.41518853920678,0.876821596675438,5.03544684112188,4.76735420645945e-07,1.98255681727838e-06,"","Os08g0197900",""
"Os08g0203100",16.9308456731709,3.69793375501471,0.639745047125755,5.78032416449142,7.45568260919317e-09,3.78311382363259e-08,"","Os08g0203100",""
"Os08g0203150",5.81394612182356,3.54077966232316,1.05786314455384,3.34710560676212,0.00081660094443667,0.00213112719615624,"","Os08g0203150",""
"Os08g0203201",9.81409672433319,4.34976033721077,0.989332969784196,4.39665963842243,1.09929518263531e-05,3.83083498455063e-05,"","Os08g0203201",""
"Os08g0203350",14.2238985258946,1.67450777392478,0.570473139619061,2.93529643664372,0.00333229174467282,0.00769040541707885,"","Os08g0203350",""
"Os08g0203400",3.8876010218527,4.32564182981687,1.3918083476226,3.10792921827612,0.00188403185016848,0.00457970268982149,"","SHR5",""
"Os08g0203800",66.0463678414838,1.26611522849961,0.262006117713235,4.8323880356312,1.3490498465745e-06,5.29469476454559e-06,"","OsFbox428",""
"Os08g0205000",7.55990542475574,2.3181455194685,0.888299604389848,2.60964375984472,0.0090636554024581,0.0189799011077336,"","Os08g0205000",""
"Os08g0205150",6.74108617829305,2.64616276461428,0.9295836302495,2.84661076045848,0.00441873545065151,0.00992773016510632,"","Os08g0205150",""
"Os08g0205300",113.957952571789,1.15197807024645,0.258440179986469,4.45742635803288,8.29495192551444e-06,2.93857626334675e-05,"","OsSET28",""
"Os08g0205800",4120.29531081688,4.76025448610179,0.571228945447809,8.33335657101556,7.85820367291631e-17,7.80058943925671e-16,"","Os08g0205800",""
"Os08g0206400",100.358416168734,2.02566553995085,0.298522969050929,6.78562707047598,1.15583365890196e-11,7.65519662299219e-11,"","OsHAK12",""
"Os08g0207800",28.4419195761322,5.17417707869123,0.713323761936919,7.25361659709969,4.05787741940964e-13,3.0439609088923e-12,"","Os08g0207800",""
"Os08g0208200",45.6148031882917,2.08069612932638,0.374744822950796,5.55230119776618,2.81933266756618e-08,1.34984744935821e-07,"","Os08g0208200",""
"Os08g0211750",21.468469203035,1.45827396264324,0.505836550733014,2.88289559251904,0.00394038020850758,0.00894956461877279,"","Os08g0211750",""
"Os08g0224300",857.073629414492,1.39961507655797,0.223893845469815,6.25124408230626,4.07195911015828e-10,2.34903215069596e-09,"","ARE1",""
"Os08g0237200",21.1193365105206,1.03162611036864,0.443166096560133,2.3278543155177,0.0199198407867194,0.0385287974373573,"","OsMPG4",""
"Os08g0238200",15.8077256592347,2.18309764420277,0.52343250252322,4.17073382657571,3.03620335053612e-05,9.96001726681233e-05,"","Os08g0238200",""
"Os08g0240000",242.797083017062,3.55026374084537,0.287847288311232,12.3338446635172,5.95367582071121e-35,1.51763606800166e-33,"","Os08g0240000",""
"Os08g0240600",120.288936795517,1.24024026114131,0.224407463420471,5.52673356864909,3.26247830197589e-08,1.55033419424735e-07,"","Os08g0240600",""
"Os08g0241300",108.104652587338,2.67789390081583,0.380086412914364,7.04548705196461,1.84813897421755e-12,1.31207276115153e-11,"","Os08g0241300",""
"Os08g0244400",60.0476397316829,1.70523401151218,0.301991030787146,5.64663793844293,1.6361589763229e-08,8.01168200718427e-08,"","OsSET29",""
"Os08g0245400",463.090941507668,1.08948692259223,0.178090570583078,6.11760026948758,9.49949885634947e-10,5.28562953433126e-09,"","BIO3-BIO1","BIO1"
"Os08g0248400",14.1337883588795,1.77702817976703,0.637596744111197,2.78707223049608,0.00531866225592933,0.0117362062144263,"","Os08g0248400",""
"Os08g0248800",155.049404595777,1.55881667714604,0.231107265159005,6.74499209738628,1.53035353481305e-11,1.00390705671335e-10,"","PYRB",""
"Os08g0249675",7.4269647014784,1.82570848766499,0.743110143805387,2.45684775384135,0.0140162072454914,0.0281403100981721,"","Os08g0249675",""
"Os08g0254600",20.3478715938156,1.01149709339138,0.451899425707172,2.23832347608873,0.0251999682710225,0.0474020356704466,"","Os08g0254600",""
"Os08g0256300",30.7269257939837,1.69807339395472,0.360820694125047,4.70614191924989,2.52448805939363e-06,9.56849329166222e-06,"","Os08g0256300",""
"Os08g0261100",43.796238581747,1.02875309110233,0.410864153316184,2.50387648277179,0.0122840910572328,0.0249990081416884,"","Os08g0261100",""
"Os08g0269000",27.5149375664791,1.36738628621026,0.362496641319908,3.77213504994526,0.000161856605234251,0.000475663753752702,"","Os08g0269000",""
"Os08g0273600",2.34289075688354,4.37637565833021,1.47239784359951,2.97227795962501,0.00295598935143973,0.0068880417719009,"","Os08g0273600",""
"Os08g0280100",123.755543476228,1.97699510814769,0.282677902328712,6.9938084719786,2.67522715381587e-12,1.87773663428033e-11,"","OsPAP23",""
"Os08g0280200",114.514308760768,1.75608313965897,0.28460696566642,6.17020435725114,6.82017864633611e-10,3.84577984342899e-09,"","OsFH6",""
"Os08g0282500",20.703189138757,2.37745343394373,0.53445389137033,4.4483789384487,8.65207912241007e-06,3.05548124880209e-05,"","OsWD40-157",""
"Os08g0285200",6.84168657163823,5.92509128094969,1.20500208316741,4.91707969946017,8.78447942496468e-07,3.53332868039529e-06,"","OsWD40-158",""
"Os08g0285600",89.0821261311041,1.59021021591979,0.234575195513425,6.77910642870498,1.20921428279503e-11,7.99805186460558e-11,"","Os08g0285600",""
"Os08g0286500",414.626525201743,9.41466761571142,0.738780767300726,12.7435201786718,3.38757793325481e-37,9.4202040911621e-36,"","OsEnS-119",""
"Os08g0287200",192.071415499105,7.71205142268129,0.646573303473289,11.9275747718834,8.5014286179141e-33,1.97413211683278e-31,"","Os08g0287200",""
"Os08g0289000",338.718902438967,1.98720277792715,0.175478577513069,11.3244750788976,9.92717578231947e-30,1.99972060454089e-28,"","B1114E07.25-2","OJ1034_C08.13-2"
"Os08g0290700",131.492196485543,5.13862510793378,0.402456877153333,12.7681384010143,2.46991173742425e-37,6.92273790929419e-36,"","Os08g0290700",""
"Os08g0293100",150.873896173892,1.69397256305299,0.355236836695935,4.76857236656161,1.85536026144255e-06,7.16270819535089e-06,"","Os08g0293100",""
"Os08g0293200",6.93003648608584,4.47356792580362,1.18153277170993,3.78624108693102,0.000152943295134323,0.000451343023290033,"","Os08g0293200",""
"Os08g0293300",39.5595567849155,2.07558796256245,0.349492806091036,5.93885747113719,2.87015251051221e-09,1.5221268996781e-08,"","Os08g0293300",""
"Os08g0298901",47.3133656513538,2.58846284143154,0.360556613379762,7.1790746456374,7.0184821041956e-13,5.15861557685121e-12,"","Os08g0298901",""
"Os08g0300300",320.538139912408,2.64954541617949,0.23423977848127,11.3112530815997,1.15429108355057e-29,2.32330383242343e-28,"","OsCBSCLC6",""
"Os08g0301500",2303.74143001217,1.33632898540325,0.22113212445013,6.04312461939297,1.51157808656584e-09,8.24215894604794e-09,"","OsSPS8",""
"Os08g0320300",414.561655723472,1.03902803900081,0.150350350706805,6.91071244008601,4.82225687793677e-12,3.30789198960796e-11,"","Os08g0320300",""
"Os08g0320400",718.304685702801,1.11062468652274,0.155460267330493,7.14410637260555,9.05832361555525e-13,6.59530074118756e-12,"","Os08g0320400",""
"Os08g0320900",46.9442147411021,8.70441390995804,1.09634381622428,7.93949286815456,2.03009561890541e-15,1.81325447547294e-14,"","OsEnS-120",""
"Os08g0323600",1662.15456085868,1.35629394591339,0.186932881580097,7.2555129651294,4.00142444364724e-13,3.00707593085374e-12,"","OSJNBa0078D03.16-2",""
"Os08g0326600",1793.32582646785,1.80130000899356,0.197164110493918,9.13604410296123,6.47786277885334e-20,7.78757913981801e-19,"","OJ1136_A10.112",""
"Os08g0327400",386.079832663462,1.70828140387141,0.154482427058437,11.0580953212575,2.00305873087424e-28,3.77987708871828e-27,"","Os08g0327400",""
"Os08g0327700",166.907651094962,8.09669514069654,0.79560317434011,10.1768009503131,2.51700195501666e-24,3.84249891801896e-23,"","OsLEA4",""
"Os08g0328600",54.0869392820033,3.0946047553744,0.435215042295728,7.11051883466754,1.1560752379448e-12,8.33645988665839e-12,"","OsFbox437",""
"Os08g0331000",28.7116375463597,4.3193326152605,0.648421963792591,6.66129905593715,2.71417711261175e-11,1.73905265888754e-10,"","Os08g0331000",""
"Os08g0331900",14.8424675655515,5.56820635010257,1.11905725989494,4.9758011047847,6.49783412109931e-07,2.65890728354216e-06,"","Os08g0331900",""
"Os08g0337100",459.998884364919,1.02470025321933,0.171081924822207,5.98952960275743,2.10448825519642e-09,1.13157347003042e-08,"","Os08g0337100",""
"Os08g0342300",79.9930356449999,1.40272103929456,0.23015604759991,6.09465210200762,1.09675707655041e-09,6.05759029997538e-09,"","BRL3",""
"Os08g0342400",1442.96001632005,2.83342685040668,0.190686349765202,14.8590963846944,6.07389100229976e-50,2.64051690411041e-48,"","OJ1790_D02.29-2",""
"Os08g0344600",2733.5238759116,2.21818799154989,0.170532094016428,13.007451789903,1.10981490068017e-38,3.28529077588443e-37,"","PPT2",""
"Os08g0347200",605.606789150652,1.38982516063856,0.177473143180248,7.83118581061586,4.83289791044642e-15,4.19715077206908e-14,"","Os08g0347200",""
"Os08g0359100",789.961074016933,1.05704383990731,0.1700366186073,6.21656587013504,5.08153121434206e-10,2.90887664982645e-09,"","Os08g0359100",""
"Os08g0359600",291.635574228096,1.34916627084184,0.16060133554931,8.4007163840029,4.4376300990212e-17,4.48597147953685e-16,"","Os08g0359600",""
"Os08g0360000",63.4526296122246,1.91670214003507,0.321578452314157,5.96029406274584,2.51784428388995e-09,1.34420658956995e-08,"","Os08g0360000",""
"Os08g0364500",188.422764725932,1.05880194528567,0.216430284165619,4.89211548821628,9.9757876758358e-07,3.98597147628098e-06,"","OJ1484_G09.107",""
"Os08g0372900",45.7138057512972,1.83208078539459,0.389258238296432,4.70659476190559,2.51888923102929e-06,9.5501941051588e-06,"","Os08g0372900",""
"Os08g0375400",10.0705666195795,1.99758139976649,0.876511022630466,2.27901457961318,0.0226661986370704,0.0432000310485149,"","Os08g0375400",""
"Os08g0375800",127.493726885786,1.30312632276345,0.216388698880915,6.02215517493638,1.72109765158855e-09,9.34143187588378e-09,"","OJ1705_C03.103",""
"Os08g0378900",1396.37308602223,2.51357014796905,0.200782009257339,12.5189012564738,5.8844076771747e-36,1.54774914031165e-34,"","OsTRXz",""
"Os08g0384100",3331.97541370954,1.05004832747695,0.186820367145636,5.62063089544401,1.90261373738107e-08,9.25786735488822e-08,"","DRB4",""
"Os08g0387050",57.6762369262622,5.56659339422799,0.667428311634717,8.34036149978992,7.40637638267922e-17,7.37275161244046e-16,"","Os08g0387050",""
"Os08g0389700",1257.06653505041,1.04218055767202,0.239258675030845,4.35587364820801,1.32537217268793e-05,4.55840454229441e-05,"","P0473F05.27-3","P0671F11.4-3"
"Os08g0390200",194.921234928551,2.21182406835191,0.219315264557457,10.0851350808391,6.42767145126428e-24,9.53072504775434e-23,"","Os08g0390200",""
"Os08g0398300",124.546278879902,1.68597955138918,0.216713639046485,7.77975746615348,7.26637191964142e-15,6.22541137804134e-14,"","OsABCA4",""
"Os08g0398700",1805.05145362292,1.03382511654496,0.18849879187264,5.48451852807348,4.14597033001999e-08,1.94628091828165e-07,"","Os08g0398700",""
"Os08g0398800",516.862396469224,1.41684925607912,0.150843155027536,9.39286410325001,5.83904529464501e-21,7.4420794889619e-20,"","Os08g0398800",""
"Os08g0399600",164.179734017204,1.57133465963716,0.265168769635429,5.92579081540235,3.10798021215373e-09,1.64122816957657e-08,"","Os08g0399600",""
"Os08g0405700",25.478957237321,3.2587299955998,0.508587419085715,6.40741369784178,1.48008815688082e-10,8.90965604058213e-10,"","Os08g0405700",""
"Os08g0408500",5766.33616364556,2.06588834265962,0.140339442884535,14.7206537249784,4.75045772470168e-49,1.9983377087425e-47,"","OsERF#048",""
"Os08g0410266",42.8410984274444,1.21680010678774,0.318998854170098,3.81443409868461,0.000136495354261569,0.000405752296645338,"","OsFbox444",""
"Os08g0412200",2981.04587942496,1.16992310221799,0.118514488003075,9.87156188184887,5.52967823977602e-23,7.82013914080654e-22,"","Os08g0412200",""
"Os08g0412700",39.1592792717459,3.06140592846978,0.600019574628589,5.10217675875788,3.35768921200833e-07,1.42041088622043e-06,"","Os08g0412700",""
"Os08g0412800",75.3260154632285,8.66242618228048,1.10266449612454,7.85590377918737,3.96899688319966e-15,3.46511049242558e-14,"","Os08g0412800",""
"Os08g0414600",151.136582112001,2.0628085433198,0.248908808105566,8.28740677768592,1.15744253409386e-16,1.13441272417894e-15,"","Os08g0414600",""
"Os08g0414700",88.7446471010999,5.15694551090718,0.498839056385746,10.3378944469003,4.74855982828452e-25,7.54199146573112e-24,"","Os08g0414700",""
"Os08g0417000",185.29247350012,4.99333005947616,0.369405496180983,13.5172056482608,1.23789177859909e-41,4.11142688985919e-40,"","P0477F03.104",""
"Os08g0419000",7.26550765059054,2.56571484351914,0.800792373252062,3.20397012911054,0.00135546539055381,0.00339064775181744,"","P0477F03.126",""
"Os08g0421000",15.0098260907327,1.63721131995285,0.605132049682732,2.70554389048016,0.00681926361829295,0.0146654712846493,"","Os08g0421000",""
"Os08g0421300",17.1556976069763,1.48129790845189,0.561664659643255,2.63733507711301,0.00835602465858659,0.0176186897256234,"","Os08g0421300",""
"Os08g0421700",10.2383916561834,2.57348484306995,0.686930008453547,3.74635670504993,0.000179421415799575,0.000523433936096322,"","Os08g0421700",""
"Os08g0425200",4329.93112948702,2.80982298973853,0.116359403004369,24.147794825254,7.87574264398687e-129,2.5675957301324e-126,"","RcbX",""
"Os08g0425800",10872.1050834435,3.09189194793696,0.153070003017366,20.1992022407302,9.94915202351165e-91,1.30428645336798e-88,"","Os08g0425800",""
"Os08g0426100",3.69170481935315,5.03630680635707,1.48111217274665,3.40035474626981,0.000672984808085926,0.00178604804947997,"","Os_F0695",""
"Os08g0433400",66.3428904714896,1.25581525511626,0.342934774666517,3.6619653295221,0.000250287738664289,0.000713294145489429,"","P0431A03.19-1",""
"Os08g0434000",55.5208242843837,2.76475438988,0.395528332650018,6.99002868228503,2.74830051953032e-12,1.92575344944578e-11,"","Os08g0434000",""
"Os08g0434100",65.3276108115298,1.80305518231255,0.334295164120551,5.39360234855908,6.90589596497198e-08,3.16046147624881e-07,"","OsRNS3",""
"Os08g0436500",37.4606103196427,1.72782963351408,0.425040198199774,4.06509699748912,4.80124898239005e-05,0.000152650514611418,"","Os08g0436500",""
"Os08g0438400",218.962069311086,1.00093637377419,0.223941861496117,4.46962603189553,7.83564773169225e-06,2.78548736723804e-05,"","Os08g0438400",""
"Os08g0439900",39.6012535629391,1.92748561504132,0.434284221946771,4.43830449653677,9.06702884872218e-06,3.19518950056592e-05,"","Os08g0439900",""
"Os08g0441500",144.041979800256,1.99685595920669,0.23899204835265,8.35532384014795,6.52534466655576e-17,6.52982491127835e-16,"","OsCCR",""
"Os08g0442900",5246.37380230483,8.98200773989359,0.220707626286122,40.6964085973606,0,0,"","Os08g0442900",""
"Os08g0444440",368.654272576292,1.49525451344639,0.194078829166174,7.70436693105831,1.31493518112502e-14,1.10516109168028e-13,"","Os08g0444440",""
"Os08g0447200",849.928137531533,1.08102400916599,0.184051005372227,5.8735023314853,4.26683027295057e-09,2.21633655498734e-08,"","Os08g0447200",""
"Os08g0448000",23.9093426784601,4.4210753380575,0.64022022304394,6.90555402489069,5.00078722267278e-12,3.42845891024248e-11,"","4CL5",""
"Os08g0450900",8.06379848424653,4.66278976871486,1.1505474512437,4.0526705471161,5.06362856136597e-05,0.000160539379225803,"","OJ1005_H01.28",""
"Os08g0458200",101.21165544667,1.46734297074769,0.438653373191953,3.34510814329378,0.000822504932831686,0.00214472792262373,"","Os08g0458200",""
"Os08g0459100",72.7957038756763,1.11160453022843,0.229715001431436,4.8390593705314,1.30455075282363e-06,5.1306117464621e-06,"","Os08g0459100",""
"Os08g0467300",19.0647268133634,2.43556550900914,0.555435703637701,4.38496389961603,1.16005015138803e-05,4.02895466791999e-05,"","Os08g0467300",""
"Os08g0467500",156.162900999757,3.39296056330383,0.260027203484072,13.0484830734707,6.48252890139529e-39,1.94924294405183e-37,"","OsEnS-122",""
"Os08g0468400",46.6645780779862,2.31385611925865,0.347688376032701,6.65497117177432,2.83355587201679e-11,1.81319767151239e-10,"","Os08g0468400",""
"Os08g0470200",48.0019112442015,2.7881211175974,0.442832129291493,6.29611298091275,3.05201959140832e-10,1.78012922354811e-09,"","OsalphaCA6",""
"Os08g0472000",655.773848525607,1.33762514676376,0.160475072867947,8.33540762972254,7.72316504997648e-17,7.68192936343907e-16,"","Os08g0472000",""
"Os08g0475400",65.2235398605005,1.04068078934291,0.259746209924397,4.0065292565609,6.16174960662574e-05,0.0001927160691787,"","Os08g0475400",""
"Os08g0476000",80.1427131236037,1.20611062300107,0.340661427689795,3.54049658976757,0.000399374796606268,0.00109935666431658,"","Os08g0476000",""
"Os08g0476100",119.481491842227,2.14743635449805,0.281742413011133,7.62198467581517,2.49804698231835e-14,2.05833422284342e-13,"","Os08g0476100",""
"Os08g0476300",167.331839639251,1.96535042659558,0.252272150551263,7.79059607769195,6.66938033680656e-15,5.73178066614833e-14,"","EIP11",""
"Os08g0480200",1175.79695371486,4.34414308155693,0.180579472779912,24.0566827152692,7.10625623296796e-128,2.20089638355309e-125,"","2ODD19",""
"Os08g0481000",75.3001810554591,2.62360060611963,0.386106034031616,6.79502617124289,1.08292868108591e-11,7.18386182898676e-11,"","OSJNBb0092C08.13-2",""
"Os08g0481700",56.9977115922198,1.82771089767692,0.306859589209424,5.95617983581917,2.58202199647157e-09,1.37698577284925e-08,"","Os08g0481700",""
"Os08g0482300",205.804729422107,3.6417518739528,0.31136722149137,11.6960027343589,1.33599762317855e-31,2.95290036659188e-30,"","OsAGP1",""
"Os08g0483100",129.418227034292,1.4900687684466,0.336900149194478,4.42287951492253,9.73940605917614e-06,3.41368317906645e-05,"","Os08g0483100",""
"Os08g0484301",23.138708247533,1.96123852668319,0.39715973950255,4.93816047200474,7.88629370538222e-07,3.18758073635e-06,"","Os08g0484301",""
"Os08g0484400",11.6619396736006,2.26798127911497,0.6700908242606,3.38458787525935,0.000712851968764375,0.00188217532289801,"","Os08g0484400",""
"Os08g0485400",361.827165020678,1.37238431521086,0.172382417115291,7.96127782738422,1.70271579274354e-15,1.52911160553848e-14,"","P0481F05.4-1","P0419H09.34-1"
"Os08g0486200",2444.04980721817,1.16347849578177,0.167777616650773,6.93464670083814,4.07237612183567e-12,2.81689735261648e-11,"","Os08g0486200",""
"Os08g0487100",126.591785623743,2.04901627801446,0.340611157392986,6.01570510401798,1.79105366490685e-09,9.70411910242665e-09,"","OsbZIP67",""
"Os08g0487700",50.6846237689448,1.22368582072682,0.412431536625483,2.96700351951509,0.00300717516741036,0.00699810079110797,"","OsbHLH087",""
"Os08g0491200",218.507949827194,2.12501226253378,0.189907545115772,11.1897200358118,4.5787705544e-29,8.99513970519536e-28,"","Os08g0491200",""
"Os08g0491400",2.43605667301119,4.43451949276068,1.79306034215764,2.47315686399293,0.013392534459772,0.0270349377798411,"","Os08g0491400",""
"Os08g0492500",383.033063978578,3.14175067683455,0.356704148966964,8.80772114911824,1.27715666423366e-18,1.42029222036433e-17,"","OsRHP1",""
"Os08g0494200",23.9191688912546,2.53895172711142,0.463376539204995,5.47924098934194,4.27154243063136e-08,2.00295243761834e-07,"","Os08g0494200",""
"Os08g0494350",100.374217496811,1.97160278732411,0.246035704613095,8.01348239445395,1.11505233417516e-15,1.01646989271001e-14,"","Os08g0494350",""
"Os08g0494375",61.8151321343423,2.3206360084281,0.305654159680443,7.59235866724109,3.14134041289758e-14,2.56366901878667e-13,"","Os08g0494375",""
"Os08g0497300",67.7396135137306,3.59876453837011,0.341696355118064,10.5320542185083,6.14779918744579e-26,1.02230886219694e-24,"","OsSNDP9",""
"Os08g0497600",2711.4284757133,1.66674347745925,0.265299334310075,6.28250154412827,3.33167961065579e-10,1.94004760783122e-09,"","SRWD1",""
"Os08g0497900",174.534891580122,2.91480275649423,0.237081319674812,12.2945272976052,9.69220774473815e-35,2.44794935057469e-33,"","Os08g0497900",""
"Os08g0498100",1860.58288138539,1.17775104990337,0.244742346019425,4.81220789560417,1.49271954573985e-06,5.82993571639286e-06,"","OsOMT26",""
"Os08g0498400",1030.64082526153,1.15631974089488,0.521740939599124,2.21627181831529,0.0266728918774855,0.0498697737736537,"","ROMT-17",""
"Os08g0499300",160.748350706512,2.15035424022189,0.281036957502313,7.65149985728901,1.98648533127863e-14,1.64998816805534e-13,"","OsWRKY30",""
"Os08g0499700",8.12466378040854,2.13219632568062,0.739591561596166,2.88293760556025,0.00393985471389223,0.00894919144170404,"","Os08g0499700",""
"Os08g0500600",20.1059675961105,3.89399484448998,0.802680444186607,4.85123921068732,1.22692459621617e-06,4.83914529137984e-06,"","Os08g0500600",""
"Os08g0501300",31.6727317179522,1.33895536027886,0.459770822535427,2.91222342665228,0.00358865843904627,0.00822764783420464,"","Os08g0501300",""
"Os08g0502400",1.71198696526073,3.9262295763595,1.64970927982982,2.37995241001767,0.0173148740488152,0.0339864243292002,"","OsFLA5",""
"Os08g0503700",566.812942433235,2.09168803307394,0.259630757265097,8.05639537898899,7.85771882374249e-16,7.24835068115666e-15,"","Os08g0503700",""
"Os08g0506100",50.5128052683781,1.16301791345206,0.390459575210461,2.97858725279099,0.00289580568421091,0.00676242954172419,"","Os08g0506100",""
"Os08g0506350",28.5698005769562,1.01245442062035,0.370480693389755,2.73281290681247,0.00627959916771321,0.0136338615999325,"","Os08g0506350",""
"Os08g0506500",499.118572034892,1.94141969731557,0.168219300114148,11.5410044863947,8.19624490345736e-31,1.74465944993954e-29,"","Os08g0506500",""
"Os08g0508500",718.99750497127,6.75208452467036,0.617716668221174,10.9307144715946,8.21986580697584e-28,1.49094886602811e-26,"","JMJ717",""
"Os08g0508600",473.24377039297,1.15044346676292,0.166832087478613,6.8958165311598,5.35562795702085e-12,3.66362213945626e-11,"","Os08g0508600",""
"Os08g0511000",34.536846193943,1.71045124531349,0.344025247534205,4.97187708626946,6.63077414984282e-07,2.70972606153151e-06,"","Os08g0511000",""
"Os08g0512100",2.44827880235064,4.43961137999092,1.46352478795683,3.03350610561841,0.00241729819670418,0.00572923258271853,"","P0711H09.7",""
"Os08g0513600",120.568823596702,1.28933574168748,0.251730488034652,5.12188949282138,3.02489155176855e-07,1.28798312387299e-06,"","Os08g0513600",""
"Os08g0515600",14.918487795417,1.96286450173405,0.554204531855333,3.54176912838097,0.000397453178575223,0.00109467512289443,"","Os08g0515600",""
"Os08g0517600",94.4302269638785,1.76116523966858,0.208410589559768,8.45045946748072,2.90158637776543e-17,2.96342150378789e-16,"","P0700D12.112-1",""
"Os08g0517900",246.551740758283,1.31972362037327,0.261634265944993,5.04415434884487,4.55531483507722e-07,1.90075843160506e-06,"","P0700D12.116",""
"Os08g0518800",39.2992791330033,5.97706728307694,0.786816947210937,7.59651568800609,3.04210435945761e-14,2.48513747821567e-13,"","OsGH",""
"Os08g0518900",4.61272140389744,5.35931398323419,1.79971350704033,2.9778706234459,0.00290258478025545,0.00677634439841602,"","C10122",""
"Os08g0519000",13.4279674370296,2.00085661198339,0.584762389785922,3.42165749188467,0.000622406661350484,0.00166142747772904,"","Os08g0519000",""
"Os08g0519400",3155.65372681272,2.21273723039589,0.144840599858636,15.2770509964438,1.087518387207e-52,5.34631807139441e-51,"","BIP129",""
"Os08g0519600",175.872117378497,1.07333645295718,0.251169047874308,4.27336274927596,1.92546824560169e-05,6.49255943403282e-05,"","P0689E12.24-1",""
"Os08g0519700",83.3351329534528,1.05278721829406,0.373179604435315,2.82112742974553,0.00478551891973175,0.0106753220738448,"","Os08g0519700",""
"Os08g0520900",246.608067781913,4.96645545804061,0.289430280789118,17.1594189954824,5.3445618632846e-66,3.98862076164466e-64,"","OsPHS8",""
"Os08g0522300",29.4729014763571,1.82238482136732,0.510512354203324,3.569717375814,0.000357366571828279,0.000992431243016057,"","OJ1081_B12.114",""
"Os08g0522400",1697.56786596903,1.10425875407671,0.197330346858618,5.59599053899138,2.19365664380692e-08,1.06177438295769e-07,"","Os08g0522400",""
"Os08g0522500",642.947640960233,2.56573627089561,0.229595899603114,11.1750091152796,5.40448249768207e-29,1.05521562525665e-27,"","OJ1081_B12.117",""
"Os08g0525000",15.1934513140377,1.46105536915358,0.579984182300771,2.51912968274003,0.0117645318227839,0.0240463458977988,"","OsRab11G2",""
"Os08g0525800",11.0199388778703,2.00320512578024,0.82304083382194,2.43390733905388,0.0149368182989187,0.0297882764803855,"","Os08g0525800",""
"Os08g0527800",4.52388369422209,2.60109444817067,1.1431987067566,2.27527763353608,0.0228892802958415,0.0435705224286142,"","Os08g0527800",""
"Os08g0529300",6.83397255611649,4.41567521663915,1.20506282260814,3.66426972419763,0.000248045287147521,0.00070747301480996,"","OsFbox463",""
"Os08g0529800",5.10364517438188,2.90466956790308,1.15056411429844,2.52456124070427,0.0115842819160045,0.023705298400466,"","Os08g0529800",""
"Os08g0532200",7109.57082128775,1.12876999127137,0.196313887238963,5.74982242543736,8.93372294383e-09,4.50266178558332e-08,"","GSA",""
"Os08g0532800",1153.98210207451,1.33709709943119,0.199751779658005,6.69379317531205,2.1745871062074e-11,1.40751684248957e-10,"","OsLTPG22",""
"Os08g0536300",727.451994320367,2.42111891715372,0.165577044683406,14.6223102470699,2.02413535987221e-48,8.28958707628988e-47,"","OsBBX26",""
"Os08g0537900",352.565836530809,2.45220732617844,0.252286496246664,9.71993096206339,2.47949550067095e-22,3.38295484692313e-21,"","DERF7",""
"Os08g0538700",19.0437800283213,2.0173850161462,0.678151884932922,2.97482770595815,0.00293153148981869,0.00683812424432665,"","Orysa",""
"Os08g0539200",6.12749008081963,5.76757091835478,1.53972393912773,3.74584740276375,0.000179785857097693,0.000524373652891057,"","P0666G10.109",""
"Os08g0540000",162.801336373736,2.24503721161427,0.327021396186591,6.86510802593877,6.64409560234415e-12,4.50029406066924e-11,"","P0666G10.130",""
"Os08g0542700",283.442753103368,2.79845500832727,0.269719795863373,10.375415713813,3.20813010510962e-25,5.13155839989033e-24,"","Os08g0542700",""
"Os08g0544101",5.77759984883551,2.46331417689376,0.880580089133524,2.79737664670299,0.00515194356631532,0.011405441899803,"","Os08g0544101",""
"Os08g0544400",68.0981798247348,3.09112668705472,0.412309790263736,7.49709747391023,6.5246460672039e-14,5.21319431174173e-13,"","OsABCG45",""
"Os08g0545200",672.458087055096,1.05288809606688,0.191087003586561,5.50999322981131,3.58847500556821e-08,1.6967871223848e-07,"","OsDH1",""
"Os08g0546100",74.7022237291116,1.81778095557829,0.43894855050655,4.1412164443431,3.45468766151314e-05,0.00011233175352928,"","OsBAG2",""
"Os08g0546300",13.2352006680778,2.948864544468,0.663274971809373,4.44591560031834,8.75183060599502e-06,3.0893874757763e-05,"","Osc4",""
"Os08g0546700",904.017747673849,1.16374813277535,0.216845329713134,5.3667198381209,8.01814557769776e-08,3.64123154286322e-07,"","OsRhmbd14",""
"Os08g0546800",645.972212271854,2.2535857387975,0.303241400873873,7.43165587648378,1.07246517951131e-13,8.40900941542779e-13,"","HSFB2B","HSF2"
"Os08g0549000",316.701808726426,1.10994275793569,0.325763874596648,3.40720025911403,0.000656329527312336,0.00174558573402938,"","OsGL1A",""
"Os08g0550400",814.222304057225,1.04499851389363,0.248655779380737,4.2025908929048,2.63877238156372e-05,8.73375144242645e-05,"","Os08g0550400",""
"Os08g0550600",1.82240956884762,4.015266625126,1.60132890964525,2.50745902415234,0.0121602679818754,0.0247551523939632,"","OsCHX02",""
"Os08g0550700",18.7094927526018,5.93833193923498,1.17215901107253,5.06614877601069,4.05944690516982e-07,1.70418359826148e-06,"","OsSAUR36",""
"Os08g0557800",117.223312739482,4.57552459765372,0.365529168843983,12.5175361849348,5.98647074677342e-36,1.57292455665753e-34,"","Os08g0557800",""
"Os08g0558100",505.994679698909,1.76408708036634,0.329573045303329,5.35264368705496,8.66784246863513e-08,3.92476485463035e-07,"","Os08g0558100",""
"Os08g0559501",54.7884991428821,1.90077361293705,0.312640160049942,6.07974872016894,1.20371033030019e-09,6.62228954571261e-09,"","Os08g0559501",""
"Os08g0559600",487.446967680883,1.86579022740875,0.149217134811049,12.5038604297782,7.11122753291412e-36,1.85859582893474e-34,"","Dad",""
"Os08g0559800",11.7192551981941,2.06048842830196,0.575137375471106,3.58260220284618,0.000340188451945436,0.000947700615454471,"","Os08g0559800",""
"Os08g0561700",10379.8446445233,1.27774119039704,0.248132626163256,5.14942839300932,2.61281499581627e-07,1.12099943119203e-06,"","OsSOD4",""
"Os09g0103400",35.6169921170011,1.40550651257351,0.3606298740373,3.89736573079394,9.72447055802256e-05,0.000295708403308941,"","miR2055",""
"Os09g0109600",1470.65160550083,7.35296102583681,0.260910072913557,28.1819745160738,9.72615243438915e-175,7.53077746458937e-172,"","OsDSSR1",""
"Os09g0110300",254.482864599453,1.34803957227768,0.197298958822164,6.83247179977637,8.34638172302796e-12,5.59973733960097e-11,"","OsCYL4",""
"Os09g0115400",694.205659314671,1.49106461630901,0.178611364874704,8.34809485586202,6.93728517714718e-17,6.9196906132921e-16,"","OsPABPC1",""
"Os09g0120033",22.5421110474771,5.17463771821138,0.995293783868071,5.19910583395876,2.0024948970781e-07,8.72289311970886e-07,"","Os09g0120033",""
"Os09g0121900",11.472747801326,1.682110592622,0.551991262681268,3.04735003313501,0.00230868694302281,0.00549969583571544,"","Os09g0121900",""
"Os09g0124200",18.7854759924591,1.49692143095859,0.534805699371365,2.79900052059681,0.00512610548072634,0.0113583898672828,"","Os09g0124200",""
"Os09g0124300",602.633566897393,1.07671619884991,0.16064446102031,6.70247945065333,2.0491239965304e-11,1.32943559209306e-10,"","Os09g0124300",""
"Os09g0125900",9.48375031733682,2.03793429084796,0.662550921393214,3.07589081087169,0.00209874686253771,0.00505056828021532,"","OsABCG19",""
"Os09g0126250",23.1203878417469,1.4021401449007,0.513326445742371,2.73147849001414,0.00630508566231779,0.013677211298831,"","Os09g0126250",""
"Os09g0127700",66.0920087075513,9.19766109718421,1.06005566271668,8.6765831462215,4.07836605197515e-18,4.42617939858906e-17,"","Os09g0127700",""
"Os09g0128400",2785.23605401827,3.07175103820671,0.284869103988661,10.783026292416,4.14035696391842e-27,7.24986745547751e-26,"","Os09g0128400",""
"Os09g0135100",130.167780247157,1.22520453543452,0.279367709404827,4.38563403782324,1.15648416885053e-05,4.01722578068324e-05,"","Os09g0135100",""
"Os09g0243200",9.90759133626716,4.99814173823672,1.12441780444619,4.44509302367234,8.78538446321976e-06,3.10079018298e-05,"","Os09g0243200",""
"Os09g0246200",696.919838668699,1.555821380233,0.173950105554969,8.94406689360328,3.75105319283843e-19,4.31876602969135e-18,"","OsRpoTm",""
"Os09g0251100",4.23663026606796,5.23302081154158,1.28182263290403,4.08248432911963,4.45568174077784e-05,0.000142486353241162,"","Os09g0251100",""
"Os09g0252100",979.63994971673,1.56211946873692,0.160562813290528,9.72902402943304,2.26758075891697e-22,3.09894365491924e-21,"","Os09g0252100",""
"Os09g0255000",709.053460109249,1.19088101843588,0.307669035571415,3.87065606463818,0.000108542841775027,0.000327691725436802,"","OSINV1",""
"Os09g0255200",8.8887206464582,2.65086990177805,0.758987774235847,3.49263847424547,0.00047827354648344,0.00130093134934902,"","Os09g0255200",""
"Os09g0259200",49.7613557178643,1.30527485472167,0.287787020621327,4.53555845535911,5.74512626424452e-06,2.08811784434776e-05,"","OsSWEET7d",""
"Os09g0260900",21.0898694832456,1.2707778734326,0.411997424505765,3.08443159555435,0.00203941502267934,0.00492021285461791,"","Os09g0260900",""
"Os09g0267300",69.0372858327953,2.59350104433167,0.283974873461997,9.13285394835732,6.67168383532918e-20,8.01669788496368e-19,"","Os09g0267300",""
"Os09g0272000",2520.67109095079,1.24922879533206,0.185076718394924,6.74978898570272,1.48060329714269e-11,9.7152828107268e-11,"","Os09g0272000",""
"Os09g0272300",293.288766552598,1.06855410604802,0.175132910948432,6.1013895118928,1.0515031426314e-09,5.82061960790397e-09,"","Os09g0272300",""
"Os09g0272600",12.1808715184445,4.19703620142158,1.03437116019876,4.05757271946279,4.95853801877697e-05,0.000157449309869585,"","Os09g0272600",""
"Os09g0273800",6.12911999772275,2.4293891064011,0.907981409802257,2.67559344296507,0.00745970749398857,0.015907493982146,"","Os09g0273800",""
"Os09g0274025",7.31974776717487,2.54365671242596,0.788036606064063,3.22784080441457,0.00124728366528211,0.00314064505840396,"","Os09g0274025",""
"Os09g0274100",9.01664419316863,2.43662838238523,0.736382870516283,3.30891507657816,0.000936582410827448,0.00241815000882255,"","Os09g0274100",""
"Os09g0277800",259.738440036196,2.2380070229002,0.304807277593901,7.34236741513084,2.09848367329791e-13,1.60872926897594e-12,"","Os09g0277800",""
"Os09g0278000",101.69568171007,4.67127076155825,0.379890660732432,12.2963558844853,9.47533530667833e-35,2.3956161519752e-33,"","Os09g0278000",""
"Os09g0279500",5553.7187322411,2.5757496147764,0.209167864796299,12.3142702502836,7.58985933720749e-35,1.92875840818451e-33,"","Os09g0279500",""
"Os09g0280750",15.087121715387,6.3309659554304,1.09599594595196,5.77645015824531,7.62930882828626e-09,3.86725419063929e-08,"","Os09g0280750",""
"Os09g0282701",32.8620863882875,1.04656153811022,0.373491991154146,2.8020990085388,0.00507712894093527,0.011262962106684,"","Os09g0282701",""
"Os09g0283600",18.1185036963733,1.09152828761382,0.484698319439063,2.25197456611164,0.0243238793352601,0.0459739688984469,"","Os09g0283600",""
"Os09g0284300",478.761519776359,1.31766935499385,0.190998532007118,6.89884545785273,5.24268662788348e-12,3.58933535725529e-11,"","Os09g0284300",""
"Os09g0287000",1725.03524651189,2.12117262348062,0.250522590021674,8.46699143297659,2.51812604436439e-17,2.58243414740135e-16,"","Sub1B",""
"Os09g0290900",6.7584240017429,4.38418944204439,1.17897389519766,3.71864844497626,0.000200291575645703,0.000579339758320521,"","Os09g0290900",""
"Os09g0293500",30.0250553994138,2.57855687394723,0.455800892649673,5.65720014052079,1.5386230683002e-08,7.55648439311675e-08,"","BRL1",""
"Os09g0296400",51.3697436256039,1.07369456763712,0.347486902234779,3.08988500208758,0.00200234006370991,0.00483736152091854,"","Os09g0296400",""
"Os09g0298200",102.739734654474,2.38019868179316,0.297370175639985,8.00416072886468,1.20284197943946e-15,1.09247858227901e-14,"","OsAGPS1",""
"Os09g0298500",7.99553577960998,2.11199774646748,0.790343399505427,2.67225328608945,0.00753437548353083,0.0160515237622909,"","OJ1381_H04.25-1",""
"Os09g0306500",15.3225687298202,3.75877765108584,0.775735913615891,4.84543461906421,1.26334811348733e-06,4.97804965137971e-06,"","Os09g0306500",""
"Os09g0306566",43.6294692686583,2.34494387834561,0.364410688922004,6.43489323895081,1.23560146900182e-10,7.49253489903529e-10,"","Os09g0306566",""
"Os09g0306632",17.9724943402897,2.10386180422845,0.470788188954109,4.46880753083959,7.86568653001295e-06,2.795698108652e-05,"","RTFL2",""
"Os09g0306650",350.844392598186,2.46191503505927,0.176765146174157,13.9276044420753,4.30555814924865e-44,1.53274158425192e-42,"","Os09g0306650",""
"Os09g0317700",37.4542685696683,1.02524459539638,0.365025775638724,2.80869095778895,0.00497433720567821,0.0110577025789601,"","Os09g0317700",""
"Os09g0322800",52.2396161263833,1.91604871318986,0.374581919428342,5.11516603928451,3.13465092540845e-07,1.33174290087183e-06,"","Os09g0322800",""
"Os09g0323500",12.3719403224182,2.37043593721888,0.75826472053231,3.12613243506148,0.00177121767525918,0.00432710119699239,"","Os09g0323500",""
"Os09g0325700",2435.8071430524,3.51692035930073,0.215284013419281,16.3361891272961,5.45581018363939e-60,3.39644746030234e-58,"probable protein phosphatase 2C 68 [Source:NCBI gene (formerly Entrezgene);Acc:4346736]","PP2C1",""
"Os09g0325800",194.525389096299,3.23489719940035,0.267796882375348,12.0796671369246,1.35266198250177e-33,3.2665600331819e-32,"","Os09g0325800",""
"Os09g0327100",23.2003776356755,2.93778771278437,0.558897230298059,5.25640055725032,1.46902150352647e-07,6.49036123268104e-07,"","OsRab11C2",""
"Os09g0327200",52.004336521113,3.41092817920701,0.396815801931478,8.59574684930518,8.2724989839373e-18,8.76679672048821e-17,"","P0706E03.7",""
"Os09g0327300",1039.95272265743,1.28399538251016,0.213395716572088,6.01696886486662,1.77713245531542e-09,9.63290545730698e-09,"","Os09g0327300",""
"Os09g0327550",453.97996837983,1.08335136794283,0.175989783249822,6.15576283996546,7.4716964418123e-10,4.19787353149168e-09,"","Os09g0327550",""
"Os09g0333000",80.5217007495073,1.9946332251264,0.326277356743631,6.11330570111755,9.75881708648776e-10,5.42139486439254e-09,"","OsABCG47",""
"Os09g0334800",59.2542811760171,2.64199081486498,0.384001563818933,6.88015639465142,5.97868865775457e-12,4.07073286268714e-11,"","Os09g0334800",""
"Os09g0337300",2529.23546548301,2.15270874735481,0.191955979193674,11.2145959526629,3.45761828637228e-29,6.8371435180723e-28,"","Os09g0337300",""
"Os09g0344500",25.0858468671239,7.79962810150987,1.62825018241394,4.79019022122671,1.66623278219425e-06,6.47291465105471e-06,"","ZRP4",""
"Os09g0347300",273.178676336635,1.41142156796172,0.253651267666552,5.56441756016438,2.63029438240501e-08,1.26422510015226e-07,"","OsEXO70FX5",""
"Os09g0359800",827.999380136775,1.14656799900112,0.140995230781626,8.13196299367691,4.2239378184157e-16,3.99147625197886e-15,"","OsPRMT1",""
"Os09g0360900",357.326739410474,1.15062051748725,0.208581584884791,5.51640509454748,3.46004200356926e-08,1.63950010943652e-07,"","OsABCA6",""
"Os09g0361100",14.9446680548167,1.64678210132006,0.53011778671462,3.1064456665865,0.00189351102075887,0.00460091424549795,"","OsRLCK268",""
"Os09g0363400",3.79052159126566,4.30372439073367,1.46402867326146,2.93964487809253,0.00328588612810546,0.00759391853335221,"","Os09g0363400",""
"Os09g0363500",3396.79413024503,1.46650275324138,0.266481653381434,5.5032034462135,3.72951622133669e-08,1.75978334443076e-07,"","Os09g0363500",""
"Os09g0364400",17.6509681402132,2.62868422943939,0.630942611407697,4.1662810244731,3.09609003277979e-05,0.000101415828177438,"","Os09g0364400",""
"Os09g0364500",240.858437253255,1.81786599667409,0.17725088071532,10.2558926045266,1.11342485046556e-24,1.73614395972217e-23,"","Os09g0364500",""
"Os09g0368850",22.7720393674659,4.87860035951082,0.925357486853445,5.27212502067698,1.34853161852412e-07,5.98041308612351e-07,"","Os09g0368850",""
"Os09g0369500",2.17549756582557,4.27558572040141,1.51528661726767,2.82163497761965,0.00477795262247823,0.0106594032169227,"","OsEnS-127",""
"Os09g0370300",3.44302071395111,4.93309912155809,1.36795719117168,3.60617945751124,0.00031073828062899,0.000871340242094215,"","SDH2-2",""
"Os09g0371000",273.690707015056,1.8069563631338,0.153673049045359,11.7584467436476,6.3898992620517e-32,1.42761527516551e-30,"","Os09g0371000",""
"Os09g0371400",1.51073426604135,3.74566696298173,1.64456612268558,2.27760192266702,0.0227503058493244,0.0433336660538676,"","Os09g0371400",""
"Os09g0376400",24.4268266969537,2.61777088932317,0.578079125963736,4.52839545963364,5.94332726978514e-06,2.15604421322791e-05,"","Os09g0376400",""
"Os09g0376800",704.759375965973,1.34396837360207,0.366766177705717,3.66437380352022,0.000247944451669014,0.000707348264709633,"","Os09g0376800",""
"Os09g0378700",3171.18817367179,8.21642350221937,0.802465376952985,10.2389757093542,1.3263307384584e-24,2.05519053826039e-23,"","OsPUB6",""
"Os09g0379900",340.298203299189,2.56149607501361,0.280196335410519,9.14179006395899,6.14269928032173e-20,7.40260992551223e-19,"","Os09g0379900",""
"Os09g0380000",2841.08341617841,1.88481770153452,0.253692476367133,7.42953724337844,1.08978260929868e-13,8.5393876377588e-13,"","Os09g0380000",""
"Os09g0380050",652.334975830284,2.34813934250624,0.117531245245246,19.9788519010966,8.41365664700373e-89,1.0635978099123e-86,"","Os09g0380050",""
"Os09g0380200",647.658467828875,1.06187994260379,0.194902476861365,5.44826294516055,5.08641248674504e-08,2.36048028065334e-07,"","OsV5A",""
"Os09g0380600",15.3867630364662,3.36725323902304,0.698258206572235,4.82236113708275,1.41868790771247e-06,5.55744352401454e-06,"","Os09g0380600",""
"Os09g0381100",3606.07452959754,2.44799811219548,0.190334016315679,12.8615901643947,7.40377190903912e-38,2.11583917635827e-36,"","Os09g0381100",""
"Os09g0382200",162.337362458393,1.41939091208921,0.200110598376122,7.09303217124646,1.31204940223984e-12,9.41188420361795e-12,"","Os09g0382200",""
"Os09g0382300",204.203544543301,1.05582319788165,0.21805715816704,4.84195614928105,1.28567140334275e-06,5.06118213546603e-06,"","CycD1",""
"Os09g0382400",640.635378078253,2.51454532348302,0.208715987051316,12.0476891061766,1.99463822672395e-33,4.76118991748934e-32,"","PRIN2",""
"Os09g0383300",4.53289874738377,5.33109251416635,1.40091222646441,3.80544363412464,0.000141550248266344,0.000419881286298499,"","Os09g0383300",""
"Os09g0386600",339.077546910355,1.11377909165323,0.166964163100682,6.6707673728859,2.54469308785784e-11,1.63426284701539e-10,"","Os09g0386600",""
"Os09g0392000",174.227493942497,1.04179870696943,0.197824017953267,5.26629030058189,1.39208092910283e-07,6.1658185878407e-07,"","Os09g0392000",""
"Os09g0400600",53.594208831271,2.35121791855154,0.375609736186915,6.25973634874443,3.85628874465031e-10,2.230328343282e-09,"","Os09g0400600",""
"Os09g0401000",13.081345593408,3.47341553786746,0.741545117267545,4.68402455492708,2.81296287723777e-06,1.06131842864809e-05,"","OsMyb10",""
"Os09g0411600",49.8167112889426,1.94310043143718,0.394788633312848,4.92187532131247,8.57188198362019e-07,3.45342308793752e-06,"","Os09g0411600",""
"Os09g0414300",89.5276051163784,1.97584704618297,0.367111641563201,5.3821421673516,7.36045943847906e-08,3.35671090570948e-07,"","Os09g0414300",""
"Os09g0415700",22.0673867594104,1.15758903332965,0.414244351387296,2.79445942824062,0.00519865636030596,0.0114944769444316,"","Os09g0415700",""
"Os09g0418000",1471.60927435361,1.97259324841708,0.221944623812015,8.8877721592745,6.23463634880108e-19,7.06982081529722e-18,"","OsCIPK16",""
"Os09g0419500",15.5182074543088,1.44334732369071,0.567962611868837,2.54127172023083,0.0110450045530755,0.0227011263219868,"","P0668D04.10-2","P0701F11.29-2"
"Os09g0421700",15.3861841747043,4.6579875164623,0.920854645356636,5.05833091025818,4.22942039660582e-07,1.77044009404802e-06,"","Os09g0421700",""
"Os09g0422500",13.7016831137965,4.11218916493727,0.91504209486551,4.49398906128101,6.99012205260532e-06,2.50751779495298e-05,"","BC6",""
"Os09g0424701",80.5597902167314,1.09078595501972,0.335193231559851,3.25420042028789,0.00113712024611556,0.00288672421495954,"","OsGEX2",""
"Os09g0425200",31.4025164719719,6.09355530242411,0.928932159261033,6.55974200233475,5.39009525403229e-11,3.37589459325475e-10,"","Os09g0425200",""
"Os09g0425300",43.0113746549638,4.77521695536458,0.608611680861058,7.84608167330709,4.29237456454611e-15,3.74215920428427e-14,"","Os09g0425300",""
"Os09g0426000",120.37858709816,2.90393509259659,0.268580810596716,10.8121465794403,3.01530401950495e-27,5.31745108122948e-26,"","OsUMAMIT13",""
"Os09g0432300",60.5753579303567,3.30913652243621,0.403504651866687,8.20098729253191,2.38420736342782e-16,2.27907044149888e-15,"","Os09g0432300",""
"Os09g0433900",7.65909993791539,3.60702924456519,0.969926835680458,3.71886735357173,0.00020011809985312,0.000578905564513808,"","OsEnS-128",""
"Os09g0437500",9068.60945766707,3.69170876338235,0.227342164343353,16.2385573043406,2.69180495070017e-59,1.63068095998773e-57,"","Os09g0437500",""
"Os09g0438700",1851.70930244187,1.53190397012353,0.142122424313167,10.7787632917658,4.33677013182171e-27,7.57772592074376e-26,"","Os09g0438700",""
"Os09g0439700",277.903107593424,1.08550762225298,0.197677183071306,5.49131470505333,3.98952740036335e-08,1.87710824912272e-07,"","Os09g0439700",""
"Os09g0440300",5984.34994352419,2.19662503672686,0.30867085093402,7.11639932983628,1.10783024047122e-12,8.01656246149398e-12,"","ALDH7",""
"Os09g0441000",180.869388490784,7.13028268116021,0.86470185128578,8.24594358223906,1.63861974075128e-16,1.58532141025359e-15,"","OsSub57",""
"Os09g0442000",4.34452034470419,3.11973973974892,1.11685604056391,2.79332306621519,0.00521695601326618,0.0115286287988806,"","P0046G12.15",""
"Os09g0442100",374.268682915115,3.82887599025864,0.294187053341423,13.0151070442076,1.00401502991533e-38,2.98279141441393e-37,"","OsRLCK272",""
"Os09g0442600",4481.78476092399,1.9447437868701,0.344790671376865,5.64036079950796,1.69694207493902e-08,8.30275153846053e-08,"","RSH3",""
"Os09g0445600",11.0649330761503,2.66392973484973,0.782126227407693,3.4060099783115,0.000659197698422357,0.00175260227196392,"","Os09g0445600",""
"Os09g0449000",14.1221401614826,3.00619254214143,0.756756065997228,3.97247234243173,7.11304971839917e-05,0.000220382684597695,"","OsMS1",""
"Os09g0449400",9.0145207039429,2.71973130474267,0.753450385977824,3.60970191980592,0.000306549069702087,0.000860859832257577,"","OsIDD13",""
"Os09g0452900",270.50646779389,2.42329059302729,0.324459416043257,7.46870170260127,8.09898999704996e-14,6.42756807036857e-13,"","Os09g0452900",""
"Os09g0454900",12.8822034570683,2.4148940635605,0.753556083244801,3.20466401540016,0.001352202240566,0.00338385162251326,"","Os09g0454900",""
"Os09g0455300",353.15475636183,6.18751641155431,0.365648010780803,16.9220568117997,3.09432917887164e-64,2.22226649463486e-62,"","OsbHLH120",""
"Os09g0459900",31.0545418050856,2.79412670729495,0.515630780570547,5.41885165234558,5.9983062084946e-08,2.76091460018337e-07,"","OsiICK4",""
"Os09g0465800",133.278664657947,1.07882746474573,0.228314696168564,4.7251774977693,2.29914445647171e-06,8.76128917225463e-06,"","Os09g0465800",""
"Os09g0468150",38.2426463604052,1.24864282013851,0.446825616590328,2.79447456407436,0.00519841300901088,0.0114944769444316,"","Os09g0468150",""
"Os09g0469600",32.5861803995643,1.21853813207368,0.437908072368447,2.78263455040497,0.00539195026468333,0.0118783988359615,"","Os09g0469600",""
"Os09g0474800",2217.32795294301,1.16779273824882,0.153181627465111,7.62358226357663,2.46730937337405e-14,2.03436021111776e-13,"","Os09g0474800",""
"Os09g0475500",206.387018277547,2.28959359794205,0.274504501862644,8.34082349253317,7.37749468346867e-17,7.34695280435303e-16,"","Os09g0475500",""
"Os09g0477700",41.9536819866053,2.39937328008563,0.364105053182486,6.58978297366031,4.40469961210468e-11,2.77697817529561e-10,"","Os09g0477700",""
"Os09g0477900",801.353008932549,1.40683939053104,0.163926287080707,8.58214637557432,9.3119040493677e-18,9.82627966913048e-17,"","Os09g0477900",""
"Os09g0478100",115.719496161434,3.03559152388931,0.468722182315029,6.47631291716654,9.39910251281267e-11,5.76154287382384e-10,"","OsCslE1",""
"Os09g0478600",149.415901348683,2.17394355150823,0.221808517285007,9.80099221670051,1.11485081136664e-22,1.55183475018153e-21,"","Os09g0478600",""
"Os09g0479300",25.5476463920291,2.70226859215466,0.553137301222225,4.88534869404697,1.03245967470455e-06,4.11605041997661e-06,"","Os09g0479300",""
"Os09g0480600",263.917903560109,1.53750389928053,0.170078620922186,9.03995981942945,1.56729416384823e-19,1.83867649136684e-18,"","Os09g0480600",""
"Os09g0482300",2.08028403383422,4.2103565868084,1.6054904483293,2.62247376880364,0.00872939873808684,0.0183419532338516,"","GSC",""
"Os09g0482680",1006.53170790051,2.56097514609343,0.135994422984632,18.831471834568,4.17008110251678e-79,4.20008534459587e-77,"","Os09g0482680",""
"Os09g0482700",189.750562594476,3.71481707259481,0.274979540272577,13.5094308067882,1.37581030768454e-41,4.55119519272362e-40,"","Os09g0482700",""
"Os09g0483300",3.84657707166367,3.53119872834496,1.34789966685786,2.61977861941064,0.00879868648487522,0.0184797028935961,"","Os09g0483300",""
"Os09g0484800",663.895156816948,1.17589504927736,0.20422955598438,5.75771241145572,8.5261449257838e-09,4.30161459633772e-08,"","Os09g0484800",""
"Os09g0487600",112.605719973048,1.24489434597415,0.320756702869562,3.88111716711465,0.000103977729139664,0.000314791812670265,"","OsPGL35",""
"Os09g0489200",361.392622664622,6.87138445073282,0.370119543752743,18.5653110372448,6.13308840543809e-77,5.98265871738345e-75,"","JMJ712",""
"Os09g0491596",9.95216425917129,1.84434317247176,0.648836296096227,2.84254007300207,0.00447556043335219,0.010047201309882,"","Os09g0491596",""
"Os09g0491740",729.054858551201,3.39811754172038,0.361123691462793,9.40984383482491,4.96874591196903e-21,6.35245704132387e-20,"","OsPILS1",""
"Os09g0491788",257.199907951337,1.0403545390834,0.196289508552658,5.3001026226743,1.15737608030002e-07,5.17342723102899e-07,"","OsCCR15",""
"Os09g0491822",39.7499745766133,2.60213380071266,0.428994645687115,6.06565565997882,1.31416419498988e-09,7.20050869488211e-09,"","OsCCR32",""
"Os09g0492700",44.9506923511751,1.91809174176887,0.31346796465414,6.11894023647734,9.41997223400524e-10,5.24255732349389e-09,"","HMGR",""
"Os09g0493400",11.2433848035825,1.72625718348434,0.561846843698809,3.07246930875301,0.00212295663079957,0.00510040690791437,"","Os09g0493400",""
"Os09g0494200",155.611252944048,1.20482667195794,0.198170903057745,6.07973548774142,1.20380966678329e-09,6.62228954571261e-09,"","BC15",""
"Os09g0497100",122.553574221026,1.10045832832557,0.229122145783511,4.80293305809623,1.56358170745963e-06,6.08845889764692e-06,"","Os09g0497100",""
"Os09g0497700",78.0107592555495,1.17952279020534,0.273966068586152,4.30536086564466,1.66713745521689e-05,5.666986517754e-05,"","OsATG16",""
"Os09g0500900",17.3509798068377,1.56865820714712,0.594079031743039,2.64048741552896,0.00827868671903466,0.0174749549188551,"","Os09g0500900",""
"Os09g0502100",12.9114362016195,5.35850884164785,1.10855478045766,4.8337790212186,1.33965289474673e-06,5.26031375168617e-06,"","LGD1",""
"Os09g0507100",19.8126031882473,1.14718366252162,0.475145088041743,2.41438602943283,0.0157617531797748,0.0312498166388157,"","OsSPL18",""
"Os09g0509000",4427.14912501617,1.51144470410067,0.153433079703655,9.85083990375421,6.79735409461633e-23,9.55834519876895e-22,"","Os09g0509000",""
"Os09g0509500",288.921077068007,1.76752348302996,0.228924613116746,7.72098490837491,1.15434221981798e-14,9.75814983979191e-14,"","Os09g0509500",""
"Os09g0509700",299.957588277498,6.34178984580933,0.336781039269811,18.8306023983988,4.23911187142268e-79,4.25232691652793e-77,"","OsBBX28",""
"Os09g0511700",1719.29811422762,1.7577318519435,0.138729161807448,12.670240553916,8.64488866531422e-37,2.35637410847624e-35,"","Os9bglu32",""
"Os09g0512700",655.115585704122,1.13692102554614,0.17179992033572,6.61770403225124,3.64820503161853e-11,2.31713858160504e-10,"","NEF",""
"Os09g0513000",254.345588037051,1.41196843264372,0.189545824452553,7.44921939969806,9.38941139852687e-14,7.40424717445259e-13,"","OsBIANK1",""
"Os09g0513100",884.098912356059,2.11021779102237,0.32017047689915,6.59091934852899,4.3711130517986e-11,2.75720641762765e-10,"","Os09g0513100",""
"Os09g0513400",194.107725461966,1.17542355888962,0.204550817835031,5.74636450408912,9.11826342503197e-09,4.59193522117921e-08,"","Os09g0513400",""
"Os09g0514700",279.583197842617,1.3391604650724,0.211374496071456,6.33548744035655,2.36592088492913e-10,1.39506001346714e-09,"","Os09g0514700",""
"Os09g0516451",40.2166159691408,1.58277539935276,0.362655746671146,4.36440181599551,1.27471085208644e-05,4.39943039171831e-05,"","Os09g0516451",""
"Os09g0520300",31.5315830403506,1.03568054165378,0.321210059607224,3.22430917300724,0.00126276985774589,0.00317737877174469,"","P0669G04.8",""
"Os09g0520700",3534.95851985913,1.04885120123576,0.173592735671085,6.04202242208495,1.52194308552237e-09,8.29685012761006e-09,"","OsRH7",""
"Os09g0521400",242.602734190769,1.51987767671521,0.297450179245837,5.10968821928009,3.22690877431664e-07,1.36812318106166e-06,"","Os09g0521400",""
"Os09g0526000",36.1026343918023,1.71253589740244,0.397113345151191,4.31246121116992,1.61447212897627e-05,5.49399477264731e-05,"","Os09g0526000",""
"Os09g0527600",104.648888167948,1.00215840754018,0.233686821294362,4.28846779629828,1.79909876988696e-05,6.0946500166105e-05,"","OsRab11F2",""
"Os09g0530250",91.086115694696,1.08243206045,0.239725296859721,4.5153017834551,6.3226661778738e-06,2.28462446972698e-05,"","Os09g0530250",""
"Os09g0532000",1141.81337574864,2.20655088335215,0.290202212590531,7.60349434849259,2.88239846273505e-14,2.35855966681593e-13,"","SGR",""
"Os09g0533900",340.076205719064,1.94863061275928,0.24003368153249,8.1181549202524,4.7332435624624e-16,4.45575895695786e-15,"","OsGH9B5",""
"Os09g0536700",93.563654605612,2.68213283008687,0.374258883635381,7.16651747590824,7.69295832319241e-13,5.63930261460765e-12,"","OsMFS5",""
"Os09g0537200",43.0372101968594,2.35916984216145,0.450951434988008,5.23153860730964,1.68104915489922e-07,7.37714397997483e-07,"","Os09g0537200",""
"Os09g0538400",95.5281620311877,1.45157284355185,0.260737452133993,5.56718197432521,2.58891990726984e-08,1.24578886273888e-07,"","R2R3-MYB",""
"Os09g0538600",68.6215117727259,2.42153399598494,0.445443717362518,5.43622886932358,5.44200451658217e-08,2.51560719976411e-07,"","P0229B10.28",""
"Os09g0538800",69.4184310029565,1.26954294458899,0.411354082260061,3.08625342336186,0.00202695984777961,0.00489397623742305,"","OsNTMC2T1.2",""
"Os09g0539000",377.617830629022,7.17640731802789,0.416233107008107,17.2413178990303,1.30038248418182e-66,9.85308159344739e-65,"","B1274F11.5",""
"Os09g0540000",35.7699744294816,1.46624374511104,0.516619280849977,2.83815141916244,0.00453756513139708,0.0101661317714645,"","Os09g0540000",""
"Os09g0540600",70.7333541869288,4.91104943127518,0.452615473973797,10.8503789942442,1.98600139159144e-27,3.52992514199865e-26,"","OsWD40-173",""
"Os09g0541700",1028.64479806736,3.29672196957386,0.228810675904636,14.4080775800334,4.60346280098292e-47,1.79905359337467e-45,"","Os09g0541700",""
"Os09g0542800",104.237498091075,3.02172239153878,0.291575752176988,10.3634214058533,3.63714257891155e-25,5.80653876789248e-24,"","Os09g0542800",""
"Os09g0544000",31.4547898257344,8.12751944259491,1.12909339610149,7.1982702853966,6.09811739428842e-13,4.49547916329319e-12,"","Os09g0544000",""
"Os09g0544400",67.5989924345067,1.58643953434502,0.498557283323665,3.1820606927431,0.00146231171179692,0.00362861264729017,"","Os09g0544400",""
"Os09g0545300",120.633226941706,1.48197431319188,0.26878044782361,5.51369835563502,3.5137061525989e-08,1.66333774059883e-07,"","SAUR39",""
"Os09g0547900",6.35369688829863,5.06748926677015,1.22126206315659,4.14938727702083,3.33366398559937e-05,0.000108670639952369,"","Os09g0547900",""
"Os09g0548066",50.0657640438499,1.36047555841942,0.443162674508644,3.06992361197352,0.00214113526119977,0.00513710742391273,"","OsFbox502",""
"Os09g0548400",2009.94697454409,1.26103787013774,0.247812299398871,5.08868152709408,3.60561539657047e-07,1.52087730134196e-06,"","Os09g0548400",""
"Os09g0549425",20.2943653543973,1.10262038695193,0.455592063667513,2.42019226163827,0.0155123030082609,0.0308070160015774,"","Os09g0549425",""
"Os09g0549700",32.9702319667762,2.63800823676065,0.535396007984812,4.92720938785089,8.34123529305104e-07,3.36378233814983e-06,"","Os09g0549700",""
"Os09g0552600",21.2568130227078,2.04002496695168,0.800685841313837,2.54784693532762,0.0108390017050399,0.022314744100189,"","Os09g0552600",""
"Os09g0554200",32.4222905815482,5.68345712250604,0.8420174441,6.74980923771819,1.48039665160142e-11,9.7152828107268e-11,"","Os09g0554200",""
"Os09g0555400",31.4808828009857,1.49960523036407,0.401071365869646,3.73899848749478,0.000184754838552202,0.000537727080325138,"","Os09g0555400",""
"Os09g0555500",1564.80258293008,2.92461114478295,0.19260975316258,15.1841279933229,4.50514509903366e-52,2.13022862822055e-50,"","OsPSY",""
"Os09g0556300",186.051570024353,1.43852551039265,0.205493319178585,7.00035172015732,2.55320726102429e-12,1.79463308670635e-11,"","Os09g0556300",""
"Os09g0560700",325.008740728417,3.65596182271233,0.222819776851993,16.4077079438994,1.68445549942579e-60,1.06468759972635e-58,"","Os09g0560700",""
"Os09g0563300",416.621670197637,1.73392235740838,0.146405682229268,11.843272276093,2.33174266536169e-32,5.31007242827819e-31,"","TCD9",""
"Os09g0567201",15.5195082149244,3.56805524222632,0.677468232114354,5.26674915972156,1.38860737781134e-07,6.15373367913281e-07,"","Os09g0567201",""
"Os09g0569800",6.41928370869276,2.54169839705025,0.981753154014091,2.58893835650847,0.00962723266821757,0.0200465538129613,"","OsPUB52",""
"Os09g0570800",3.87709732521604,5.10801312719094,1.33833208906905,3.81670077920951,0.000135248023564389,0.000402491751728427,"","SLC2",""
"Os09g0570850",98.304348748971,5.9833871132993,0.505195440431087,11.8437076712205,2.31966565078744e-32,5.29229795852305e-31,"","Os09g0570850",""
"Os09g0570900",488.549147465307,1.35622930752359,0.171773263034921,7.89546221316101,2.89241297797482e-15,2.55218363088612e-14,"","B1331F11.3-1",""
"Os09g0572400",461.78632802494,3.16060961297108,0.209089152828855,15.1160859863358,1.26862239106825e-51,5.90839416983044e-50,"","OsABCF5",""
"Os10g0103700",1561.47399881145,1.16678850192814,0.153284072372673,7.61193569473663,2.70020908357016e-14,2.21606758740039e-13,"","Oshox15",""
"Os10g0114300",1082.93564367287,1.14632852725834,0.194032335821692,5.90792520434207,3.46443238417007e-09,1.8178365349975e-08,"","OSJNBa0092N12.13","OJ1014H12.4"
"Os10g0114850",16.9745063758785,1.3670750759224,0.502175528741422,2.72230524523694,0.00648282319623733,0.0140259265048177,"","Os10g0114850",""
"Os10g0117000",75.0718237893811,1.91614413473076,0.279772593511025,6.84893438161322,7.44021121287079e-12,5.01485618121054e-11,"","OsXTH27",""
"Os10g0118800",207.882529461693,1.84989857289466,0.180403313839803,10.2542383148092,1.13265444951251e-24,1.76390818953938e-23,"","Os10g0118800",""
"Os10g0124000",105.756757442598,1.04902922572177,0.28482580117228,3.68305547251759,0.000230454985107243,0.000660037355912861,"","Os10g0124000",""
"Os10g0124500",12.9792329364252,1.79269510074989,0.540086425544224,3.31927450119388,0.000902516638784787,0.00233737375971262,"","OsFbox507",""
"Os10g0124700",85.5546624566766,1.22722345056223,0.273896679527701,4.48060725919867,7.44309632059342e-06,2.65884656192825e-05,"","OsFbox508",""
"Os10g0125300",58.9109767719853,1.46101586629416,0.317921252738333,4.5955275204475,4.31655813873651e-06,1.59224893558842e-05,"","OsFbox509",""
"Os10g0125600",6.04769525915482,2.41849563878076,1.06769585365007,2.26515409843803,0.0235032248037317,0.0446100353119396,"","Os10g0125600",""
"Os10g0126500",11.192023865868,2.21157843592674,0.740687561700991,2.98584524741828,0.00282795713935506,0.00661895843961839,"","OsFbox511",""
"Os10g0127900",32.8045396972391,3.02026562067601,0.453241509450486,6.66370038423404,2.67017551791593e-11,1.71263108484087e-10,"","OsFbx352",""
"Os10g0128600",42.4418778446072,2.56772312604465,0.423399007968095,6.06454686412052,1.32326191898797e-09,7.24722824199048e-09,"","OsFbox518",""
"Os10g0129100",23.8918056610512,2.21131232141334,0.466420715660523,4.74102510280185,2.12639581777066e-06,8.14685467402252e-06,"","OsFbox519",""
"Os10g0131100",56.6393113181015,2.39926038915048,0.315329415777712,7.60874269605666,2.76775133124123e-14,2.26774387348426e-13,"","Os10g0131100",""
"Os10g0133100",37.8812431539563,5.9298157297521,0.789639753325304,7.50952026513441,5.93444321037729e-14,4.75388617599476e-13,"","OsFbox521",""
"Os10g0135600",946.720609973131,1.06673598431691,0.204594281331327,5.21390909548151,1.84902104537069e-07,8.08277954148721e-07,"","OsPOP20",""
"Os10g0142100",850.586062030868,2.45757328181669,0.190755835545215,12.883345218732,5.58608183393817e-38,1.60192534258664e-36,"","Os10g0142100",""
"Os10g0147250",36.7281310221368,3.39617889753516,0.495692403824079,6.8513837842479,7.3139003940835e-12,4.93936070391239e-11,"","Os10g0147250",""
"Os10g0150200",74.167719153698,1.23182412474389,0.295479814579673,4.16889433376758,3.06080839735238e-05,0.000100367455877713,"","Os10g0150200",""
"Os10g0153900",9.49383880011016,2.20707271232684,0.680369408218893,3.24393290713148,0.001178915118372,0.00298426439394186,"","Os10g0153900",""
"Os10g0154500",37.012326749476,2.03696116133445,0.386258861296466,5.27356486915913,1.33798929892895e-07,5.93684829146895e-07,"","Os10g0154500",""
"Os10g0154566",14.4886811977917,1.91269059312528,0.554589950991676,3.44883745135509,0.000563005505830004,0.00151362710698242,"","Os10g0154566",""
"Os10g0154600",293.511119042549,1.86102073793235,0.204055687504516,9.12016107314411,7.50127584297847e-20,8.9830406747935e-19,"","Os10g0154600",""
"Os10g0155200",28.0972181500243,3.40361268780398,0.515677237887109,6.60027714573877,4.10389859528162e-11,2.59418738087426e-10,"","Os10g0155200",""
"Os10g0156200",3.78163724096206,2.45066916833142,1.09307347680275,2.2419985667383,0.0249614649378791,0.0470319556475916,"","Os10g0156200",""
"Os10g0157400",3.39566397293143,4.91598372212858,1.3461222156749,3.65195943197763,0.00026024700381258,0.000739550408701032,"","Os10g0157400",""
"Os10g0161400",30.502604947533,1.63528501559459,0.372967309725969,4.38452639936752,1.16238386597047e-05,4.03649405005609e-05,"","Os10g0161400",""
"Os10g0162400",42.780691643376,3.460759140984,0.434928190468698,7.95708169032349,1.76144422185079e-15,1.57904305336241e-14,"","Os10g0162400",""
"Os10g0163130",12.0715250178107,1.86414742407235,0.562466917924485,3.31423478371153,0.000918943105470743,0.0023759421187779,"","Os10g0163130",""
"Os10g0163310",111.643938742199,1.40589065345286,0.380784809258529,3.69208702466476,0.000222421325812805,0.000638504598501202,"","Os10g0163310",""
"Os10g0167250",30.7344882749144,1.24437886484241,0.352662832990879,3.52852285081766,0.000417885866567031,0.00114636383037326,"","Os10g0167250",""
"Os10g0171500",3.45409162424266,4.93846783433142,1.7469160447913,2.8269634645902,0.00469916889572881,0.0105042969658318,"","OSJNBa0061H20.1",""
"Os10g0173000",3150.62225645894,3.80653158328626,0.236134289231326,16.1201983654193,1.84017642792937e-58,1.10130558828034e-56,"","OSJNBa0061H20.11",""
"Os10g0176550",3.9119938590673,3.53749337376156,1.28693456943352,2.74877484666427,0.00598184605954644,0.0130468485754738,"","Os10g0176550",""
"Os10g0176700",211.38037112726,1.00094013050247,0.298136749860637,3.35731885106533,0.000787022959126103,0.00206059206287874,"","Os10g0176700",""
"Os10g0177200",894.754642963888,1.19879815753361,0.222796780166469,5.38067990317405,7.42050391470596e-08,3.38284867515491e-07,"","OsDSR-1",""
"Os10g0177400",10.9119436068047,3.00634971148086,0.719918562099575,4.17595804546715,2.96734510887771e-05,9.74703828220379e-05,"","Os10g0177400",""
"Os10g0183000",110.933118884635,1.42322044082577,0.267262195864146,5.325184267921,1.00850750078747e-07,4.53724263231995e-07,"","OsLSR",""
"Os10g0183500",41.9987575315913,4.01954672376985,0.505992968263483,7.94387862259141,1.95955348259241e-15,1.75150997973276e-14,"","Os10g0183500",""
"Os10g0183800",304.825963521381,9.96935401621002,1.0365385762973,9.61792859829905,6.71701531437874e-22,8.98636546675821e-21,"","OsFbox542",""
"Os10g0194300",53.5399444318755,1.45556996663887,0.28004549754864,5.19761959888698,2.01856668372201e-07,8.78826686392202e-07,"","Os10g0194300",""
"Os10g0196400",31.8100776786253,1.19531748015888,0.50738240738796,2.35585125292865,0.0184803160927508,0.0360257113949715,"","Os10g0196400",""
"Os10g0200700",19.9019666291954,7.46573857791385,1.08246626170017,6.89697115011033,5.31229650596809e-12,3.63498399691719e-11,"","Os10g0200700",""
"Os10g0202900",14.7377455321393,2.68193117731311,0.664720310294044,4.03467614240151,5.46776600000546e-05,0.000172359845015439,"","OSJNBa0004P12.4",""
"Os10g0207400",564.135935621992,1.66390479810316,0.232876827688808,7.14499941714523,8.9996271412226e-13,6.55834593170801e-12,"","Os10g0207400",""
"Os10g0207700",6.91827870498892,5.94181375921515,1.19434966766946,4.97493650315107,6.52690309025443e-07,2.6687356314782e-06,"","Os10g0207700",""
"Os10g0321700",1460.12037595398,1.11559366764667,0.132984934789957,8.38887253965042,4.90826493136767e-17,4.95163193015051e-16,"","RBP-159",""
"Os10g0326800",13.1792455451813,1.74743859668599,0.663239650876663,2.63470164121859,0.00842112687973076,0.0177408605304897,"","OsFbox546",""
"Os10g0329400",10.7703068730903,2.70243282293377,0.801703735826173,3.37086220528691,0.00074933328365981,0.0019715653360135,"","Os10g0329400",""
"Os10g0330000",32685.5761106364,1.63093397205358,0.162786140625821,10.0188748611126,1.25928312663198e-23,1.82784171227654e-22,"","Os10g0330000",""
"Os10g0339290",30.5500829422624,3.65618613595719,0.535184398437062,6.83163811694552,8.39504094564077e-12,5.63085894721552e-11,"","Os10g0339290",""
"Os10g0340301",3.60557709678419,4.99772787740285,1.46893898458276,3.40227057070203,0.000668284398338689,0.00177490433461654,"","Os10g0340301",""
"Os10g0345650",3.32508925233781,2.66480272843415,1.17077842939275,2.27609482847776,0.0228403345466333,0.043488432264807,"","Os10g0345650",""
"Os10g0345701",34.5512011051751,1.80242544941413,0.359655575756107,5.01153206265432,5.39983839327037e-07,2.23023497032939e-06,"","Os10g0345701",""
"Os10g0347800",7.11648384487982,5.98504320644979,1.22372573941498,4.89083706722638,1.00408055023656e-06,4.00936402791478e-06,"","OsFH4",""
"Os10g0358600",21.8331856897373,1.5181706841795,0.484548894559203,3.13316303313537,0.00172933357247972,0.00423438066264749,"","Os10g0358600",""
"Os10g0361876",93.4521596983914,1.27760759202732,0.244157647911881,5.23271584139942,1.67037424764713e-07,7.33419506183819e-07,"","Os10g0361876",""
"Os10g0364700",16.9464872567738,1.5685532418777,0.509282886365707,3.07992529077709,0.00207052525001044,0.00498846792293938,"","Os10g0364700",""
"Os10g0364800",15.2080384926529,4.59064392326283,0.834889566967638,5.49850435900916,3.83026073663116e-08,1.80491385073241e-07,"","Os10g0364800",""
"Os10g0364900",290.214624145567,7.1706583693134,0.995891343519323,7.20024168899131,6.01059230592729e-13,4.43359468782258e-12,"","Os10g0364900",""
"Os10g0365001",4.72373645062215,3.82694512294639,1.31128642474065,2.91846621054076,0.00351757995915947,0.00807514858223796,"","Os10g0365001",""
"Os10g0373400",4.47339813425778,5.31001868274274,1.29270615571234,4.107676488797,3.9965936482312e-05,0.000128936980237271,"","Os10g0373400",""
"Os10g0389000",1089.84549474374,1.9027531069275,0.201173367726409,9.45827535936664,3.13063937791267e-21,4.04631465135848e-20,"","OsCML8",""
"Os10g0389100",92.886188557716,2.47550013195712,0.322942207490641,7.66545863172394,1.78193294869304e-14,1.48456464928606e-13,"","OsRCCR3",""
"Os10g0389200",1983.86397471379,2.81935781273325,0.258566003351187,10.9038225296153,1.10514758941688e-27,1.99433662221283e-26,"","OsRCCR1",""
"Os10g0389500",89.5159036377665,6.1963898118418,0.582979636309613,10.6288271938044,2.18847188034498e-26,3.70634092818234e-25,"","Os10g0389500",""
"Os10g0390701",43.9225687682254,1.4326555230774,0.40187989183908,3.56488481302532,0.000364016018952838,0.00100931344019634,"","Os10g0390701",""
"Os10g0391200",290.923151097136,1.14577445559001,0.176551878443512,6.48973245536213,8.59889374130746e-11,5.28409697987041e-10,"","OsFbox550",""
"Os10g0394200",18.2003533469347,1.42374189286302,0.519706199919028,2.73951300385649,0.00615302806707471,0.0133919164105684,"","OsSub60",""
"Os10g0395100",27.7711649925686,1.80992552124733,0.424658553085301,4.26207245349835,2.02539748692596e-05,6.81375064949958e-05,"","Os10g0395100",""
"Os10g0395150",31.2298233797145,2.02346706926068,0.415287520806872,4.87244852753879,1.10223578623969e-06,4.37451482871389e-06,"","Os10g0395150",""
"Os10g0397400",608.912238346787,2.69725290239512,0.197175437013625,13.6794569508611,1.34694859639629e-42,4.5842507380372e-41,"","BRD2",""
"Os10g0401000",87.8692820708211,1.92257032698736,0.330717744081641,5.81332680629544,6.12433316003804e-09,3.13064994236151e-08,"","Os10g0401000",""
"Os10g0407100",40.4944004559562,1.34969705056952,0.466390889997786,2.89391812643666,0.00380467353819113,0.0086723455617076,"","OSJNBa0060A14.18",""
"Os10g0407400",5.13960979995239,4.74093424290059,1.24585452576555,3.80536743644881,0.000141593834407959,0.00041992378863645,"","Os10g0407400",""
"Os10g0407450",2.11112756181433,4.22891478199348,1.51372172837943,2.79372007596198,0.00521055607631154,0.0115166768869555,"","Os10g0407450",""
"Os10g0409400",54.709019590152,2.03425894600278,0.692915107581765,2.93579822945733,0.00332690642341038,0.0076795858646769,"","RD22",""
"Os10g0410750",40.5101121415452,2.94610251069731,0.448240796147528,6.57258896561409,4.94478236888729e-11,3.1056241509232e-10,"","Os10g0410750",""
"Os10g0410900",8.31164725132388,3.30556629140229,0.93355238296347,3.54084714658335,0.000398844568056829,0.00109801909586045,"","Os10g0410900",""
"Os10g0411100",5.49357150457416,4.07208240555885,1.30175030897435,3.12815935397569,0.00175904782539747,0.00430076257843627,"","Os10g0411100",""
"Os10g0411500",4.64428880828135,3.14147385321785,1.09637249245262,2.86533443226971,0.00416569045516516,0.00941297878774531,"","OsSTA242",""
"Os10g0412700",3.890642672448,3.53991592008195,1.44854232175339,2.44377804287904,0.0145343652917181,0.0290675574164904,"","Os10g0412700",""
"Os10g0414700",22.1145343956418,1.36868028176797,0.504283396278143,2.71410935174447,0.00664542260868142,0.0143326632986855,"","PEP",""
"Os10g0415200",302.953204821492,1.4153554042114,0.147010584777267,9.62757481956678,6.11557528442202e-22,8.1950031812939e-21,"","Os10g0415200",""
"Os10g0415300",53.2527620508956,1.75314056589974,0.352619036023463,4.97176949285033,6.63445592532877e-07,2.71078354983296e-06,"","OsGR3",""
"Os10g0416500",129.053053771859,2.04336634311496,0.524210594694588,3.8979874954749,9.69954236865152e-05,0.000295059007081742,"","Oschib1",""
"Os10g0416800",409.592221464607,7.0047363718007,0.460226705285328,15.2201866848599,2.59788680320549e-52,1.24743878532989e-50,"","Oschib2",""
"Os10g0417600",3945.06955310644,1.19538936641367,0.251973904416344,4.74409986693899,2.09435513586341e-06,8.03279213642223e-06,"","OsGME1",""
"Os10g0419300",1607.26036667791,1.36373247524181,0.533673459138678,2.55536874073296,0.0106075359752092,0.0218672867008702,"","OsHsfA6a",""
"Os10g0420400",4.66887798573477,3.82817579685403,1.26145662308488,3.0347264636752,0.00240753931391048,0.00571045998496896,"","OsSultr3",""
"Os10g0422300",244.661450186592,1.21819295699125,0.202367879372299,6.01969522421158,1.74745783222664e-09,9.48035093257708e-09,"","Os10g0422300",""
"Os10g0422600",478.988528149746,1.00409205941463,0.194628325006911,5.15902327874924,2.48241448035121e-07,1.06801152248067e-06,"","Os10g0422600",""
"Os10g0425700",24.1243287535837,2.0852176256387,0.426440968642415,4.88981542340324,1.00930572231237e-06,4.02828090878441e-06,"","OsMB26",""
"Os10g0436800",315.494256220875,1.00044526318879,0.149446833804432,6.6943222396935,2.16673489059884e-11,1.40280089846793e-10,"","Os10g0436800",""
"Os10g0437000",350.52523403744,1.51055755306285,0.226470013378553,6.67001132082726,2.55783693356907e-11,1.64227845822858e-10,"","Os10g0437000",""
"Os10g0437200",1199.84566426512,1.09150397811821,0.194435209271168,5.61371565474006,1.98027528401189e-08,9.61122051164792e-08,"","Os10g0437200",""
"Os10g0437500",28.7934752674912,7.99965289823803,1.1070634790096,7.22601101916454,4.97387405591387e-13,3.70215355535854e-12,"","Os10g0437500",""
"Os10g0437700",10.8397744635564,3.40111857946544,0.828454769344635,4.10537630455789,4.03657236812358e-05,0.000130091250734909,"","Os10g0437700",""
"Os10g0437900",5.53548530186393,2.57094021403483,1.08741660521124,2.36426425871564,0.0180659209729504,0.0353123480551271,"","Os10g0437900",""
"Os10g0438300",9.50703959398716,2.94948523900713,0.76579571191544,3.85153010537204,0.000117382096155649,0.0003523169226467,"","Os10g0438300",""
"Os10g0442100",273.782213660708,3.19109404796184,0.218717097441557,14.590053019584,3.24945009546687e-48,1.32420435880564e-46,"","Os10g0442100",""
"Os10g0442400",256.456056895274,1.90776345252779,0.274389234293156,6.95276349832862,3.58198922640324e-12,2.48462897711627e-11,"","Os10g0442400",""
"Os10g0443200",466.067659142364,2.34854976825436,0.179830384958,13.0598050424174,5.58706814431598e-39,1.68612408540459e-37,"","Os10g0443200",""
"Os10g0445400",946.566372452956,2.87395875681234,0.159850677821117,17.9790213966342,2.84469112702442e-72,2.49160797570209e-70,"","OsHCI1",""
"Os10g0450800",425.702514796158,5.5905928831494,0.256912035184516,21.7607278659958,5.46736698301278e-105,1.03408360105426e-102,"","Os10g0450800",""
"Os10g0450900",1585.56207300519,3.25090207198543,0.373534458851751,8.70308480234659,3.22982384174387e-18,3.53001082165363e-17,"","GRP",""
"Os10g0456400",841.764651843043,1.1656394221376,0.150625507267945,7.73865889835019,1.00470928186099e-14,8.53107672264214e-14,"","Os10g0456400",""
"Os10g0456900",564.328415252438,1.26937617440104,0.186205467873214,6.81707250006937,9.29143815663665e-12,6.20355600126614e-11,"","Os10g0456900",""
"Os10g0456950",10.7985798280452,1.52011160606895,0.669709458447712,2.26980758132391,0.0232192603888888,0.044131912753567,"","Os10g0456950",""
"Os10g0460900",1136.87471308705,1.05068099549719,0.186579759674433,5.63126995838425,1.78887463470365e-08,8.72670738807881e-08,"","Os10g0460900",""
"Os10g0461100",618.204365850147,1.52145506926969,0.331436591697324,4.59048610619047,4.42214894885773e-06,1.62925776216874e-05,"","Os10g0461100",""
"Os10g0461400",6.40725085481454,2.11247408082784,0.876042688841197,2.41138258184901,0.0158921681214072,0.0314781556914307,"","Os10g0461400",""
"Os10g0462800",2058.42431308257,3.09916649498149,0.16009736353971,19.358010815792,1.74494435648281e-83,1.93011099645423e-81,"white stripe leaf3 [Source:NCBI gene (formerly Entrezgene);Acc:4348823]","WSL3",""
"Os10g0463800",1508.35035954676,4.21336035971277,0.375724852670906,11.2139517249427,3.4828854740206e-29,6.88161510285553e-28,"","FLO7",""
"Os10g0463900",6.8170289700697,1.58585500431431,0.700649434289187,2.26340724291482,0.0236105966813936,0.0447778766065971,"","Os10g0463900",""
"Os10g0465700",6439.58001183151,1.49144111987048,0.123370906495585,12.0890829307788,1.20625637413393e-33,2.9244045187785e-32,"","OsSTA246",""
"Os10g0466200",231.329266347029,1.06611453759944,0.205124052070676,5.19741359844093,2.02080413635811e-07,8.79337268818844e-07,"","OSJNBa0006L06.28",""
"Os10g0467800",5.60056463954453,5.63452089955437,1.61030051436691,3.49904930743289,0.000466920227395312,0.00127253908216051,"","CESA7",""
"Os10g0471000",243.259779415441,1.31416842806801,0.282861318182759,4.64598141771693,3.38463470953147e-06,1.26468246415414e-05,"","Os10g0471000",""
"Os10g0471100",33.382060975087,4.69695969878734,0.636138876401745,7.38354449480467,1.54130124897944e-13,1.19489427553078e-12,"","WDA1",""
"Os10g0474800",16.9622894299304,1.49637385182166,0.562697988744168,2.65928416620303,0.00783068850720787,0.0166246948411056,"","Os10g0474800",""
"Os10g0475900",20.8963497923526,3.24846667430069,0.561164439842628,5.7887963735045,7.08925752493739e-09,3.60752790501897e-08,"","Os10g0475900",""
"Os10g0476000",660.79092685302,4.08744344738876,0.174340876262795,23.4451239147582,1.48232768565395e-121,3.86606663867872e-119,"","OsABCI16",""
"Os10g0477800",810.216507176622,1.31501893670506,0.156718624601214,8.39095506390036,4.82208634692767e-17,4.86667345897462e-16,"","Os10g0477800",""
"Os10g0478100",8.81796571811627,1.81735917828896,0.671693108947542,2.7056391588363,0.00681730782945184,0.0146625378550632,"","Os10g0478100",""
"Os10g0481000",339.03335844994,3.00746094572478,0.391810684735553,7.67580125527872,1.6438783256372e-14,1.37370567535625e-13,"","OsS40-8",""
"Os10g0482000",799.355237396927,1.5005513164531,0.25075524085169,5.98412743580743,2.17552939559748e-09,1.16875741185427e-08,"","Os10g0482000",""
"Os10g0484400",80.7350679424505,1.37613471785503,0.294255354314055,4.67666840273126,2.91573167224822e-06,1.09825301981292e-05,"","Os10g0484400",""
"Os10g0486100",63.7605675907227,1.8819845790069,0.58240967439491,3.23137588839363,0.001231958123153,0.00310521123269195,"","Os10g0486100",""
"Os10g0487300",211.7078315442,1.3871920879639,0.23375223132666,5.93445495724637,2.94823254259029e-09,1.56119593305748e-08,"","NBS1",""
"Os10g0489900",28.8885321528896,2.82031284367452,0.497744840214638,5.66618197881939,1.46014450409963e-08,7.19244540319612e-08,"","B1288B10.10",""
"Os10g0490666",29.14954393995,1.27966127395526,0.397444102684174,3.2197264101114,0.00128312991247519,0.00322435191089228,"","Os10g0490666",""
"Os10g0492900",4338.63001786776,2.9808999841555,0.324399413174326,9.18898081530629,3.96580910976201e-20,4.83805279727097e-19,"","Os10g0492900",""
"Os10g0495600",645.817521886618,1.11065558416693,0.196203423624541,5.66073498438185,1.50726041700589e-08,7.41127036161045e-08,"","Os10g0495600",""
"Os10g0496000",74.1485127318047,5.09647873273713,0.518397483639134,9.83121811656956,8.26133905233275e-23,1.15579445341416e-21,"","OsDof27",""
"Os10g0497600",110.995509554813,1.55047178714812,0.312776754172173,4.95711962754955,7.15459279230963e-07,2.91226130466659e-06,"","Os10g0497600",""
"Os10g0497800",520.755929375586,1.04767000586145,0.137625025131419,7.61249638182461,2.68851723513598e-14,2.20793475422487e-13,"","Os10g0497800",""
"Os10g0497900",360.010177797332,1.01719544093884,0.177261692424267,5.73838276633527,9.55848933558598e-09,4.80191991621682e-08,"","Os10g0497900",""
"Os10g0499500",13.7885269456771,1.66107932607241,0.70132572863893,2.36848479706581,0.0178611144325517,0.0349561478906266,"","RF1b",""
"Os10g0499800",4.96802942172661,2.77755789650679,1.00484621116077,2.7641621828859,0.00570691660680618,0.0125035698559202,"","Os10g0499800",""
"Os10g0500300",373.550564569437,2.37719793806271,0.223990390182536,10.6129461006138,2.59437251614309e-26,4.36986864938663e-25,"","Os10g0500300",""
"Os10g0501000",179.868987560134,1.67525715019581,0.297601266049538,5.62920034727591,1.81047006326127e-08,8.82858034981782e-08,"","PPR8",""
"Os10g0501200",58.5921663474941,2.08411606098643,0.346350722300035,6.01735733982679,1.77287435876316e-09,9.61192734946932e-09,"","PPR9",""
"Os10g0501700",6.20484942644486,3.14315832547793,1.03853347760852,3.02653539172933,0.00247373859949843,0.00585348307513824,"","PPR11",""
"Os10g0501900",80.5647507714747,1.85349036836763,0.289875103024043,6.39409990382616,1.61495818930589e-10,9.68388650930108e-10,"","Os10g0501900",""
"Os10g0502300",33.074379553184,1.43541977923735,0.48901509908026,2.93532813595549,0.00333195130777459,0.0076903360552148,"","Os10g0502300",""
"Os10g0504600",59.12481407929,2.72642764901159,0.329462940185128,8.2753697501746,1.28057611990716e-16,1.24916671350156e-15,"","SIP24",""
"Os10g0505900",1738.3101962612,8.93698076416232,0.368184809625753,24.2730838712397,3.77315765500828e-130,1.24650036290854e-127,"","Os10g0505900",""
"Os10g0506000",31.8564747601506,3.23591592061278,0.448914258482653,7.2083161972852,5.66479680607098e-13,4.18975135713494e-12,"","PPR12",""
"Os10g0506200",240.552217525341,1.28036227743213,0.177283688883073,7.22210985961936,5.11870925345496e-13,3.80402696979165e-12,"","OsValRS3",""
"Os10g0509100",3209.82176826653,1.60926032980523,0.238134125860383,6.75778964476822,1.40112750128835e-11,9.21575155280631e-11,"","Os10g0509100",""
"Os10g0512500",921.212594408462,2.02618420289611,0.15599917139984,12.98842926353,1.42317968273882e-38,4.18790059373156e-37,"","Os10g0512500",""
"Os10g0516300",37.2972740089263,1.57773082611974,0.3809283642121,4.14180453425429,3.44583954736238e-05,0.000112088179683599,"","Os10g0516300",""
"Os10g0516500",313.480568714342,1.38874303920873,0.219930223613235,6.31447109175383,2.71086988487446e-10,1.58825308908807e-09,"","Os10g0516500",""
"Os10g0516551",136.632057440606,1.40099564390895,0.245352355331183,5.71013733297099,1.12885045006037e-08,5.61862748114619e-08,"","Os10g0516551",""
"Os10g0517500",1384.20312557146,4.1120112838077,0.383938355200612,10.7100820434029,9.12808825875239e-27,1.57278611117599e-25,"","RRJ1",""
"Os10g0521000",1701.260174281,4.36772756797655,0.295274224811583,14.7921057815447,1.64718646504972e-49,7.0609583122036e-48,"","OsTRE",""
"Os10g0521100",19.7603674654982,7.45588525513353,1.08271422362489,6.88629103824967,5.72657749671054e-12,3.90659170253296e-11,"","OsADF10",""
"Os10g0521500",8.28918356585406,1.52129596484882,0.623436834385599,2.44017658396471,0.0146800841338665,0.0293282087231744,"","Os10g0521500",""
"Os10g0522700",161.479770548457,4.14301852220991,0.483979887135924,8.56031135245576,1.12563115054066e-17,1.18126908161567e-16,"","Os10g0522700",""
"Os10g0523900",14.4598036218674,7.00677422176993,1.16837465366522,5.99702689525958,2.00962787422433e-09,1.08221147228116e-08,"","OsERF#018",""
"Os10g0524300",75.5738543971531,5.08741604567995,0.486003645074137,10.4678557398554,1.21360854786303e-25,1.99004493649255e-24,"","OsEMSA1",""
"Os10g0524600",648.272414796815,2.10314489389623,0.308396344575047,6.81961680445419,9.12836687414966e-12,6.09961019527525e-11,"","OsSub61",""
"Os10g0524700",142.608148690631,1.97704604152796,0.262953078755016,7.51862671047065,5.53545820791603e-14,4.44564323235691e-13,"","Os10g0524700",""
"Os10g0525000",33.6458898219932,1.86163075702659,0.447471837994498,4.1603305481081,3.17787324162411e-05,0.000103931052412514,"","OsCYP704A5",""
"Os10g0527900",8.46499915202752,6.23218461522117,1.25393576768775,4.9700987688654,6.69188042556557e-07,2.73198759582323e-06,"","Os10g0527900",""
"Os10g0528100",957.961765981101,2.67757956448528,0.251569489015155,10.643498839893,1.86973642452694e-26,3.17304516373316e-25,"","OsGSTU24",""
"Os10g0535600",166.345003578292,1.69065673504221,0.269564998699968,6.27179620201342,3.5690654523748e-10,2.07243343598524e-09,"","Os10g0535600",""
"Os10g0535900",25.3856439993204,2.67765047069234,0.468171742221126,5.71937652193378,1.06915637754906e-08,5.33329727532377e-08,"","EXPA30","EXP30"
"Os10g0536500",3746.51455296057,2.44674309938505,0.201736190133432,12.1284292013581,7.46679481671699e-34,1.82120406426687e-32,"","OSJNBb0060I05.14","OSJNBa0040D23.6"
"Os10g0536700",4.45401747162387,5.30905559942881,1.29856869333331,4.0883902612814,4.34376947012813e-05,0.000139249031131278,"","prx128",""
"Os10g0542100",64.277788768924,7.72184938414006,1.06103493819625,7.27765797916811,3.39665138238478e-13,2.56035385766193e-12,"","OsMT4",""
"Os10g0542400",71.8951572526841,3.204327345983,0.429462387433942,7.4612525793679,8.57037772463701e-14,6.77563014943622e-13,"","EXLA2","EXPL2"
"Os10g0542550",3.14789846525154,4.02797117166,1.49058907880228,2.70226800192079,0.00688682268067085,0.014801770086657,"","Os10g0542550",""
"Os10g0544900",217.836888686481,1.4693109389328,0.300494829407111,4.88963800752184,1.01021577468338e-06,4.03126368969723e-06,"","OsPP2C72",""
"Os10g0544950",23.6316607696234,1.96884833378842,0.651348997135257,3.02272413475379,0.00250510493830143,0.00592317826665659,"","Os10g0544950",""
"Os10g0544966",7.06185232505591,1.73196983613905,0.765175091069904,2.26349479531191,0.0236052050887159,0.0447748495974792,"","Os10g0544966",""
"Os10g0545600",14.4192828151049,3.885394209223,0.749221702525968,5.18590718357938,2.14965857087836e-07,9.32459566012836e-07,"","Os10g0545600",""
"Os10g0546400",314.948363296386,7.20842550174062,0.47638211544921,15.1316039539884,1.0022254378397e-51,4.68530937233099e-50,"","SMR1",""
"Os10g0547900",426.294703063542,1.37619569032908,0.187135852394027,7.35399268885903,1.92372260420761e-13,1.47979121280509e-12,"","Os10g0547900",""
"Os10g0548100",1273.57847047964,7.99971153583541,0.359407329169756,22.2580645595487,9.42284552150582e-110,1.92950283873016e-107,"","OSJNBa0082M15.6",""
"Os10g0548850",12.4930121220488,2.11063019305875,0.639708030495069,3.29936485465929,0.000969038742667382,0.00249634777781968,"","OsPUB58",""
"Os10g0548900",48.7347010205704,1.98118306978073,0.333123396817238,5.94729487243931,2.72610063945144e-09,1.44976594856596e-08,"","MURE",""
"Os10g0550500",29.0526727268603,1.1116688029732,0.474858062089508,2.34105492087792,0.0192293381852242,0.0373419007927973,"","Os10g0550500",""
"Os10g0552400",309.244740787145,1.43142241594195,0.162985223535746,8.78252877708268,1.59839658007729e-18,1.77355450356359e-17,"","OsPUB67",""
"Os10g0564500",1227.04188109364,1.56870317546686,0.108223138333161,14.4950811779055,1.30148426078969e-47,5.18438513337398e-46,"","Os10g0564500",""
"Os10g0565000",488.053082639973,1.82350081445114,0.124691065131322,14.6241497939781,1.97016611743826e-48,8.08192150525958e-47,"","Os10g0565000",""
"Os10g0565150",543.288483295109,3.67097596606825,0.379247082432969,9.67964194350022,3.68002540372878e-22,4.98251308350753e-21,"","Os10g0565150",""
"Os10g0566400",30.9768700045524,2.8807456333011,0.437279258426175,6.58788537940099,4.46134836853302e-11,2.80958267489417e-10,"","Os10g0566400",""
"Os10g0568000",36.0702911601169,1.20551153572656,0.400237016568329,3.01199410804811,0.00259537634988067,0.00611910170529958,"","Os_F0772",""
"Os10g0571300",22.1694359705426,2.22327463056611,0.596043708796139,3.73005301080448,0.000191439488292342,0.000555746479369579,"","OsRLCK308",""
"Os10g0571600",11.9645585696877,2.4888938042522,0.883481782942524,2.817142189353,0.00484530695856609,0.010798971891013,"","ONAC121",""
"Os10g0572900",68.0084942407399,3.34106380993792,0.514678893967353,6.49155006956598,8.49576654964107e-11,5.22461175975321e-10,"","Os10g0572900",""
"Os10g0576600",836.657969785183,7.3107019188887,0.599793100579507,12.1887062585836,3.57044583320402e-34,8.82003354030868e-33,"","Os10g0576600",""
"Os10g0578300",136.989832994884,1.36957128978833,0.197962444175717,6.91833895813419,4.56969866340924e-12,3.14422171017192e-11,"","Os10g0578300",""
"Os10g0580800",183.095941258103,1.1798946455608,0.209453246173549,5.63321250501488,1.76883276873449e-08,8.63403654667739e-08,"","OsClpP4",""
"Os11g0100200",134.177938941518,1.24492663027237,0.207011909531876,6.0137923131455,1.81232674012138e-09,9.81294135489235e-09,"","Os11g0100200",""
"Os11g0102600",53.1141404517669,2.33556398033184,0.65770884992453,3.55106059558092,0.000383682069435061,0.0010598094352723,"","OsTON1b",""
"Os11g0105350",45.59005337072,3.10676594257481,0.475771743077877,6.52995052307315,6.57914213302428e-11,4.09165172263912e-10,"","Os11g0105350",""
"Os11g0106700",3698.61017639967,1.73276002580359,0.58009619956916,2.98702185446228,0.0028170958328001,0.00659727631845824,"","OsFER1",""
"Os11g0107000",6.07310757143838,1.78296598140108,0.763881073610003,2.3340884373205,0.0195910916208078,0.0379610915061199,"","OsTBL2",""
"Os11g0107600",61.0604570017341,1.67910423066227,0.30902541649857,5.43354734276378,5.52446175387467e-08,2.55229514965043e-07,"","Os11g0107600",""
"Os11g0109800",20.2876722247793,3.20630709263682,0.57719765872624,5.55495512527285,2.77683089035042e-08,1.33052676407295e-07,"","Os11g0109800",""
"Os11g0110000",197.872818347955,1.04568160439028,0.166833320193475,6.26782229819329,3.66132259534881e-10,2.12252199216091e-09,"","Os11g0110000",""
"Os11g0112400",16.6087061912057,1.75518286924195,0.536324571784126,3.27261319279703,0.0010655819564968,0.00272236850767224,"","prx130",""
"Os11g0113700",1236.84301032459,3.2697106761713,0.708780799891419,4.61314792481992,3.9661582141239e-06,1.47043995318491e-05,"","CIPK15",""
"Os11g0114800",53.2235376970784,1.03446319212464,0.392099426406216,2.6382675476116,0.00833308084142292,0.0175792885489941,"","Os11g0114800",""
"Os11g0115350",1838.34363947542,1.77817529429979,0.380190439500745,4.67706472744249,2.91010421620762e-06,1.09646673000268e-05,"","LTP2-A",""
"Os11g0115400",8729.10559966284,3.60548630311412,0.238260453415535,15.132541936475,9.88039985782682e-52,4.62772527934547e-50,"","Os11g0115400",""
"Os11g0116400",545.780203433863,2.01242108081878,0.269452792315611,7.46854788003689,8.10846129868841e-14,6.43130589173964e-13,"","Os11g0116400",""
"Os11g0118200",18.6974851994548,2.18121089628898,0.576036805889406,3.78658251345793,0.000152733393431678,0.000450992168878167,"","Os11g0118200",""
"Os11g0119100",2153.15864327952,1.43538397973358,0.143004545733328,10.0373311377825,1.04462254403125e-23,1.52250663373307e-22,"","Os11g0119100",""
"Os11g0121500",401.625837291411,4.2389184199212,0.243808098752626,17.3862904538791,1.04801592377004e-67,8.29606726621412e-66,"","Os11g0121500",""
"Os11g0121600",259.637582698545,1.53905048723451,0.210055358527631,7.32688039011423,2.35571894185778e-13,1.7981407339005e-12,"","Os11g0121600",""
"Os11g0122150",2.30220574755794,4.3547930376408,1.46999705643521,2.96245017537744,0.00305201199983034,0.0070944461318882,"","Os11g0122150",""
"Os11g0124500",43.7674650270105,3.5101920407239,0.464647728433789,7.5545231923459,4.20397053194034e-14,3.40397966895052e-13,"","Os11g0124500",""
"Os11g0125500",185.530098605049,1.11103486624757,0.250936613147014,4.42755185189599,9.5308665418288e-06,3.34911757632807e-05,"","Os11g0125500",""
"Os11g0126900",59.2240720550475,2.98299225235973,0.487100755185958,6.12397377873276,9.12699230812454e-10,5.08635826402163e-09,"","NAC122",""
"Os11g0130300",34.5070801780797,5.18350664632607,0.711384440275834,7.28650551355356,3.18097779675585e-13,2.40289898994572e-12,"","Os11g0130300",""
"Os11g0131200",178.935257716771,2.81960132759604,0.287844906982718,9.79555746583119,1.1764664900438e-22,1.63392994528112e-21,"","Os11g0131200",""
"Os11g0131400",3.29835119757002,4.07440179924986,1.34014194979918,3.04027629301539,0.00236361208616637,0.00561326719629484,"","Os11g0131400",""
"Os11g0131800",187.66246206659,3.52289967427033,0.317499852034873,11.0957521765503,1.315487033857e-28,2.49378900060251e-27,"","Os11g0131800",""
"Os11g0131900",888.057532076475,1.57677871949681,0.181257116640293,8.69912723275825,3.34446377577128e-18,3.64405360476188e-17,"","OsARAF3",""
"Os11g0132600",889.627450098384,3.32268068241864,0.209610292399339,15.8517057744876,1.36816157174824e-56,7.75719433940645e-55,"","OsWD40-181",""
"Os11g0132700",339.674028811014,1.32125719212748,0.174798651019373,7.55873792173055,4.06999004456304e-14,3.2987289281694e-13,"","Os11g0132700",""
"Os11g0133001",6.82747994469001,3.74820367804598,1.21598685176144,3.08243766996037,0.00205312722510359,0.0049508840152206,"","Os11g0133001",""
"Os11g0133700",34.4188217341918,1.54652483108846,0.340795665455665,4.53798269124304,5.67949207364098e-06,2.06608097355165e-05,"","Os11g0133700",""
"Os11g0136400",58.6567847375263,1.37267420246528,0.390622405449287,3.51406929893448,0.000441297669992125,0.00120671364853712,"","OsZIFL8",""
"Os11g0136450",55.1553028759146,1.04841190392228,0.300809818716491,3.4852981474996,0.000491588962057791,0.0013343667520712,"","Os11g0136450",""
"Os11g0138300",27.2613135245337,1.48487186622098,0.473517422871138,3.13583364518578,0.0017136637879101,0.00419933218010568,"","Os11g0138300",""
"Os11g0142500",1772.49055174695,1.40793303190436,0.151081139763985,9.31905222653073,1.17384140688553e-20,1.47710861038105e-19,"","OsIPMS1",""
"Os11g0145100",59.4659587007428,1.48391997026803,0.315630573920086,4.70144559140124,2.58326100659891e-06,9.78227998784978e-06,"","Os11g0145100",""
"Os11g0147150",42.0036058838805,4.71857697016335,0.550962737585131,8.56423973578481,1.08791273491863e-17,1.14265425320385e-16,"","Os11g0147150",""
"Os11g0147200",10.9838999594668,2.60731560002828,0.878214653044815,2.96888191399287,0.00298885430376842,0.00695807977867803,"","Os11g0147200",""
"Os11g0149200",66.6631276280533,6.18801810425771,0.696366206683383,8.88615507884808,6.32600432475491e-19,7.17014680486973e-18,"","Os11g0149200",""
"Os11g0151200",12.2966245077792,1.7861131604398,0.559377517307137,3.19303709065429,0.00140784861951886,0.00350832683687375,"","Os11g0151200",""
"Os11g0151800",44.0147631991447,3.85740607593445,0.466205941267886,8.2740388624047,1.29495924501975e-16,1.26269992970698e-15,"","OsPAP20a",""
"Os11g0152400",37.2153427543305,1.27124017936203,0.304768449939248,4.17116725702886,3.03043321192516e-05,9.94458036983708e-05,"","Os11g0152400",""
"Os11g0152500",6.0347412942179,2.46319974514187,1.06191427437288,2.31958436249152,0.0203633725903083,0.0392457438293458,"","Os11g0152500",""
"Os11g0153000",138.789292808451,1.68083410535375,0.266869680768669,6.29833295604213,3.00863714275548e-10,1.75565243725983e-09,"","Os11g0153000",""
"Os11g0154900",110.690724567867,6.68891980878297,0.580638883460757,11.5199308887398,1.04694938368601e-30,2.21522330312453e-29,"","OsbZIP80",""
"Os11g0155000",246.928235836477,1.06810225770071,0.183192772372738,5.83048252322679,5.5267327350233e-09,2.83746077446482e-08,"","Os11g0155000",""
"Os11g0157000",6.52219900155156,1.99528649311937,0.86773405830521,2.29942166499308,0.0214810068778673,0.0411723452783258,"","Os11g0157000",""
"Os11g0157600",2813.76078909522,1.37991583675406,0.11291700537382,12.2206201996391,2.41237238722685e-34,5.99512042510728e-33,"","OsPRR59",""
"Os11g0160100",762.402602079076,1.57806355117817,0.207375990284052,7.60967337162139,2.74789477962703e-14,2.25371032621049e-13,"","Os11g0160100",""
"Os11g0160400",108.553483130585,6.87932162671154,0.658997314292637,10.4390738437163,1.64406829317133e-25,2.67466054497086e-24,"","Os11g0160400",""
"Os11g0161166",15.6413953920965,1.80515970438154,0.551107267468248,3.27551424366863,0.00105469795715967,0.0026976619474084,"","Os11g0161166",""
"Os11g0167300",153.542637620555,2.18832693752067,0.31356566675737,6.97884739790071,2.97611523187437e-12,2.07950386633253e-11,"","Os11g0167300",""
"Os11g0168000",1.95391937141744,3.28135387047908,1.45809123393912,2.25044482409671,0.024420722313014,0.0461323754764828,"","Os11g0168000",""
"Os11g0175400",30.9016026370758,1.86406192859894,0.349974934649547,5.32627266711413,1.00248608880335e-07,4.51200687053237e-07,"","OsNIN6",""
"Os11g0175500",74.1435188954503,1.75172972374597,0.29378218806244,5.9626818606636,2.48131241869499e-09,1.32584597364688e-08,"","OsSADR1",""
"Os11g0180000",60.8719647964714,1.71353467661239,0.340015080946644,5.03958433797023,4.66544003454645e-07,1.94310989638523e-06,"","Os11g0180000",""
"Os11g0180600",39.0594449824085,2.44245436087638,0.378056627048252,6.46055163732031,1.04321987082255e-10,6.36646766979566e-10,"","Os11g0180600",""
"Os11g0181200",259.220596719181,9.1468782569336,0.871004490084803,10.5015282481989,8.49928255007716e-26,1.40391149162175e-24,"","Os11g0181200",""
"Os11g0181900",52.7256621387705,1.34838520954617,0.31074480908433,4.33920429280684,1.42999542600903e-05,4.90462301636569e-05,"","Os11g0181900",""
"Os11g0183900",133.288995228681,1.51401364111063,0.275749051108845,5.49054887051276,4.00686599668173e-08,1.88490827415575e-07,"","OsAsp2",""
"Os11g0185800",44.2602882881039,2.0810399048717,0.344770064590826,6.03602260927578,1.5795913120117e-09,8.59410055724942e-09,"","Os11g0185800",""
"Os11g0186200",3861.35621117958,2.07538837660256,0.20591127290764,10.0790420422172,6.83896146450139e-24,1.01163551167732e-22,"","OsALDH3H2",""
"Os11g0189600",1.72310270305106,3.93423991751871,1.6209444833991,2.4271281082179,0.0152188808251611,0.0302849739141448,"","OsOSC7",""
"Os11g0189900",28.4218119041126,2.78360549481081,0.482861943337386,5.76480613810943,8.17517568428857e-09,4.13380261080853e-08,"","Os11g0189900",""
"Os11g0197500",7.93589364709594,1.66906253248125,0.726793248923921,2.29647500847378,0.0216487365082601,0.0414617565482848,"","Os11g0197500",""
"Os11g0199200",7539.52053151757,1.82169637932295,0.169138435738293,10.7704459448925,4.74696357357409e-27,8.25372045350493e-26,"","ESP2",""
"Os11g0199801",213.844825318091,1.42341699819438,0.190963540514639,7.4538678658676,9.06427814994453e-14,7.15013115954077e-13,"","Os11g0199801",""
"Os11g0200000",27.347601194382,2.71039177475209,0.425293712610837,6.37298811241121,1.85380259453141e-10,1.10545528001696e-09,"","Os11g0200000",""
"Os11g0200600",12.7972792759767,3.94187103431847,0.811062373383662,4.86013303498893,1.1730689692363e-06,4.63854609811168e-06,"","Os_F0079",""
"Os11g0201299",14.7068321632832,3.30679995497558,0.671991560677057,4.92089506547352,8.61493134670048e-07,3.4690744998732e-06,"","Os_F0390",""
"Os11g0201360",75.6131424327135,2.27972221676551,0.277453960602278,8.21657838949873,2.09391615617823e-16,2.01166966272307e-15,"","Os_F0253",""
"Os11g0201400",4.81615153930389,2.76395467348859,1.03423935346953,2.67245165658841,0.00752992233544558,0.0160434160895464,"","Os11g0201400",""
"Os11g0201900",2.65402033516505,4.5562864111797,1.48086909176445,3.07676514859993,0.00209260100234803,0.00503675685206695,"","OsFbox582",""
"Os11g0202000",138.471180045483,1.22976319817651,0.250796201204999,4.90343630512693,9.41744889023284e-07,3.77200341340606e-06,"","OsFbox583",""
"Os11g0202200",15.2513745756159,2.59394301631072,0.566584161575657,4.57821307446546,4.68964867843071e-06,1.72192390790571e-05,"","OsFbox584",""
"Os11g0205900",85.5833656795516,1.59298420241519,0.268863739676768,5.92487556830945,3.12533950119077e-09,1.65004340125727e-08,"","OsFbox586",""
"Os11g0206400",28.8523403975133,2.94364347015535,0.465477726997057,6.3239190608447,2.55011335625372e-10,1.49832010025844e-09,"","Os11g0206400",""
"Os11g0206600",62.9443906558852,2.67018351581917,0.295838227277214,9.02582313446966,1.78349448289606e-19,2.08343436127844e-18,"","Os11g0206600",""
"Os11g0207300",28.0993474391443,1.51596295983215,0.394341807777111,3.84428668209839,0.000120903601412198,0.000362359807933957,"","Os11g0207300",""
"Os11g0208300",21.18441942674,3.43081310900826,0.58573933602017,5.85723528885572,4.7063612667848e-09,2.43392847228401e-08,"","Fbox-9-pseudo",""
"Os11g0208400",14.4576294314332,3.90839905572303,0.760063005787533,5.14220403566856,2.7153398994035e-07,1.16357621389693e-06,"","OsFbox589",""
"Os11g0208600",15.2266684841289,3.71440676657145,0.818922258809423,4.53572573783936,5.74057400695806e-06,2.08707560044607e-05,"","Os_F0761",""
"Os11g0208651",9.72665939091662,2.15411209488185,0.746883584294673,2.88413367247334,0.00392492110843794,0.00891854093027943,"","Os11g0208651",""
"Os11g0209200",11.483737401747,2.52363209798613,0.704446343221304,3.58243338512628,0.000340408438542191,0.000948206844492397,"","OsFbox592",""
"Os11g0209450",12.1012306701519,3.16033439789694,0.710230019606491,4.4497336224227,8.59768598764196e-06,3.03713809118627e-05,"","Os11g0209450",""
"Os11g0209600",35.4272743309546,3.56820493045175,0.519894530966308,6.86332461282034,6.72761108584774e-12,4.55437212770627e-11,"","OsFbox594",""
"Os11g0210201",190.843179335895,1.69135494978553,0.422184945710384,4.00619436332481,6.1704879725795e-05,0.000192965013879342,"","RZ53",""
"Os11g0210300",1805.68228592846,2.55534030214106,0.254344698551671,10.046760623249,9.49369739938795e-24,1.38939953021049e-22,"","ADH1","adh1"
"Os11g0210500",37.0577969256942,1.706902246853,0.348765201455781,4.89413003283646,9.87415387369774e-07,3.94803951879643e-06,"","Adh2*",""
"Os11g0213500",43.5951191294977,1.50527543425877,0.343047723310001,4.38794760021917,1.1442533385779e-05,3.97743616301132e-05,"","SMK1",""
"Os11g0213700",897.919725914738,1.83525025025204,0.242602515624522,7.56484427017434,3.8832954866062e-14,3.15360249988993e-13,"","Os11g0213700",""
"Os11g0213733",35.4852662772456,4.84473155636606,0.694256922662263,6.97829780045691,2.98777825491818e-12,2.08706461297175e-11,"","Os11g0213733",""
"Os11g0213800",207.087088838541,1.7216784839832,0.365157229566196,4.71489633665076,2.41833839156379e-06,9.19287669956674e-06,"","Os11g0213800",""
"Os11g0216400",769.511522366266,1.13098181605235,0.170779386526458,6.62247264764085,3.53239439430293e-11,2.24530877136079e-10,"","Os11g0216400",""
"Os11g0220400",26.5356964782928,1.73329812598891,0.387936826858707,4.46799067782293,7.89577458799831e-06,2.80598977290353e-05,"","Os11g0220400",""
"Os11g0222200",98.6142388720031,1.66750109693926,0.211619927258824,7.8796979024561,3.28173537802903e-15,2.88338856246189e-14,"","OsSRP-PLP",""
"Os11g0234200",31.1089429511035,1.13909411765434,0.435087494632915,2.61808057392087,0.00884259228320684,0.0185624764043901,"","Os11g0234200",""
"Os11g0247500",7.15785520760426,4.47373295607311,1.16360348757816,3.84472288355236,0.000120688747201138,0.000361759628526807,"","Os11g0247500",""
"Os11g0250100",5.28532469055742,3.34778282801184,1.17160762841574,2.8574266220328,0.00427091370708834,0.0096207313020253,"","Os11g0250100",""
"Os11g0256100",111.934559210712,1.34527360277164,0.25554628624127,5.26430504061999,1.4072063794049e-07,6.22724637658781e-07,"","Os11g0256100",""
"Os11g0256200",85.9564546960653,1.50287862411954,0.279826444499521,5.37075267066873,7.84086870627108e-08,3.56595455094124e-07,"","Os11g0256200",""
"Os11g0256900",2886.49741534535,1.12184497603836,0.253720164117996,4.42158383405676,9.79800345958275e-06,3.43276487157921e-05,"","Os11g0256900",""
"Os11g0260100",36.1384461435733,3.77523043526461,0.689847720817266,5.47255621978729,4.43589966768115e-08,2.07452408580853e-07,"","Os11g0260100",""
"Os11g0261600",26.1202069892409,2.89132505761702,0.512317348875327,5.64362121244625,1.66510200213746e-08,8.15018417758988e-08,"","OsSub62",""
"Os11g0275500",128.57196995415,1.24621621849853,0.198982845167525,6.26293295509636,3.77803084615564e-10,2.1871091185794e-09,"","Os11g0275500",""
"Os11g0276000",66.9604042816251,1.47504623799902,0.240951213265987,6.12176306566552,9.25455695474359e-10,5.15512944396767e-09,"","OsSEC3B",""
"Os11g0289700",179.923381453509,3.75162230632876,0.42944491926199,8.73598018757796,2.41552313721792e-18,2.6505499012776e-17,"","Os11g0289700",""
"Os11g0293300",119.382129679166,1.55009020324771,0.238760811319582,6.49223042374784,8.45747672384906e-11,5.20235602747786e-10,"","Os11g0293300",""
"Os11g0294300",54.6663459559175,2.78641309577334,0.346085850675792,8.051219344369,8.19732076200208e-16,7.55880225233068e-15,"","Os11g0294300",""
"Os11g0303701",12.6437584775713,4.25154050922783,1.00197648817405,4.24315396559416,2.20400111139079e-05,7.3636105092947e-05,"","Os11g0303701",""
"Os11g0303800",164.870076563794,5.98611573271041,0.555653889287728,10.773101472184,4.61198328174606e-27,8.03594302192841e-26,"","Os11g0303800",""
"Os11g0311300",153.731412327998,1.02112120553412,0.220735635895657,4.62599163651496,3.72810342403825e-06,1.38591475675012e-05,"","Os11g0311300",""
"Os11g0406945",6.87162841338463,3.37090579363647,1.05425050737385,3.19744289432067,0.0013865186147288,0.00346168598520107,"","Os11g0406945",""
"Os11g0427700",25.7502605589441,4.26829832365596,0.785684505793397,5.4325855889773,5.55432976599121e-08,2.5656157459352e-07,"","Os11g0427700",""
"Os11g0432800",119.418091241009,1.28591814890278,0.228612679845333,5.62487675562335,1.85640464751639e-08,9.03834504844047e-08,"","Os11g0432800",""
"Os11g0432900",1192.14037142365,1.70473831023943,0.183089264725351,9.31096813784616,1.26672383412836e-20,1.58995017417418e-19,"","OsSCP56",""
"Os11g0433101",44.2358163493173,3.59885638927653,0.418376817149557,8.60194982550875,7.83730577054588e-18,8.319833979298e-17,"","Os11g0433101",""
"Os11g0433600",686.790427888243,1.9149760207273,0.205288974475437,9.32819712125564,1.0768699035605e-20,1.35922596029131e-19,"","Os11g0433600",""
"Os11g0435900",18.0178131773775,2.15641246929197,0.671193025691656,3.21280523895464,0.00131445391469077,0.00329771411951127,"","Os11g0435900",""
"Os11g0444800",27.4411988394225,3.8481000760807,0.659266081617833,5.836945329627,5.31665312936562e-09,2.73413687393715e-08,"","Os11g0444800",""
"Os11g0444900",393.466327770071,1.36126420412639,0.196536790297768,6.92625641267453,4.32122932740222e-12,2.97822250473004e-11,"","Os11g0444900",""
"Os11g0447300",90.5512750505092,3.01473260384028,0.339199357270775,8.88778984753115,6.23364417252734e-19,7.06982081529722e-18,"","OsRALF-1",""
"Os11g0451700",1736.73301022309,10.8988310750401,1.05583368890733,10.322488465318,5.57589447170733e-25,8.81646058235434e-24,"","OsLEA25",""
"Os11g0453900",529.979025224714,9.18220276309789,0.662204416821323,13.8661152505956,1.01634044193529e-43,3.55676089404388e-42,"","RAB16D",""
"Os11g0454000",2110.9725858526,8.83788424447228,0.33626818916768,26.2822488988552,3.06026937093674e-152,1.68498431563777e-149,"","RAB16C",""
"Os11g0454200",23497.2895783431,9.91682177695381,0.211915298473129,46.7961579385986,0,0,"","RAB16B",""
"Os11g0454300",29375.9562871813,10.1958139462426,0.189083654144672,53.9222387697331,0,0,"","Rab16A",""
"Os11g0454650",3.07003975954885,4.76782839805646,1.83327181420589,2.60072094116699,0.00930280934985053,0.0194347139343378,"","Os11g0454650",""
"Os11g0458100",4.61639554662637,3.79656014266038,1.27278188134902,2.98288355475049,0.00285546611473571,0.00667325824606742,"","Os11g0458100",""
"Os11g0458500",3.69082606269812,5.03620972723409,1.40084396742725,3.59512539892893,0.00032423536298352,0.000906622230971976,"","Os11g0458500",""
"Os11g0460500",6.22166554356218,3.18307276764588,1.07409895649781,2.96348185461845,0.00304179995107091,0.00707336249532463,"","Os11g0460500",""
"Os11g0460700",10.2656268013715,2.60084260947884,0.942197358855565,2.76040108267544,0.00577304375976784,0.0126303492481914,"","Os11g0460700",""
"Os11g0461000",37.7928235404539,2.0666237477934,0.577588756420581,3.57801935169345,0.000346207824125142,0.00096316991447885,"","OsSCP61",""
"Os11g0461200",35.6139845228747,3.60829249457577,0.493980467759212,7.30452463220592,2.78248695071095e-13,2.11283111179176e-12,"","Os11g0461200",""
"Os11g0463700",72.6703513491097,1.31748400793124,0.30437630935663,4.32847093361519,1.50148143932299e-05,5.13488000305118e-05,"","Os11g0463700",""
"Os11g0466966",253.233198502847,1.04462283949476,0.194735497619212,5.36431648192581,8.12563255422097e-08,3.68869178812629e-07,"","Os11g0466966",""
"Os11g0479100",8.29947823808437,2.29513994710967,0.749723233375361,3.06131628971484,0.00220366174920406,0.00527559253204002,"","Os11g0479100",""
"Os11g0483900",75.359124892593,1.02035644441231,0.235188305754214,4.33846589922987,1.434807418452e-05,4.92044614629552e-05,"","Os11g0483900",""
"Os11g0483950",60.9637301328015,1.0091185910894,0.302948405583137,3.33099158963051,0.000865372169149103,0.00224775408690715,"","Os11g0483950",""
"Os11g0490100",26.6401146963603,3.50302672576787,0.576829197222699,6.07290120304962,1.25619747441766e-09,6.89211798574988e-09,"","Os11g0490100",""
"Os11g0491600",43.7076602799013,1.19862537830357,0.369584984669177,3.2431657887197,0.00118209404584432,0.0029920057384702,"","Os11g0491600",""
"Os11g0494100",83.865555477741,2.88644290969315,0.33437992861372,8.63222539002217,6.01696704817057e-18,6.43706358171512e-17,"","Os11g0494100",""
"Os11g0498600",194.712876689633,1.85150438695663,0.263192959083428,7.03477932466171,1.99576611235571e-12,1.41404337906312e-11,"","Os11g0498600",""
"Os11g0503900",21.6512695903954,1.75650555596842,0.451199088605314,3.89297230497049,9.90234607523486e-05,0.000300785127750514,"","Os11g0503900",""
"Os11g0505300",82.596990684769,5.061594176922,0.513546470117866,9.85615610552302,6.44704125925442e-23,9.08120189201517e-22,"","STV11",""
"Os11g0506800",3.33580224457954,3.28023411704484,1.32970294881542,2.46689241380345,0.0136291300312987,0.0274521546854312,"","OsBAG5",""
"Os11g0515000",13.4605904605431,1.84180985351592,0.691552304742789,2.66329797599466,0.00773788598765158,0.0164454967503897,"","Os11g0515000",""
"Os11g0525600",3062.89868100273,2.13271606481436,0.257485292728198,8.28286556570695,1.20246139347201e-16,1.17528149688584e-15,"","Os11g0525600",""
"Os11g0531800",35.6730894218323,1.86112758491326,0.382179384186707,4.869774932716,1.11725432226506e-06,4.4312806695632e-06,"","Os11g0531800",""
"Os11g0532000",16.7092747788929,1.85058051573797,0.480979200411593,3.84752711583859,0.00011931607480254,0.000357818250469926,"","Os11g0532000",""
"Os11g0532900",4.72257586611918,2.76330141672917,1.13652138161063,2.43136773442232,0.0150419391832579,0.0299713813545301,"","Os11g0532900",""
"Os11g0533400",1929.59264499592,6.97127678859658,0.256704308829283,27.1568358957025,2.10253887881064e-162,1.27060014147052e-159,"","Os11g0533400",""
"Os11g0537300",433.809834928108,1.02016758874723,0.237316055443031,4.29877189237257,1.71747120154744e-05,5.83168205574084e-05,"","Os11g0537300",""
"Os11g0541600",105.82897552071,1.51079156202634,0.41072572412254,3.67834657849578,0.000234750831346684,0.000671797337523307,"","Os11g0541600",""
"Os11g0544100",31.3612653222751,1.04445568890828,0.373119419427563,2.79925309304639,0.0051220972442553,0.0113515387675236,"","Os11g0544100",""
"Os11g0546500",74.1226636176042,3.02657369771912,0.367695008473714,8.23120691869681,1.85336502661778e-16,1.78680253947504e-15,"","OsGT6",""
"Os11g0547000",3142.11594541379,6.25186155999007,0.209978371864654,29.7738357739998,8.52410921904378e-195,9.60008427819308e-192,"","FKF1",""
"Os11g0549605",13.0922561757184,3.76560731611337,0.783860202105549,4.80392716200984,1.55583447121473e-06,6.06019661897303e-06,"","Os11g0549605",""
"Os11g0549610",23.9780212182906,5.26487379474815,0.810346550510282,6.4970644860928,8.19023618063323e-11,5.04548686841247e-10,"","Os11g0549610",""
"Os11g0549635",129.459253457184,1.14357536013018,0.235155019902371,4.86307015944187,1.1557885621405e-06,4.57459635849123e-06,"","Os11g0549635",""
"Os11g0552100",30.0744698190614,1.43846098331906,0.516331649655145,2.78592448144482,0.00533753050245729,0.0117689768852349,"","Os11g0552100",""
"Os11g0552600",39.154537373418,2.0949712699318,0.35658354486659,5.87512043135811,4.22536055057595e-09,2.19571640859103e-08,"","Os11g0552600",""
"Os11g0557300",198.548483561701,1.42537416372434,0.215851227014825,6.60350271544409,4.01554937344804e-11,2.54068607829219e-10,"","Os11g0557300",""
"Os11g0557400",17.8932755832614,2.46493212981732,0.542585076071271,4.54294126124018,5.5474713094872e-06,2.01953712364332e-05,"","Os11g0557400",""
"Os11g0557900",539.570889210682,1.1501625855163,0.156504749525439,7.34905866437844,1.99607573716285e-13,1.53306784065976e-12,"","Os11g0557900",""
"Os11g0559200",8.71156993209235,2.42619472281771,0.683893162610827,3.54762242914592,0.000388725040317604,0.0010724240423059,"","Xa21*",""
"Os11g0568300",107.605889423053,2.21686220945682,0.276543887504427,8.01631245391866,1.0896710131795e-15,9.94796562031998e-15,"","Os11g0568300",""
"Os11g0579800",162.884622900981,1.1330098213059,0.233990520311551,4.84211847470289,1.28462128340642e-06,5.0578518256731e-06,"","Os11g0579800",""
"Os11g0582300",1568.41971505207,2.16607019064829,0.191837145322696,11.2911927823189,1.45054678473697e-29,2.90778298425791e-28,"","Os11g0582300",""
"Os11g0583200",28.641814275777,3.86132630089351,0.513929881204919,7.51333293141188,5.76406895813768e-14,4.6203926423739e-13,"","Os11g0583200",""
"Os11g0586800",20.7550726552749,1.2340881067194,0.446900548145457,2.76143789001961,0.00575474611870235,0.012594765884912,"","Os11g0586800",""
"Os11g0591000",47.0487203665686,5.06485368317095,0.569394383241936,8.89515919411325,5.83356138119586e-19,6.63627871174884e-18,"","Os11g0591000",""
"Os11g0592000",101.232307344277,4.15130429521658,0.502089523220588,8.26805600042911,1.36160936920824e-16,1.32664551084831e-15,"","OsPR4c",""
"Os11g0592600",9.01606099714834,1.75554632233356,0.704855717632224,2.49064635274699,0.0127510968336805,0.0258856146045148,"","Os11g0592600",""
"Os11g0594600",14.3538006749772,3.60596938090225,0.769199783688988,4.68794903140567,2.75956721542668e-06,1.04180705312551e-05,"","OsFbox622",""
"Os11g0595100",13.4541637361503,2.31512428823645,0.666584671071748,3.47311360237874,0.000514457548881289,0.00139141083818706,"","Os11g0595100",""
"Os11g0598800",32.4924605287382,3.10839053836421,0.63610322199954,4.88661341565482,1.02585242609433e-06,4.09102616470936e-06,"","Os11g0598800",""
"Os11g0601700",1576.84151947423,1.21573969627919,0.229747654709851,5.29163049701008,1.21230639163373e-07,5.40725750954257e-07,"","OsbHLH061",""
"Os11g0601950",3.8023875145949,2.97765437587122,1.25485244973342,2.37291195192215,0.0176484704250629,0.034572750768642,"","Os11g0601950",""
"Os11g0604700",144.492312929638,1.10239638309712,0.257860407010275,4.2751673119526,1.90993808532491e-05,6.44276714243522e-05,"","Os11g0604700",""
"Os11g0605500",1211.1091051019,1.67700817824957,0.272908157331396,6.14495438556334,7.99864974666268e-10,4.47922544651043e-09,"","ACX2",""
"Os11g0614800",11.3939480695361,2.53002065795344,0.660292250600723,3.83166795559341,0.000127277440749216,0.000380221021153041,"","OsiICK3",""
"Os11g0615600",83.8171177040089,1.24585279212036,0.270905189648219,4.5988517006195,4.24826048614939e-06,1.5689245798975e-05,"","Os11g0615600",""
"Os11g0616900",8.16766441991565,1.52056469103709,0.640468650241458,2.37414382493794,0.0175896974178242,0.0344766974860715,"","Os11g0616900",""
"Os11g0618800",4.85655897698988,2.54479991991036,1.14090340779187,2.23051303250607,0.0257134032335698,0.0482506052649317,"","Os11g0618800",""
"Os11g0619500",27.6977477346393,1.58067871068141,0.55882781018258,2.82856128825259,0.0046757747189888,0.0104559269144752,"","Os11g0619500",""
"Os11g0621000",482.029576038287,1.8933814152223,0.24179484346326,7.83052850963709,4.85823352111474e-15,4.21619796681821e-14,"","Os11g0621000",""
"Os11g0621300",580.709132071921,4.81236983175961,0.311848692090646,15.4317460801176,1.00124295100538e-53,5.14684576702495e-52,"","Os11g0621300",""
"Os11g0630501",37.0448409840416,1.17937881742133,0.328599282980866,3.58910952794137,0.000331809421699501,0.000925919815457656,"","Os11g0630501",""
"Os11g0634200",1028.55183145533,1.24755026644001,0.276488247920444,4.5121276431213,6.41805428586657e-06,2.31706441848923e-05,"","Os11g0634200",""
"Os11g0634800",6.92249815751157,2.40709434000958,0.803674119935922,2.99511242218612,0.00274343706439157,0.00643816443876017,"","Os11g0634800",""
"Os11g0638000",1885.76737352764,1.66122731646459,0.135151918847101,12.2915555371726,1.00552295898722e-34,2.53447022938212e-33,"","Os11g0638000",""
"Os11g0639400",40.9705574362695,1.13438021998787,0.37822031495825,2.99925777417082,0.00270638225732427,0.00635843288353153,"","Os11g0639400",""
"Os11g0643800",35.4726043569753,1.33944119409824,0.399498556700728,3.35280609061534,0.000799967311425682,0.00209256651976289,"","Os11g0643800",""
"Os11g0645200",308.355032303932,1.16607441951222,0.219588063298228,5.31028145154023,1.09456068651601e-07,4.89971637394891e-07,"","Os11g0645200",""
"Os11g0645400",26.2919987186544,1.07516753786099,0.406406653504425,2.64554610164444,0.00815591725703521,0.0172407782507944,"","Os11g0645400",""
"Os11g0658900",22.1736919223419,7.62371187306375,1.11636215662759,6.82906691865495,8.54687021042376e-12,5.72649548955299e-11,"","Os11g0658900",""
"Os11g0659200",665.628906724663,11.0891572688363,1.03733350595116,10.690059855599,1.13297837337762e-26,1.94537804277043e-25,"","Os11g0659200",""
"Os11g0660500",48399.1594810758,1.60095131862958,0.119583240116902,13.3877566543984,7.130198948961e-41,2.30332385082669e-39,"","OsTCTP",""
"Os11g0668100",332.38953095986,1.16911065638704,0.236168040118136,4.95033390547775,7.40862618633336e-07,3.0101942152955e-06,"","Os11g0668100",""
"Os11g0668800",8.31545160372986,3.22164072123106,1.26746056617083,2.54180745911808,0.0110280905162017,0.0226738858783446,"","Os11g0668800",""
"Os11g0670900",194.069582818407,2.08377676948399,0.396225234775821,5.25907132255965,1.44784729897861e-07,6.40023417070347e-07,"","Os11g0670900",""
"Os11g0671000",5227.5866535126,2.0184983391661,0.227305918861244,8.88009581659096,6.6802794456573e-19,7.56477531193103e-18,"","ARP1",""
"Os11g0671100",83.2977008136427,2.42726396303145,0.310450740669555,7.81851561312602,5.3449857224713e-15,4.62566228591237e-14,"","Os11g0671100",""
"Os11g0672800",38.2466568563449,1.37490325926862,0.343786613991253,3.99929259404963,6.3532096386345e-05,0.000198403674333813,"","Os11g0672800",""
"Os11g0673000",53.4463908831836,1.08288708179832,0.393345612021205,2.75301680940053,0.00590488642993446,0.0128960221308494,"","Os11g0673000",""
"Os11g0679900",71.0749109790624,1.5508973920856,0.242148994826286,6.40472364214515,1.50641991241107e-10,9.06156012862567e-10,"","Os11g0679900",""
"Os11g0680200",61.7780992803781,1.93975357996591,0.375564552011438,5.16490059984905,2.4056672928262e-07,1.03697318222607e-06,"","Os11g0680200",""
"Os11g0684000",175.368456151927,2.35211066959436,0.390112846433487,6.02930841959697,1.64662782953585e-09,8.94900147672951e-09,"","OsJAmyb",""
"Os11g0696200",49.2253688860042,1.19905427879629,0.383083333146714,3.1300089955547,0.00174800950189815,0.00427757347442275,"","ACLA-2",""
"Os11g0697600",26.358671169065,1.71540792016669,0.618739941813506,2.77242150416036,0.00556409370489782,0.012215271108121,"","Os11g0697600",""
"Os11g0699532",168.778609746553,1.48918977422747,0.250723353190012,5.93957345927356,2.85764607486177e-09,1.51581881389103e-08,"","Os11g0699532",""
"Os11g0700900",10.9496569817545,4.49388242340703,1.13199231587066,3.96988774605823,7.19065008144057e-05,0.000222675586886456,"","C10923",""
"Os11g0704700",521.999876127277,1.08542903851815,0.14856331359198,7.30617143811973,2.74861445265418e-13,2.0896723011173e-12,"","Os11g0704700",""
"Os11g0704800",37.6310360657409,2.24519247767256,0.388502428402208,5.77909509319248,7.51034706357822e-09,3.81007103182386e-08,"","OsRhmbd18",""
"Os11g0705900",26.900839663719,1.4114811708382,0.414802903019214,3.4027755364403,0.000667050574971707,0.00177181733448478,"","Os11g0705900",""
"Os11g0707450",10.0083451081336,2.72472450629284,0.886425952133684,3.07383205527123,0.00211328362417012,0.00508012305773387,"","Os11g0707450",""
"Os11g0707900",27.4907261254017,1.09277573430862,0.372423553795124,2.93422830852898,0.00334378151252609,0.0077126116678327,"","Os11g0707900",""
"Os11g0708100",52.7353263623824,8.87070702602585,1.10357064502388,8.03818683110579,9.11775392068774e-16,8.38569372282406e-15,"","OsLAC26",""
"Os12g0105150",2.44431990370678,4.4446663436309,1.60199442762815,2.77445805489567,0.00552937639043919,0.0121498189806591,"","Os12g0105150",""
"Os12g0108100",113.995029861641,1.44772257220714,0.237642412700615,6.09202101491455,1.11494043495041e-09,6.15664790656705e-09,"","Os12g0108100",""
"Os12g0108200",443.03914925601,1.41543281236767,0.199529823209832,7.09384085846233,1.30440122580619e-12,9.35973042913408e-12,"","Os12g0108200",""
"Os12g0109300",4.91259610902307,2.14348341258115,0.882272783632487,2.4295019095523,0.0151195852714607,0.030101885437604,"","Os12g0109300",""
"Os12g0109800",1.89983563135455,4.07785212083379,1.55988247573517,2.61420471366723,0.00894354316272691,0.0187489778274714,"","OsRLCK358",""
"Os12g0109900",285.09449561974,1.52419919211953,0.195455515354165,7.79818972801912,6.28015414101749e-15,5.40852899381266e-14,"","OsRBP",""
"Os12g0111600",53.5726157454473,1.45495918996935,0.382602245845231,3.80279835199375,0.000143070806177804,0.000424077684491859,"","OsHIGD5",""
"Os12g0111700",147.173341112019,1.8292561579654,0.247779049004997,7.38261029457945,1.55215853529327e-13,1.20255885018641e-12,"","Os12g0111700",""
"Os12g0112000",72.4334972101558,2.7451693921966,0.399881810211674,6.8649518985209,6.65136612946393e-12,4.50398738971653e-11,"","Pox",""
"Os12g0113500",1139.85914680811,1.19195890896666,0.344821735998519,3.4567394816775,0.000546753148352124,0.00147280960607965,"","CIPK14",""
"Os12g0113600",20.57897183259,3.01945241088151,0.675383026780469,4.47072593055108,7.79545438186085e-06,2.77192843311375e-05,"","Os12g0113600",""
"Os12g0113700",6.51878089815165,2.88697125490193,1.03303153512831,2.794659365886,0.00519544262762134,0.0114894218122611,"","Os12g0113700",""
"Os12g0114400",80.2822201439614,2.26294768817492,0.268077942434161,8.4413796511091,3.13613717606554e-17,3.19375547930028e-16,"","Os12g0114400",""
"Os12g0115050",160.963332356499,2.20092598586885,0.401989090437454,5.47508884749522,4.37292151078013e-08,2.04738995224111e-07,"","OsLTP1.17",""
"Os12g0115100",6027.12716212431,2.68526660540736,0.174188615955953,15.4158559138353,1.28062814240946e-53,6.55581063728907e-52,"","OsLTP1.18",""
"Os12g0115950",43.1759018511061,1.62023762663825,0.331809920224655,4.88302949333538,1.0446823808507e-06,4.1614301206331e-06,"","Os12g0115950",""
"Os12g0117300",18.5717822100394,1.1235096000887,0.431630312104991,2.60294415980547,0.00924270063798475,0.0193205427914746,"","Os12g0117300",""
"Os12g0118400",95.1345951432129,1.53323336620301,0.281848589637944,5.43991853275751,5.33049409504649e-08,2.46820504939202e-07,"","Os12g0118400",""
"Os12g0121100",248.094991344453,2.13436841010876,0.205135988536658,10.4046512039858,2.36119203132117e-25,3.80385272822136e-24,"","OsRLCK359",""
"Os12g0121400",362.576944294485,1.06416758724027,0.145137289180205,7.33214457325978,2.2649855808481e-13,1.73208480668745e-12,"","Os12g0121400",""
"Os12g0123700",167.270613202242,1.59247832817885,0.357042027801126,4.46019853177023,8.1883765168793e-06,2.90497429780524e-05,"","NAC131",""
"Os12g0125200",60.865535559042,1.31482154804911,0.280482573382266,4.6877120820521,2.76276331994874e-06,1.04285476505743e-05,"","Os12g0125200",""
"Os12g0127100",32.1585254621921,2.67770806083094,0.451852291985519,5.92606944420845,3.10271418711473e-09,1.63879661935923e-08,"","Os12g0127100",""
"Os12g0128200",59.8346364304551,1.87772218272697,0.302115935093543,6.21523714777102,5.12471928925594e-10,2.93109810318316e-09,"","Os12g0128200",""
"Os12g0129350",25.892393224221,1.77323920282402,0.636566622567212,2.78563019165647,0.00534237816163103,0.0117775695089182,"","Os12g0129350",""
"Os12g0130100",12.392199944362,3.96805480238241,0.807016769184017,4.9169421924089,8.79064959202731e-07,3.53523656779193e-06,"","Os12g0130100",""
"Os12g0131100",244.541974020026,2.44734238459212,0.207805655752123,11.7770730336204,5.124167368246e-32,1.14793395011782e-30,"","Os12g0131100",""
"Os12g0131150",54.6120392281671,3.10189320079788,0.3711458133334,8.35761334053217,6.39998082626576e-17,6.40955234164862e-16,"","Os12g0131150",""
"Os12g0131300",42.5331350088915,2.23763169210128,0.423038175098828,5.28943207448957,1.22696736598818e-07,5.47068029999806e-07,"","Os12g0131300",""
"Os12g0132200",397.855048011444,1.17701289742864,0.340107079490148,3.46071272374891,0.000538747395300355,0.0014526656016277,"","OsCIPK32",""
"Os12g0133500",4.66630324033664,2.71127120640968,1.08716530558817,2.49389048056758,0.0126351523115844,0.0256649589132748,"","OsCDPK26",""
"Os12g0136600",48.2106345297573,1.53025039459547,0.476875571892273,3.20890916790588,0.00133239577317934,0.00333833249793352,"","Os12g0136600",""
"Os12g0138166",10.2301479313599,1.88879638678345,0.682774027818442,2.76635652474717,0.00566865229025819,0.0124239007338105,"","Os12g0138166",""
"Os12g0138900",1033.55895747629,1.58712625822253,0.15719645204017,10.0964508907425,5.72777103702609e-24,8.53379332437735e-23,"","OsIPMS2",""
"Os12g0143400",103.063226939961,1.0297430596972,0.204424228313702,5.03728480812457,4.7218193804935e-07,1.96526992760772e-06,"","Os12g0143400",""
"Os12g0143750",4.35858683617423,2.59330176218938,1.05777649895111,2.45165378958683,0.0142201406268912,0.028503553459468,"","Os12g0143750",""
"Os12g0143800",56.4289015118113,1.1374946234206,0.392639729032635,2.89704413311179,0.00376696759170793,0.00859826402761375,"","DMC1A","DMC1"
"Os12g0146275",224.292849757932,1.21589680557832,0.214242428304799,5.67533151672686,1.38420322499192e-08,6.82923204014833e-08,"","Os12g0146275",""
"Os12g0147200",2320.38429609972,6.60269097744667,0.238765968532486,27.6534005998779,2.54001441806912e-168,1.74816492323607e-165,"","Os12g0147200",""
"Os12g0148700",81.2217997232849,6.47861438600592,0.646085571553574,10.0274865609945,1.15417190292102e-23,1.67822284264519e-22,"","Os12g0148700",""
"Os12g0149000",38.1082536114839,3.39091768560422,0.532361961672496,6.36957170071118,1.8955678923235e-10,1.12927351930992e-09,"","Os12g0149000",""
"Os12g0152700",3643.7673375998,1.64581626253241,0.247990986484691,6.63659710323385,3.21007496461528e-11,2.04936942536132e-10,"","Os12g0152700",""
"Os12g0153433",41.6427782486679,1.57198491210809,0.349698963801371,4.49525184467226,6.94876544117159e-06,2.49340421920215e-05,"","Os12g0153433",""
"Os12g0156200",6.77217576519704,5.91250495791261,1.19338526063615,4.95439750509474,7.25547483888835e-07,2.95138565232534e-06,"","Os12g0156200",""
"Os12g0156900",71.1203625330225,3.9117404287667,0.367547940455192,10.6428032868915,1.88375023050864e-26,3.19463925128766e-25,"","Os12g0156900",""
"Os12g0159500",432.433680898438,1.11889792832814,0.185434822235519,6.03391485395897,1.60034410408884e-09,8.70509898287798e-09,"","Os12g0159500",""
"Os12g0160100",130.591083032417,1.06657112987739,0.191167013427278,5.57926344485749,2.41539182598616e-08,1.16500220503132e-07,"","Os12g0160100",""
"Os12g0160300",22.1047407366045,3.48486574454504,0.552621509732713,6.30606243725578,2.86223608875336e-10,1.67258546158118e-09,"","Os12g0160300",""
"Os12g0162900",67.110655706901,1.86287223550534,0.257892889259178,7.22343388705527,5.06909490843889e-13,3.76828576496821e-12,"","Os12g0162900",""
"Os12g0163600",105.538921595544,1.90672949038094,0.252548165276485,7.54996373976223,4.35379439691138e-14,3.52069072363816e-13,"","Os12g0163600",""
"Os12g0166500",288.719667459387,1.23035593364001,0.265753508214556,4.62968839774141,3.66216401265248e-06,1.36283324934651e-05,"","Os12g0166500",""
"Os12g0168100",46.6438858439458,5.02149529755288,0.649382099543543,7.7327282367077,1.05265859505154e-14,8.92292918562848e-14,"","DERF8",""
"Os12g0168400",1008.17849706932,1.00346777618393,0.124732949359225,8.04492943796262,8.62951311265168e-16,7.94550153817059e-15,"","OsDjA11",""
"Os12g0170700",372.152913081088,1.16525906803035,0.295561828471208,3.94252219259046,8.06291867484836e-05,0.00024822929424294,"","Os12g0170700",""
"Os12g0174200",144.184095916996,2.16584378374752,0.290802171292787,7.44782535191901,9.4891320863152e-14,7.47812422718294e-13,"","Os12g0174200",""
"Os12g0175400",38.5127657075235,2.93967556433929,0.613794104263699,4.7893512562583,1.67321370877973e-06,6.49697791293455e-06,"","R2R3-MYB",""
"Os12g0176300",4.04991223646092,2.47479510295498,1.00625844736905,2.45940305835498,0.0139168276871409,0.0279725188289358,"","Os12g0176300",""
"Os12g0178633",35.2128588733185,2.39050432923387,0.394561156125631,6.0586408269564,1.37276532788038e-09,7.50673284680915e-09,"","OsWD40-196",""
"Os12g0178700",704.688296261442,2.82296746069725,0.177754002340335,15.8813158833537,8.53685128661819e-57,4.91901312391951e-55,"","ARC5",""
"Os12g0181900",47.7123084307519,2.84332463720039,0.496211849049354,5.73006195367492,1.00393960657087e-08,5.02720526111691e-08,"","Os12g0181900",""
"Os12g0182500",20.6309095531058,2.9782317616438,0.679415628894102,4.38351965275148,1.16777108819428e-05,4.05406532887625e-05,"","Os12g0182500",""
"Os12g0183200",15.6009542247745,1.26230084071621,0.532227055372785,2.37173369518403,0.0177048463615837,0.0346749646906141,"","Os12g0183200",""
"Os12g0184167",27.5066460126111,1.25615847614882,0.529154551794567,2.37389713815879,0.0176014531558849,0.0344942818036352,"","Os12g0184167",""
"Os12g0187800",96.3168148473949,6.11075447081967,0.528373854762353,11.5652097766422,6.18399773415919e-31,1.32658798146547e-29,"","OsEnS-148",""
"Os12g0191901",33.028300412342,1.11007422507413,0.459104520708273,2.41791177172813,0.01560986119048,0.0309703105152866,"","Os12g0191901",""
"Os12g0197100",8.11042878823458,3.59960112777338,0.912939743380845,3.94286824937991,8.05128901176985e-05,0.000247963689054844,"","OsPRAGL",""
"Os12g0202850",627.729935530808,1.34398563736245,0.225608022040885,5.95717131511791,2.56641176237471e-09,1.36925030655379e-08,"","Os12g0202850",""
"Os12g0203000",1948.9917990201,1.86592056861758,0.200558521532296,9.3036214784676,1.35741685827972e-20,1.70119967109745e-19,"","Orysa",""
"Os12g0209200",61.3047485708068,1.84122532472555,0.35122694158312,5.24226677038615,1.58615819152718e-07,6.97926505264942e-07,"","OsBBX30",""
"Os12g0211500",35.428734310829,1.27594818315336,0.409251545257952,3.11776020869788,0.00182231003117058,0.00444228410491081,"","Os12g0211500",""
"Os12g0215950",25.0025993554527,2.38998891755856,0.562083218167388,4.25201970155035,2.1185121787466e-05,7.10097081342051e-05,"","Os12g0215950",""
"Os12g0217300",1.83460181318788,4.02348366220341,1.58551535201935,2.53765039681199,0.0111599405257714,0.0229126488570632,"","Os12g0217300",""
"Os12g0224000",986.602865665118,3.28093230062564,0.217887965974859,15.0578866801859,3.06426620782157e-51,1.40079933267888e-49,"","Os12g0224000",""
"Os12g0230600",429.950813936868,3.02583934972371,0.344532580111702,8.78244765340535,1.59955020640379e-18,1.77404008344077e-17,"","Os12g0230600",""
"Os12g0233100",36.989219423715,1.03208186376679,0.368074557263438,2.80400218760056,0.0050472562620837,0.0112047189683405,"","Os12g0233100",""
"Os12g0233200",89.7073642811933,1.62281965084907,0.290296167689412,5.5902207175719,2.26781162491316e-08,1.09616794050865e-07,"","Os12g0233200",""
"Os12g0236400",38.028911691435,1.58321423025252,0.440640558576897,3.59298344066579,0.000326913370636835,0.000913594922656087,"","ADK-A",""
"Os12g0238000",60.3313053432114,2.94301354733484,0.338845091563486,8.6854247578305,3.7732973881354e-18,4.10228123676309e-17,"","OsMYB3R-1",""
"Os12g0238900",14.8111603229202,1.66217615131237,0.678972019871366,2.44807753878765,0.0143620744187533,0.028760132374804,"","Os12g0238900",""
"Os12g0239900",18.766823073097,1.63268503842361,0.454838468005553,3.58959312650679,0.000331194498292062,0.000924620403851542,"","OsABCG49",""
"Os12g0242500",611.009722209703,3.4634796726128,0.380076390748487,9.11258830308334,8.04395696348451e-20,9.60043938748824e-19,"","Os12g0242500",""
"Os12g0256000",273.671340324903,3.1104037787155,0.237276767025755,13.1087582560406,2.93362287899796e-39,8.97362642875709e-38,"","Os12g0256000",""
"Os12g0256900",91.8825241636826,2.04814883421847,0.265653920329927,7.70983854360132,1.25977011645102e-14,1.05951541667709e-13,"","Os12g0256900",""
"Os12g0264500",5656.64540331836,1.06169248006779,0.166855231053323,6.36295591912546,1.97907503428904e-10,1.17647653849759e-09,"","Os12g0264500",""
"Os12g0264650",90.621409427031,1.13485233795274,0.254772601574903,4.45437355091378,8.41384991082849e-06,2.97516710775792e-05,"","Os12g0264650",""
"Os12g0265100",552.910645595272,1.22673871459599,0.180977630712437,6.7783996826945,1.21514304337923e-11,8.03297737081304e-11,"","Os12g0265100",""
"Os12g0265800",4.03825826479453,5.16790870719043,1.38738199632815,3.7249356852459,0.000195365024239453,0.000566147275506541,"","Os12g0265800",""
"Os12g0267800",19.6674948603286,1.72094824539646,0.454601379026,3.78562038039493,0.000153325587925436,0.000452363430820259,"","Os12g0267800",""
"Os12g0270900",15.623763264592,2.19196753785617,0.639362321621851,3.42836520659502,0.000607227993891723,0.00162441027906016,"","Os12g0270900",""
"Os12g0277500",1680.92711379974,1.17946720091647,0.185302390096807,6.36509437520089,1.95169694108421e-10,1.16103709746083e-09,"","OsCPn60alpha1",""
"Os12g0279600",71.1743113935789,1.1082202023636,0.340247170269982,3.25710336248862,0.00112555438845885,0.00286029344439435,"","Os12g0279600",""
"Os12g0283100",7.23115760636607,2.29984351719362,0.949744377802034,2.42153949099028,0.015454921697715,0.0307053640369083,"","OsNTP13",""
"Os12g0284800",129.05955470165,1.28246788391681,0.254326548635465,5.04260326260715,4.5924078005911e-07,1.91494594539289e-06,"","Os12g0284800",""
"Os12g0288600",370.795121810862,1.12689964041969,0.254482889473323,4.42819414205771,9.50253502725146e-06,3.34010938246857e-05,"","Os12g0288600",""
"Os12g0288801",36.8579034886128,1.22360327251108,0.350368009946371,3.49233730755948,0.000478813180962705,0.00130211328994764,"","Os12g0288801",""
"Os12g0290200",26.930720002895,1.71911794816891,0.50335546578094,3.41531594477026,0.000637080685609584,0.00169730625240308,"","Os12g0290200",""
"Os12g0299600",43.3607685111721,2.20869809419266,0.33842751904003,6.52635489116774,6.73895410581598e-11,4.18683715847048e-10,"","Os12g0299600",""
"Os12g0299650",11.0060607322707,2.84589966301456,0.668508516739249,4.25708811743471,2.07106741089582e-05,6.9551148332564e-05,"","Os12g0299650",""
"Os12g0404400",37.5301153179295,1.4213778597301,0.437669888002638,3.24760258517382,0.00116381701582436,0.00294815399254474,"","Os12g0404400",""
"Os12g0406100",650.798000972188,1.02444338084631,0.162452286526007,6.30611857028131,2.8611987693257e-10,1.67247095454675e-09,"","Os12g0406100",""
"Os12g0410200",1115.96207398868,1.20729747934043,0.233337550607611,5.17403853857481,2.29087540491133e-07,9.90939593356985e-07,"","Os12g0410200",""
"Os12g0414900",75.20248651983,2.12074664241418,0.259208793588825,8.18161534202525,2.80063843735354e-16,2.67095529493105e-15,"","Os12g0414900",""
"Os12g0425600",44.4530281271037,1.11534733730646,0.364245352783337,3.06207705543438,0.00219806860810315,0.00526351076669293,"","Os12g0425600",""
"Os12g0427600",5.97804131497989,3.03544746222863,1.32509672830754,2.29073651559431,0.0219786573287609,0.0420221616355205,"","OsSub63",""
"Os12g0428000",5946.55845117645,9.330052760122,0.569768038727059,16.3751774862041,2.87667063209385e-60,1.79988051139872e-58,"","OsStr7",""
"Os12g0428200",189.976731490385,2.4446144250765,0.341416023095104,7.16022172279691,8.05466776313899e-13,5.8974734978515e-12,"","OsGH9B17",""
"Os12g0437800",61.4498530504082,7.60521573281888,1.64063638704406,4.63552789202806,3.56027711383957e-06,1.32571364667272e-05,"","Sci1",""
"Os12g0442800",76.4501467282705,1.61187043597351,0.241058579325972,6.68663376545439,2.28362413527486e-11,1.47347279165899e-10,"","Os12g0442800",""
"Os12g0456100",151.292113430987,1.51816323586535,0.23512724102563,6.4567730614415,1.06959103938634e-10,6.51690413372881e-10,"","Os12g0456100",""
"Os12g0460400",4.37788270294982,3.69412900186112,1.54974433223545,2.3837022178571,0.017139465014886,0.0336768060803989,"","Os12g0460400",""
"Os12g0464400",3.16431206722562,4.81047639856356,1.48454293568832,3.24037539293745,0.00119372432736651,0.0030180518019551,"","OsEnS-150",""
"Os12g0468300",99.2104421807075,1.19747127722431,0.290480486804455,4.1223811292716,3.74976120695565e-05,0.000121384679154351,"","Os12g0468300",""
"Os12g0468500",44.9671791383644,2.2295526376689,0.333958957889957,6.67612766477599,2.45338272112787e-11,1.5776658105732e-10,"","OsCNGC17",""
"Os12g0476200",2030.31969283419,2.21261247530478,0.261920957067668,8.44763435532633,2.97264675109005e-17,3.03349540987472e-16,"","SWEET13",""
"Os12g0477700",170.612752946231,1.15567542827668,0.189070980636011,6.11238924338965,9.81504253102934e-10,5.45140795317897e-09,"","Os12g0477700",""
"Os12g0478200",509.521824939902,5.4994976369409,0.28599659735477,19.2292414938033,2.10687026640675e-82,2.25982357535758e-80,"","OsABA45",""
"Os12g0482500",133.63781934546,1.80658934982819,0.242048243012191,7.4637573375701,8.40894050702673e-14,6.65224517696683e-13,"","Os12g0482500",""
"Os12g0482600",1.98334287353202,4.14065258722302,1.82829712319241,2.26475912186142,0.0235274652098398,0.0446492038529565,"","Os12g0482600",""
"Os12g0482700",331.839739414554,1.75319063919107,0.206386859974814,8.49468148992147,1.98476433310007e-17,2.05073002006757e-16,"","Os12g0482700",""
"Os12g0485600",88.6205775310441,2.65168251854012,0.367441363402573,7.21661408499323,5.32979513906555e-13,3.95141634232876e-12,"","OsLHT4A",""
"Os12g0493900",125.258938370499,5.05930126515447,0.392698174317157,12.8834346478739,5.57961125573886e-38,1.60192384801207e-36,"","Os12g0493900",""
"Os12g0498400",536.037218148084,1.6278685603108,0.157399445304911,10.3422763476538,4.53631928067292e-25,7.21877860097834e-24,"","minE",""
"Os12g0502200",3119.65755569779,1.19985451051812,0.141559186509686,8.47599184554525,2.33085084417223e-17,2.39931414067533e-16,"","OsGRP6",""
"Os12g0502300",5.41983384914365,4.10430688645242,1.23124565990028,3.3334589677131,0.000857733220997541,0.00222978239603988,"","CycA2",""
"Os12g0503000",603.120103297254,7.02393801223129,0.916062752329083,7.66752931976874,1.75340950679583e-14,1.46276859763907e-13,"","OsUPS1",""
"Os12g0507200",7014.39149011146,1.01818996072919,0.125954858564463,8.08376883856436,6.27953080580992e-16,5.84038794202524e-15,"","eIF-4d",""
"Os12g0509200",51.1541605455974,2.27252306302106,0.463137807241778,4.90679669741301,9.25759041056163e-07,3.71518169100236e-06,"","Os12g0509200",""
"Os12g0510000",104.64006985559,1.21938201859144,0.290885881564585,4.1919601323817,2.76554603359971e-05,9.13503987128384e-05,"","Os12g0510000",""
"Os12g0510500",65.6359081822535,1.83186774151057,0.423692758726933,4.32357576045145,1.53520384423567e-05,5.24441550374013e-05,"","Os12g0510500",""
"Os12g0510750",215.959881651476,4.76880136423314,1.16439749208842,4.09550982086023,4.21240368817252e-05,0.000135370591675552,"","Os12g0510750",""
"Os12g0512400",29.6801928790473,1.05163268866444,0.415060758729939,2.53368372351645,0.0112870554444247,0.0231410320849408,"","Os12g0512400",""
"Os12g0514300",61.317313502712,2.8661179870702,0.509059778765351,5.63021889889149,1.79981050337508e-08,8.77832772482763e-08,"","Os12g0514300",""
"Os12g0516900",54.7986529535506,1.25465494583279,0.301586625973435,4.16018098210797,3.17995508262928e-05,0.000103985412540987,"","OsFbox657",""
"Os12g0517100",4.9173320164418,5.44586757410318,1.33299044833881,4.08545131054006,4.39912251315155e-05,0.000140877676758894,"","OsFbox658",""
"Os12g0530300",55.9986802609496,8.95926396704686,1.05585757425038,8.4852959201506,2.15170448500234e-17,2.22044073406509e-16,"","Os12g0530300",""
"Os12g0540700",428.249596467653,1.71363553701219,0.151864367503978,11.283986923182,1.57445014885689e-29,3.14851907491745e-28,"","Os12g0540700",""
"Os12g0541700",66.1789012270484,2.1852302467792,0.428681191568845,5.09756501978058,3.44050261506621e-07,1.45321059143361e-06,"","OsRALF-37",""
"Os12g0544600",420.03545289072,1.24890681201383,0.236297832586242,5.28530794525175,1.25493470861551e-07,5.58733464067683e-07,"","Os12g0544600",""
"Os12g0548100",41.2097997998465,3.18039167073227,0.391182409059549,8.13020114677019,4.28578666056117e-16,4.04683445460077e-15,"","Os12g0548100",""
"Os12g0550800",32.7416207861979,2.01327546078442,0.37751814442752,5.33292370314389,9.66439254771064e-08,4.35451271421398e-07,"","Os12g0550800",""
"Os12g0552300",53.249708563191,2.26537878260041,0.323347886968921,7.00601078249246,2.45209026068003e-12,1.72583782909883e-11,"","PPS1",""
"Os12g0552400",46.5821706988654,2.50339233491109,0.47141523554739,5.31037638612645,1.09399065264394e-07,4.89893482750027e-07,"","Os12g0552400",""
"Os12g0563200",1993.00067116398,1.20265892381028,0.141569971681117,8.49515550175601,1.97668093146164e-17,2.04323001413538e-16,"","TCD11",""
"Os12g0564100",10.0629487501162,5.04495856313337,1.40255815997298,3.59696924313681,0.000321946534552296,0.000900730497583812,"","R2R3-MYB",""
"Os12g0565300",173.9399895905,1.93258083912418,0.245322341383242,7.87772050530492,3.33407465289015e-15,2.92729864190855e-14,"","Os12g0565300",""
"Os12g0568700",871.918091595013,2.33016617195536,0.270083065859058,8.62759079153577,6.2657793539985e-18,6.70035455563318e-17,"","Os12g0568700",""
"Os12g0568900",1.98047627101168,4.13981705300325,1.55846852031145,2.65633665297002,0.00789947104336445,0.0167472571268453,"","Os12g0568900",""
"Os12g0569300",134.47306555616,1.71560223872556,0.347292636118523,4.93993266859843,7.8149551707955e-07,3.16085291760217e-06,"","Os12g0569300",""
"Os12g0578000",145.413339134956,1.46354972612842,0.191645012905827,7.63677438790227,2.22731290734916e-14,1.84445628026036e-13,"","Os12g0578000",""
"Os12g0578800",8.39999917944825,2.36852476986978,0.74121617256886,3.19545748935981,0.00139609347966986,0.00348348521105539,"","Os12g0578800",""
"Os12g0580700",186.765071885793,1.21674913195623,0.171180383469721,7.10799396106889,1.17741710342044e-12,8.48294957006346e-12,"","OsRFPH2-18",""
"Os12g0581600",172.429390872411,1.76390287964755,0.194519563660395,9.06799730811183,1.21224554329525e-19,1.42823622568837e-18,"","OsNRAMP7",""
"Os12g0581800",22.240179129429,1.02830125723428,0.402563484181663,2.5543828430555,0.0106376221660081,0.0219256604614577,"","CycA3",""
"Os12g0582800",2256.74102152193,1.84344392802226,0.171088186785654,10.7748171434641,4.52680682129957e-27,7.89308181642078e-26,"","OsOSCA2.4",""
"Os12g0583700",38.5602949476682,3.11958878762104,0.591044525820848,5.27809437586539,1.3053423575136e-07,5.8023802641038e-07,"","RZF71",""
"Os12g0583900",158.884809506922,2.03393819481917,0.257249849502147,7.906469911471,2.64790262391448e-15,2.34394724232687e-14,"","Os12g0583900",""
"Os12g0585300",160.277364033643,1.36502212504028,0.197002500077265,6.92895838633984,4.23950478036069e-12,2.92678211042064e-11,"","OsFbox670",""
"Os12g0586100",2845.8580903667,5.25215218378675,0.243961287825797,21.5286295239477,8.3980447864376e-103,1.52998790936444e-100,"","SAPK9",""
"Os12g0586400",306.350865433044,1.40477123898823,0.15436869189424,9.10010457269832,9.02448960157436e-20,1.07418456797629e-18,"","Os12g0586400",""
"Os12g0590500",4.09502960166685,2.9382414637749,1.14240582653881,2.57197695907855,0.0101119621263125,0.0209677868946057,"","Os12g0590500",""
"Os12g0592500",6.83132727950427,2.67989361803013,0.877125439166404,3.0553139817459,0.00224825019612827,0.00536914651657544,"","OsFbox671",""
"Os12g0592900",89.319879847546,5.71321437555363,0.63111679151272,9.05254693328576,1.39671790075193e-19,1.64245274926106e-18,"","Os12g0592900",""
"Os12g0595500",51.7632502113744,1.9699580339686,0.363849858409493,5.41420585562388,6.15613106027328e-08,2.83040377213567e-07,"","Os12g0595500",""
"Os12g0597500",2171.76154104138,1.02636454525331,0.148057983046833,6.93217970508661,4.14405051132939e-12,2.86327773338562e-11,"","OsUAH",""
"Os12g0600100",155.089710943242,2.18462239981346,0.265909925117649,8.21564820811747,2.1102124544999e-16,2.02654007694357e-15,"","Os12g0600100",""
"Os12g0600200",454.225268478902,1.51811382782524,0.192259719596731,7.89616166615409,2.87623571863452e-15,2.53881340935545e-14,"","Os12g0600200",""
"Os12g0605500",61.2189849656004,1.31228640890327,0.322833147152834,4.0649060373036,4.80518167817953e-05,0.000152755948730118,"","Os12g0605500",""
"Os12g0605800",269.55406694061,1.60890134447901,0.184372862155363,8.72634576298577,2.63033667874091e-18,2.88116056097097e-17,"","OsL55",""
"Os12g0608500",17.8976156183957,1.93388963697316,0.629021527809317,3.07444109855553,0.00210897361396983,0.00507123827963222,"","Os12g0608500",""
"Os12g0609800",750.018915227943,1.35036503355184,0.170105804118262,7.93838305842308,2.04833911832801e-15,1.8282312080264e-14,"","OsWD40-199",""
"Os12g0610600",230.282308981911,1.71278857546387,0.250591769900818,6.83497537106577,8.20191186287076e-12,5.50728374597151e-11,"","OMTN3",""
"Os12g0611200",2275.82496072134,1.52872097360325,0.172778318328314,8.84787505975357,8.92014342344895e-19,1.00051785243456e-17,"","OsRH9",""
"Os12g0613700",625.034846945292,1.94199160929782,0.21157815863775,9.17860152390668,4.36726074407328e-20,5.30689649121647e-19,"","OsARF6b",""
"Os12g0616400",183.402664160917,1.47179301114138,0.276482159579179,5.32328383640207,1.01910539442787e-07,4.5809822855115e-07,"","OsPCF8",""
"Os12g0617000",6.97739310120592,3.1421955106322,1.02859746287676,3.05483498067764,0.00225184385731408,0.00537721041371154,"","Os12g0617000",""
"Os12g0621700",15.7525474453703,3.2155806310525,0.642552994355665,5.00438198763201,5.6041531351658e-07,2.31007233967032e-06,"","Os12g0621700",""
"Os12g0630500",25.3281026541083,3.41333092539925,1.35691838889744,2.51550200316228,0.0118863001808155,0.024267209919254,"","Os12g0630500",""
"Os12g0631600",268.332038052543,1.54315149877915,0.257008646002665,6.00427854385546,1.92184525750576e-09,1.03764567324515e-08,"","Os12g0631600",""
"Os12g0632700",1036.33061088714,1.32069208203704,0.231013846810232,5.71693905050607,1.0845999702569e-08,5.40924586615445e-08,"","Os12g0632700",""
"Os12g0632800",548.582431231261,2.10438690345322,0.255318502329469,8.24220291225769,1.69068521563244e-16,1.63441699522923e-15,"","HAIKU2",""
"Os12g0633200",67.2751374498962,1.30091809179942,0.326809447699064,3.98066243481841,6.87234845514267e-05,0.000213458916476206,"","Os12g0633200",""
"Os12g0634000",57.3076502256722,1.57585007608746,0.312245057680587,5.04683753137091,4.4918300295804e-07,1.87679717778944e-06,"","Os12g0634000",""
"Os12g0640900",26.8502183197827,1.08919737634233,0.452024558764286,2.40959778672181,0.0159701157158308,0.0316123317960486,"","MAP70.1",""
