"GeneID","baseMean","log2FoldChange","lfcSE","stat","pvalue","padj","Description","GeneSymbol","Synonym"
"Os01g0101200",2051.07959338975,-1.99030392908941,0.296250015029774,-6.71832515819241,1.83825135468201e-11,1.19764275085344e-10,"","Os01g0101200",""
"Os01g0101600",3012.30450509314,-1.03911974951115,0.113138133431374,-9.18452265381807,4.13356540656993e-20,5.03526794879956e-19,"","Os01g0101600",""
"Os01g0101700",1790.7633792757,-3.35508042570802,0.206008376789576,-16.2861359231766,1.23808766981703e-59,7.63087019777528e-58,"","OsDjC1",""
"Os01g0101800",2.10187726909084,-4.81494983956818,1.63501527739048,-2.94489593225877,0.00323063305256134,0.0074745910116082,"","Os01g0101800",""
"Os01g0102300",1907.03398949901,-1.65254239885316,0.271989427495842,-6.07575968694012,1.23402098030166e-09,6.77945406406524e-09,"","OsTLP27",""
"Os01g0102400",33.0989184977477,-1.48964497117198,0.597252022270189,-2.49416480083191,0.0126253910856636,0.0256472341501588,"","OsHAP5H",""
"Os01g0102600",4024.92671496512,-1.683400275514,0.191008428584079,-8.81322509165085,1.21596056842532e-18,1.35588906408075e-17,"","OsSK4",""
"Os01g0103400",27.142722087445,-2.5927484427313,0.57728275013539,-4.49129727524896,7.07906619899329e-06,2.53722006672149e-05,"","Os01g0103400",""
"Os01g0104400",5564.45069158991,-1.14965460886475,0.164276198180946,-6.99830298969077,2.59081337948694e-12,1.82003354418905e-11,"","Os01g0104400",""
"Os01g0104600",1412.38084225022,-1.18265346390972,0.136370049824308,-8.67238418870851,4.23165086279294e-18,4.58250058686279e-17,"","OsDET1",""
"Os01g0106400",226.203162335753,-1.13179885351218,0.30122090148895,-3.75737157653284,0.000171707437258619,0.000502586553214033,"","Os01g0106400",""
"Os01g0106900",9429.95864002982,-2.19861198636318,0.131777454652115,-16.6842802675722,1.7054904402748e-62,1.16090485271123e-60,"","OsDXR",""
"Os01g0108400",230.282019566763,-2.18086303336587,0.458222210151584,-4.75940053766582,1.94168778713593e-06,7.47850121278827e-06,"","Os01g0108400",""
"Os01g0108600",738.893957492341,-2.7966946682069,0.250314996373074,-11.1727012313663,5.54679354895254e-29,1.08129743322106e-27,"","P0482C06.23-1",""
"Os01g0108800",44.4391512544229,-4.12837955412406,0.42018554918763,-9.82513454378835,8.77567690828206e-23,1.2270595189419e-21,"","Os01g0108800",""
"Os01g0109000",305.777599187181,-2.25800586894491,0.287541865386803,-7.85278994384843,4.06882825143966e-15,3.5497661121803e-14,"","Os01g0109000",""
"Os01g0110050",9.68044403675473,-2.10592413923062,0.752949255500014,-2.79690048678265,0.00515954221476542,0.0114202231065966,"","Pho1",""
"Os01g0110100",171.649715265938,-3.11088391245195,0.27156237595993,-11.455504104556,2.20675623726025e-30,4.57929642299808e-29,"","Pho1",""
"Os01g0110700",71.4865040831068,-3.39170184625427,0.424772605083981,-7.98474714626124,1.40810636618114e-15,1.27191583794641e-14,"","Osppc-b",""
"Os01g0111300",8.96655657383804,-2.20156293488962,0.722978534534321,-3.04512904564681,0.00232580493159513,0.00553249508353806,"","Os01g0111300",""
"Os01g0111700",29.0915437931112,-6.5814786902099,1.03758841132536,-6.34305339031597,2.25255321494192e-10,1.33074656668136e-09,"","Os01g0111700",""
"Os01g0111900",131.293431902073,-1.10509165975037,0.293610673481884,-3.76379934232383,0.00016735118522276,0.00049064729810251,"","SIP34",""
"Os01g0112400",5.46753419727673,-3.04256598598041,0.957978070021038,-3.17602884783531,0.00149306103007512,0.00369676957551427,"","OsNIP4",""
"Os01g0113000",5.33148997547748,-3.24765583142171,1.02007154924783,-3.18375297675582,0.00145379017960117,0.00360891286243644,"","Os01g0113000",""
"Os01g0113350",17.7215810525495,-3.52697775840185,0.574137461872802,-6.14308940388084,8.09316995089004e-10,4.52753379709195e-09,"","Os01g0113350",""
"Os01g0113900",42.4588026255768,-2.65216440210676,0.36165147477828,-7.33348150656026,2.24249439130626e-13,1.71594451925247e-12,"","Os01g0113900",""
"Os01g0114200",25.1484349443257,-1.76924426378331,0.434209586385632,-4.07463197326096,4.60871718855359e-05,0.000146981832643573,"","Os01g0114200",""
"Os01g0114300",1556.12250943186,-2.07218087869446,0.246016584469715,-8.42293166194879,3.6717866291184e-17,3.72851874219945e-16,"","OsRLCK6",""
"Os01g0114550",52.4948637943942,-2.65666791096605,0.386263930805922,-6.87785656150455,6.07598014390941e-12,4.13356836973211e-11,"","Os01g0114550",""
"Os01g0114700",27.8267687616923,-2.0230860481775,0.380157020318139,-5.32171166136682,1.02795414262927e-07,4.6174075039749e-07,"","Os01g0114700",""
"Os01g0114800",24.7940207983593,-1.55468816343613,0.408210723684898,-3.80854316957192,0.000139787944006486,0.000415091789147736,"","Os01g0114800",""
"Os01g0115100",136.000580698587,-2.21514017026469,0.24746329021088,-8.95138898531987,3.51037026302352e-19,4.05106865425868e-18,"","Os01g0115100",""
"Os01g0115600",1142.73934665315,-1.87576985964128,0.165920694901368,-11.3052194047062,1.23644725117867e-29,2.48462721349991e-28,"","OsRLCK11",""
"Os01g0115700",65.8879584867607,-4.78212850103519,0.386845259414276,-12.3618640390626,4.20296113543569e-35,1.08137869213593e-33,"","Os01g0115700",""
"Os01g0115725",5.09775785813029,-6.10328780639543,1.26594054782556,-4.82114884216225,1.42733804480435e-06,5.58956136180139e-06,"","Os01g0115725",""
"Os01g0115900",139.277144879503,-1.83611853180243,0.3083615135662,-5.95443481440899,2.60972118212642e-09,1.39145818225836e-08,"","Os01g0115900",""
"Os01g0116400",3.82076684036504,-4.18017964635105,1.34043416723804,-3.11852663004279,0.00181757716134911,0.00443161870957951,"","Os01g0116400",""
"Os01g0116900",117.98684590769,-2.20809055042573,0.27041640429909,-8.16551997335006,3.20053575361639e-16,3.044133373027e-15,"","Os01g0116900",""
"Os01g0118400",66.8808271368219,-2.1729980233328,0.47060916705491,-4.61741541698285,3.88548968721155e-06,1.44182683810155e-05,"","Os01g0118400",""
"Os01g0119000",4.94330123551021,-1.94751688853187,0.856075466871247,-2.27493598858706,0.0229097700549131,0.0436005355749736,"","Os01g0119000",""
"Os01g0119100",18.7190303933485,-1.88687959909262,0.692154697911264,-2.72609519921877,0.00640885107952402,0.0138839053697194,"","Os01g0119100",""
"Os01g0120500",3640.10316843347,-2.33161525427956,0.166266534328561,-14.0233587215575,1.1217740711292e-44,4.07539533143229e-43,"","Os01g0120500",""
"Os01g0121500",16.5742117815143,-1.98488613712773,0.725308157749866,-2.73661079903675,0.00620756867093122,0.0134975804264733,"","Os01g0121500",""
"Os01g0121950",2.32418994867546,-3.41093761706787,1.46433628696836,-2.32934036219889,0.0198410417391756,0.0383938583413474,"","Os01g0121950",""
"Os01g0122000",164.465393886355,-1.21148503032422,0.393980878361039,-3.07498433772724,0.00210513608259676,0.00506397638043688,"","OsPR5",""
"Os01g0126100",4.09616533071913,-4.29281960158077,1.31707850983058,-3.25934981820709,0.00111667884623357,0.00284036051464214,"multicopper oxidase LPR1 homolog 1-like [Source:NCBI gene (formerly Entrezgene);Acc:4326010]","OsLPR1",""
"Os01g0126200",1111.94918170723,-3.09009926209973,0.181223681956345,-17.051299414853,3.41848365555291e-65,2.51334627696245e-63,"multicopper oxidase LPR1 homolog 2-like [Source:NCBI gene (formerly Entrezgene);Acc:4326011]","OsLPR2",""
"Os01g0126401",21.1602756276405,-4.86417621732433,0.678344379577137,-7.17065898055577,7.4637614282275e-13,5.47452980779138e-12,"","Os01g0126401",""
"Os01g0130200",212.650078105064,-4.4274154586675,0.280585360134986,-15.7792104924417,4.32564780363148e-56,2.38700613876564e-54,"","NRR",""
"Os01g0135900",1631.99623477132,-1.64265130901482,0.191826402950152,-8.56321801249477,1.09760107357132e-17,1.15234160168968e-16,"","Oshsp17.9B.",""
"Os01g0136300",32.6174871424753,-1.83907604625753,0.362776134349022,-5.06945157668002,3.98963622566518e-07,1.67658101701672e-06,"","Os01g0136300",""
"Os01g0138800",47.9707624930139,-3.51586248548354,0.50565980276087,-6.95301953267226,3.57549160617713e-12,2.48081645270934e-11,"","Os01g0138800",""
"Os01g0141000",5.2015377934089,-6.14297346336681,1.25816205997079,-4.88249777895021,1.04750419588585e-06,4.16998898802438e-06,"","AP2/EREBP129",""
"Os01g0142300",886.8714864866,-2.66965874411014,0.180051988037105,-14.8271550523506,9.77904133129228e-50,4.22117259695869e-48,"","SQD2.2",""
"Os01g0143100",515.647520824582,-1.04632355966401,0.141622656805212,-7.3881085362148,1.48932155298259e-13,1.15604386335369e-12,"","Os01g0143100",""
"Os01g0144300",6.90598120028043,-2.23548189091083,0.794476295625129,-2.81378047805927,0.00489626517876313,0.0109066584854998,"","Os01g0144300",""
"Os01g0144800",10.237098022659,-2.79284229372857,0.830988217145836,-3.36086870560095,0.000776977502585717,0.00203651450138224,"","Os01g0144800",""
"Os01g0150000",1814.58403115319,-1.20741053499797,0.110381499308131,-10.9385226923533,7.54187902915046e-28,1.37199072470823e-26,"","CER10",""
"Os01g0151200",13969.5298138136,-1.5210720490802,0.151531219243472,-10.038011022905,1.03744888452181e-23,1.51294120140064e-22,"","P0009G03.18-1",""
"Os01g0151700",517.235590825246,-3.1173985410996,0.164154662311252,-18.9906183425283,2.03913281766789e-80,2.11395790055889e-78,"","Os01g0151700",""
"Os01g0151750",6.00325134328115,-2.14249139040453,0.819514444216898,-2.61434243840794,0.0089399384122682,0.0187445513564408,"","Os01g0151750",""
"Os01g0152000",7.39767367518119,-4.12225915781315,1.02030698439458,-4.04021458331894,5.340231849275e-05,0.000168554043986607,"","Os01g0152000",""
"Os01g0154500",4.22618410168021,-4.33489532719474,1.33851725872469,-3.23858007727515,0.00120126293926092,0.00303541070624432,"","Os01g0154500",""
"Os01g0154600",55.5403612021403,-4.52120405807386,0.418068783062761,-10.8144980951499,2.93896967314483e-27,5.19022463232427e-26,"","Os01g0154600",""
"Os01g0154950",4.99039288658611,-6.07128432735801,1.31073471724018,-4.63197033503578,3.6220206102354e-06,1.34829934885521e-05,"","Os01g0154950",""
"Os01g0155000",13.3991089652099,-5.02123828403281,0.920772461803631,-5.45328894197931,4.94466258877723e-08,2.29814115479522e-07,"","Hsr203j",""
"Os01g0155200",32.3668096144166,-2.58556813890389,0.409673842021746,-6.31128442603042,2.76729071165181e-10,1.61901208884526e-09,"","Os01g0155200",""
"Os01g0158400",275.944804030163,-1.51548585928791,0.265967941465149,-5.69800198828283,1.21219638106198e-08,6.00932167538471e-08,"","Os01g0158400",""
"Os01g0159500",248.378026579757,-10.2688716884938,1.04671906502307,-9.81053277009674,1.01431600545125e-22,1.41268733373051e-21,"","Os01g0159500",""
"Os01g0161000",20.9509407715709,-6.68530858489714,1.12747674479719,-5.92944255014295,3.03964836038739e-09,1.60754252775493e-08,"","Os01g0161000",""
"Os01g0161300",248.584071237456,-1.24825015929615,0.253426476712207,-4.92549229855599,8.41482251741412e-07,3.39235368555109e-06,"","Os01g0161300",""
"Os01g0164600",1827.03747766458,-2.86421437705547,0.138870184141183,-20.6251211861543,1.63321181342555e-94,2.3944431420855e-92,"","OsPP2C01",""
"Os01g0164800",36.9300020497755,-1.30808247344384,0.351611467333439,-3.72024974999851,0.000199025865380778,0.000575947660189155,"","Os01g0164800",""
"Os01g0166500",2.5926858935675,-3.57709089640966,1.49020024289013,-2.40040955131786,0.0163767374430472,0.0323062439192978,"","P0028E10.1",""
"Os01g0167100",270.412429137798,-1.40643620594603,0.239981829409843,-5.86059456836669,4.61212787428913e-09,2.38668948081165e-08,"","Os01g0167100",""
"Os01g0168100",3203.29117550139,-1.27417748344061,0.166991005490796,-7.63021624844842,2.34360256584775e-14,1.93687260753868e-13,"","P0028E10.16",""
"Os01g0168200",649.682360082009,-1.11512206446457,0.153635101282804,-7.25825058957011,3.92128605680678e-13,2.94864050468897e-12,"","OsTRXh7",""
"Os01g0169800",102.37379001341,-1.10313122081106,0.224838066760088,-4.90633653236377,9.27932568471005e-07,3.72209571782517e-06,"","FIB",""
"Os01g0170500",3.20600342604023,-2.76278016105369,1.16285364200782,-2.37586232802556,0.0175079937981998,0.0343382856279583,"","Os01g0170500",""
"Os01g0170700",13.8852014587375,-2.39069729862233,0.760632673605319,-3.14303787042263,0.00167204206020941,0.00410464541026538,"","Os01g0170700",""
"Os01g0170900",54.7877075439159,-3.4010292533533,0.351822610756383,-9.66688652000346,4.16867432472209e-22,5.63180173084183e-21,"","OsCLE101",""
"Os01g0171000",152.306678757506,-1.1520152760906,0.212884683068003,-5.41145215094035,6.25156999210743e-08,2.87161938625224e-07,"","OsSERL5",""
"Os01g0171800",1277.31815512512,-2.27800856758375,0.193111942114767,-11.7963112101577,4.07798943751089e-32,9.18548584483703e-31,"","Os01g0171800",""
"Os01g0172100",821.11106537872,-2.89908573102526,0.132032620246796,-21.9573445229389,7.36809474646491e-107,1.44888320264414e-104,"","OsPPT3",""
"Os01g0172600",62.9157147048423,-1.76597230233934,0.304837622090069,-5.79315732169552,6.9075345613e-09,3.51794416907153e-08,"","Os01g0172600",""
"Os01g0172701",7.17425192345504,-2.32191714355705,0.820707228801312,-2.82916618993151,0.00466694573753261,0.0104371256014844,"","Os01g0172701",""
"Os01g0173000",1482.75550113637,-2.04088873249773,0.139036022185999,-14.6788486926609,8.80731606449854e-49,3.67371835235825e-47,"","Os01g0173000",""
"Os01g0173900",1145.49934455703,-1.3921487499059,0.201884979308342,-6.89575200034895,5.35805991569123e-12,3.66427409691089e-11,"","OsABCC3",""
"Os01g0175600",20.1273024741175,-8.08820504477,1.13702353622838,-7.11348955149986,1.13145055147233e-12,8.16602106432562e-12,"","BOR2",""
"Os01g0175700",92.3009308935446,-7.83711155031912,0.846257204358472,-9.2609096973777,2.02697791926821e-20,2.51867762816994e-19,"","BOR2",""
"Os01g0176400",8.8326913736323,-2.14463364633379,0.767836688027414,-2.79308566492621,0.00522078639803941,0.0115320874194724,"","Os01g0176400",""
"Os01g0176700",61.3349488985179,-1.16350006420707,0.253861774654593,-4.58320306706333,4.57906957322364e-06,1.68356739598994e-05,"","Os01g0176700",""
"Os01g0178100",742.416334667769,-1.64093416556052,0.157322882783352,-10.4303591221389,1.80205912870815e-25,2.92018437096153e-24,"","Os01g0178100",""
"Os01g0178300",270.15920904457,-1.10784780429661,0.161921511998579,-6.84188154262257,7.81597095508886e-12,5.25954134585108e-11,"","CDT3",""
"Os01g0178400",279.424143565018,-4.46399984223035,0.225107512288744,-19.8305236322118,1.62340968107036e-87,2.0212674204965e-85,"","Os01g0178400",""
"Os01g0178500",610.960073498938,-1.13198553830366,0.20166102862778,-5.61330836208837,1.98494411054261e-08,9.631993777304e-08,"","OsIAA1",""
"Os01g0179600",4856.42451302575,-6.79467974936011,0.263808127591503,-25.7561425851194,2.75114407172428e-146,1.28613389934175e-143,"","OsUGT75K1",""
"Os01g0179800",6837.80607791278,-5.31731632871275,0.144887084943032,-36.6997260715366,7.37690251826837e-295,4.56943784237838e-291,"","Os01g0179800",""
"Os01g0182300",13.6167622062137,-2.99124993888234,0.745948942754325,-4.00999286604994,6.07205823924055e-05,0.00019017492983651,"","Os01g0182300",""
"Os01g0185900",5.78609792465885,-2.25925448652348,0.875158853306138,-2.58153645819678,0.0098361601407568,0.0204420852044566,"","OsWRKY107",""
"Os01g0186600",19.6298268962915,-8.05263632293038,1.14437890448304,-7.03668714215602,1.96864192184216e-12,1.39522428196462e-11,"","Os01g0186600",""
"Os01g0187500",747.400482456279,-1.14266244636101,0.145744247630032,-7.84018899505126,4.49868814901896e-15,3.91376391391302e-14,"","OsWD40-7",""
"Os01g0188200",607.358366487246,-1.81435980626587,0.240952199199983,-7.529957445045,5.07568621090417e-14,4.0897651137422e-13,"","Os01g0188200",""
"Os01g0188400",1225.76594370242,-2.30148642313383,0.155769940288715,-14.774907269452,2.12649678393643e-49,9.09986369872072e-48,"","NADP-ME",""
"Os01g0190300",1042.52256300369,-1.02074917959419,0.144254383820437,-7.0760357679305,1.48336590514652e-12,1.06100915218867e-11,"","OsIAA2",""
"Os01g0193400",27.6009320999008,-1.25838470513812,0.377937779298395,-3.32960813675253,0.000869682861809766,0.00225800400996129,"","OsSTA6",""
"Os01g0194600",86.7370495154205,-2.32409894386064,0.452848424024168,-5.132178496301,2.86407685597245e-07,1.22392604795497e-06,"","OsGRX2",""
"Os01g0197500",86.9133865711431,-1.12367453805962,0.252189677426821,-4.45567221277598,8.36307306355116e-06,2.9593239259584e-05,"","Os01g0197500",""
"Os01g0198900",1044.08012486682,-3.84877045004163,0.325054181240144,-11.8403966851244,2.41308900743696e-32,5.49027606402806e-31,"","B1046G12.28",""
"Os01g0199700",16.6925800357824,-2.16092601162329,0.527874180157122,-4.09363839500559,4.2465641360392e-05,0.000136379934670957,"","Os01g0199700",""
"Os01g0200700",170836.179140881,-2.03831082705075,0.184831454425872,-11.0279434492478,2.80199157280339e-28,5.23961850561129e-27,"","OsMT3a",""
"Os01g0201100",77.828012363338,-1.05882414229749,0.338974960004612,-3.12360577395772,0.0017864964028425,0.00435969874650139,"","Os01g0201100",""
"Os01g0201200",5422.01374547677,-4.01193960611358,0.239710619760177,-16.7365951918501,7.09310994018751e-63,4.88183291633405e-61,"","Os01g0201200",""
"Os01g0201400",80.1879822001625,-6.3018528130232,0.516685534297964,-12.1966890781754,3.23721104279842e-34,8.01282497576588e-33,"","OsRALF-3",""
"Os01g0203400",20.1401585432972,-2.96743524561878,0.616159349520023,-4.81601918063948,1.4645045257493e-06,5.72696159003951e-06,"","OsCEP7",""
"Os01g0203800",57.9654268102675,-1.5691362339527,0.311973519740297,-5.02970968580579,4.91223034642575e-07,2.04006589496129e-06,"","Os01g0203800",""
"Os01g0205300",331.487527634138,-4.47874697256857,0.318995719767958,-14.0401475475172,8.85281266638354e-45,3.23042915220891e-43,"","Os01g0205300",""
"Os01g0206700",33.7334395588883,-2.14602271370367,0.374252914953534,-5.73415096571822,9.80020137352216e-09,4.91736714118588e-08,"","OsCIPK05",""
"Os01g0207400",122.650932908467,-3.22277716967088,0.277003489766829,-11.634428044151,2.75430169767634e-31,6.02856300029388e-30,"","Os01g0207400",""
"Os01g0207900",13.5684998079947,-3.21600641664345,0.697034442252139,-4.61384147138043,3.95293973156454e-06,1.46575857122081e-05,"","OsUMAMIT3",""
"Os01g0208400",27.7541624450875,-6.09199807558677,0.828326299679425,-7.35458728999004,1.91517919145494e-13,1.4736768579714e-12,"","Os01g0208400",""
"Os01g0208700",5129.06121118594,-1.82604657979529,0.187896663137121,-9.71835555409892,2.51815265202936e-22,3.43380672863685e-21,"","PEPC-2",""
"Os01g0209800",22.1342535183951,-1.71943260015932,0.48958795003583,-3.51199942734188,0.000444748957338949,0.00121574855648578,"","OsCAT1",""
"Os01g0211600",74.4153091301081,-1.05967166266917,0.273067991301977,-3.88061470557827,0.000104192790408486,0.000315365840209023,"","Os01g0211600",""
"Os01g0211800",16.2513846855324,-3.30422271213057,0.611189842028372,-5.40621339707604,6.43710978409929e-08,2.95410759623316e-07,"","OsbZIP02",""
"Os01g0217500",138.462487026252,-3.33519939697361,0.33414733450636,-9.98122400677155,1.84180541992066e-23,2.65934807047635e-22,"","OsDJ-1A",""
"Os01g0218100",133.143976430057,-2.12806615647909,0.270733938338455,-7.8603597670075,3.83031723423603e-15,3.34521572480318e-14,"","OsbHLH037",""
"Os01g0220200",845.404509082349,-2.19708913255807,0.242825304016318,-9.04802381060923,1.45579033195798e-19,1.70948422061246e-18,"","Os01g0220200",""
"Os01g0220700",305.845361699226,-4.86184860297218,0.310348999815433,-15.6657460016419,2.59368410500577e-55,1.38499377305448e-53,"","OsSWEET3b",""
"Os01g0221000",136.063528229257,-1.69716144394855,0.41385647304712,-4.10084547295534,4.11643385131525e-05,0.000132509914946132,"","Os01g0221000",""
"Os01g0221100",218.790005629117,-1.60458379546237,0.318639310511011,-5.03573709373477,4.76013527101721e-07,1.98021946961036e-06,"","OsJAR2",""
"Os01g0221400",835.008650474523,-2.43422612274462,0.2091515000145,-11.6385783634153,2.62352060834691e-31,5.74738904624327e-30,"","Os01g0221400",""
"Os01g0221600",929.262115621207,-3.39727947364736,0.233131998722943,-14.5723431028648,4.21193006626442e-48,1.70800313014457e-46,"","OsALMT4",""
"Os01g0223600",300.655596464876,-2.03821087087414,0.211384554593043,-9.642193937954,5.3042005961715e-22,7.13862999301147e-21,"","Os01g0223600",""
"Os01g0226600",544.002610999867,-2.43686129959979,0.210130593023155,-11.5968896510526,4.27328391993387e-31,9.25517095141622e-30,"","SLAC",""
"Os01g0227300",1346.02081833589,-1.07448663825374,0.158793399506925,-6.7665699052364,1.31871338332066e-11,8.69214192565469e-11,"","OsRab7B1",""
"Os01g0227350",1275.89683770447,-3.24541227057448,0.249162220933197,-13.0252983715561,8.78569804868184e-39,2.62268964520711e-37,"","Os01g0227350",""
"Os01g0227400",419.459171916671,-2.71201310210006,0.300666810440579,-9.01999491771654,1.88098027599812e-19,2.19214714479799e-18,"","Os01g0227400",""
"Os01g0227500",1210.06797577456,-1.624370976099,0.145488119488494,-11.1649733449711,6.05093478079395e-29,1.17587459657829e-27,"","Os01g0227500",""
"Os01g0227700",67.7171378091804,-1.37934418372252,0.401240444075817,-3.43769977351007,0.000586677778387591,0.00157300241479378,"","Os01g0227700",""
"Os01g0228400",104.601998991852,-2.26614172316885,0.264099699154382,-8.58062970319461,9.43551704144184e-18,9.95248215137525e-17,"","Os01g0228400",""
"Os01g0228600",2892.86778251389,-2.6609504880675,0.199025108837972,-13.3699235418271,9.06339649617778e-41,2.91641266215321e-39,"","OsHPR2-1",""
"Os01g0228800",207.048628986029,-1.90525220998164,0.217959812082823,-8.74130048000619,2.30442210013997e-18,2.53200294346643e-17,"","Os01g0228800",""
"Os01g0231000",711.083342708238,-1.08739650356476,0.193491111275958,-5.61987833133024,1.91091983641643e-08,9.29463305592658e-08,"","OsIAA3",""
"Os01g0232000",192.076883937525,-5.48375575253421,0.730027862838134,-7.5117074726641,5.83610857785916e-14,4.67662555736146e-13,"","OsTIP4",""
"Os01g0234001",14.2525643641628,-2.23380442624271,0.59127922981606,-3.77791796768782,0.000158144949100813,0.000465694961239702,"","Os01g0234001",""
"Os01g0234300",94.2170140369918,-2.09195227711274,0.25237491647822,-8.28906575306695,1.1414143628902e-16,1.11958921889669e-15,"","Os01g0234300",""
"Os01g0234700",57.6305835708006,-1.03360587845448,0.290101047633231,-3.56291673845055,0.000366757030792408,0.00101634481064126,"","Os01g0234700",""
"Os01g0234900",726.000871041794,-1.11416988433737,0.12248654355688,-9.0962635729856,9.34929191781016e-20,1.11208548174547e-18,"","OsRFPHC-14",""
"Os01g0235100",2114.20301934417,-4.52156790002508,0.175430275274019,-25.7741595227077,1.7282520954856e-146,8.23478887881669e-144,"","Os01g0235100",""
"Os01g0235900",14.5500849560789,-2.98170893059061,0.679798761228277,-4.38616411304307,1.15367091260808e-05,4.0084846727935e-05,"","OsGRL1",""
"Os01g0236700",5917.33773871533,-2.20608447296694,0.134041124344172,-16.4582659520407,7.31666136998474e-61,4.68436482594605e-59,"","NLP3",""
"Os01g0236800",1492.75493839231,-1.05645939921729,0.124712550713935,-8.47115541434635,2.42970803525289e-17,2.49589038098926e-16,"","OsBamy4",""
"Os01g0236900",20.9097891865857,-2.37740262265897,0.581630493187836,-4.08747933697348,4.36085503115799e-05,0.000139760580917089,"","Os01g0236900",""
"Os01g0238500",10094.5924015954,-3.17252555670664,0.524652754723316,-6.04690536387199,1.47654428093793e-09,8.05644960334707e-09,"","Os01g0238500",""
"Os01g0239000",9515.47352576022,-1.44396182656615,0.153883057479734,-9.3835010183387,6.38177032399683e-21,8.11710078632801e-20,"","GLK2",""
"Os01g0239200",2127.41153106894,-1.75152796402913,0.231668302828856,-7.56049896615793,4.01526076982915e-14,3.25543573606207e-13,"","OsTPT1",""
"Os01g0242300",46.5838503332839,-1.05729737677901,0.261232648135078,-4.04734011742782,5.18029426408563e-05,0.00016394450246679,"","Os01g0242300",""
"Os01g0248500",44.7045195429509,-3.03596450014766,0.374556560308213,-8.10549012317243,5.25333109376837e-16,4.93410858644044e-15,"","OSJNBa0049B20.20",""
"Os01g0248701",8.02350297915354,-2.35622653291747,0.82932616548288,-2.84113371913878,0.00449534587664567,0.0100843082648845,"","OSJNBa0049B20.22",""
"Os01g0248800",4.41349081931536,-2.97878343076681,1.08250310981701,-2.75175507927211,0.00592768354660419,0.0129446104784468,"","Os01g0248800",""
"Os01g0248850",9.52725101087475,-2.94550446086571,0.717509341127819,-4.10517925276877,4.04001484977678e-05,0.000130168332812639,"","Os01g0248850",""
"Os01g0253400",8.23021287335164,-3.19625527212874,0.980346080595881,-3.26033360605264,0.00111281240188715,0.00283139791348921,"","Os01g0253400",""
"Os01g0254850",3.8940004324624,-5.72309553206153,1.32173917584308,-4.32997344457997,1.49127324171028e-05,5.10208189862683e-05,"","Os01g0254850",""
"Os01g0256300",11.6060357093868,-1.33910740405607,0.538427535413811,-2.48707080522339,0.012879976158255,0.0261155172157644,"","Os01g0256300",""
"Os01g0259300",52.5777750842508,-3.40044891523487,0.440534207067829,-7.71892139288812,1.17318223541483e-14,9.91403009784214e-14,"","Os01g0259300",""
"Os01g0259600",3609.12487774859,-1.17836795494943,0.115606625891399,-10.1929101888709,2.13282130811607e-24,3.26808370755671e-23,"","Os01g0259600",""
"Os01g0260800",375.30331609469,-1.53229047531885,0.212493523759753,-7.21099847283476,5.55430777895315e-13,4.1120730349604e-12,"","Os01g0260800",""
"Os01g0264000",43.1075507175005,-1.56933998845323,0.32344694679949,-4.85192395223348,1.22269509568624e-06,4.82399942449332e-06,"","RDD1",""
"Os01g0264400",26.2900034687415,-2.09878262819789,0.503528671753944,-4.16814919572939,3.07082918648183e-05,0.000100669402955094,"","Os01g0264400",""
"Os01g0265400",441.108571264576,-2.00404408460332,0.220754805565832,-9.07814477454573,1.10441194391488e-19,1.30615822121141e-18,"","Os01g0265400",""
"Os01g0266500",221.650074806001,-1.65337139337143,0.200049790572826,-8.26479942136975,1.39929819360518e-16,1.36122541589931e-15,"","Os01g0266500",""
"Os01g0266800",3091.56844601009,-1.58277705069029,0.678004120006975,-2.3344652399369,0.0195713741323598,0.037928817902032,"","Os01g0266800",""
"Os01g0267300",17.5458403086176,-4.38276274811886,0.792271320443243,-5.53189625198965,3.16787266926818e-08,1.50885007932445e-07,"","OsSRP-QKG",""
"Os01g0270700",93.8040503404395,-8.86355630401011,1.03483773939495,-8.56516530716444,1.07920902688339e-17,1.13399330191221e-16,"","Os01g0270700",""
"Os01g0273800",34.2071529213134,-2.49137723565572,0.521447388716178,-4.77781131820332,1.77213550002353e-06,6.86172859573106e-06,"","OsYUCCA9",""
"Os01g0274100",4.49899956783683,-4.41450579394733,1.25986441443972,-3.50395307887994,0.000458406119856528,0.00125128659597722,"","OsYUCCA10",""
"Os01g0275900",337.783459340154,-3.07339347335253,0.24255688149566,-12.6708154161667,8.58176506309464e-37,2.34174441595039e-35,"","Os01g0275900",""
"Os01g0275950",65.8915795004227,-2.34713741723416,0.369556371522985,-6.35122973948828,2.13600422204858e-10,1.26581623079879e-09,"","Os01g0275950",""
"Os01g0276900",725.850958072713,-1.63968429264775,0.196101837657066,-8.36139177601771,6.19826402843446e-17,6.2150703291186e-16,"","Os01g0276900",""
"Os01g0279100",55740.8110614792,-2.47726897817908,0.208885517302382,-11.8594578033526,1.92215778213028e-32,4.39753493701219e-31,"","OsCRD1",""
"Os01g0279400",116.814779560978,-2.92956926243095,0.420228671679918,-6.97136930404968,3.13870828403632e-12,2.1881760031955e-11,"","OsZIFL2",""
"Os01g0279700",15118.4312823088,-1.00390247386889,0.142255438731593,-7.05704107217332,1.7008536400531e-12,1.21028290176897e-11,"probable anion transporter 1, chloroplastic [Source:NCBI gene (formerly Entrezgene);Acc:4326905]","OsPT21","OsJ_01311"
"Os01g0280500",9.68100857574301,-5.5626475596556,1.17495863152498,-4.73433481861043,2.19774671002197e-06,8.40722097177928e-06,"","EIF6",""
"Os01g0281000",5861.00210493429,-2.9113114630159,0.122935244209528,-23.6816665695472,5.57124204368565e-124,1.5686211831409e-121,"","OsFbox006",""
"Os01g0281100",820.268483112027,-5.38809765228745,0.207260696241795,-25.9967169366331,5.39405420475522e-149,2.62055845159255e-146,"","Os01g0281100",""
"Os01g0281200",1.86484608203137,-4.67155096271646,1.6541618444178,-2.82411964614058,0.00474106829177742,0.0105901010662674,"","OsCycB1",""
"Os01g0283700",79.2310811971127,-8.62029349094224,1.08987758244967,-7.90941444227783,2.5860235523368e-15,2.29162752347099e-14,"","OsCCR5",""
"Os01g0286100",802.844627861518,-1.02568326980827,0.202108441929024,-5.07491552563881,3.87668186493805e-07,1.63105020491713e-06,"","PIL15","BHLH105"
"Os01g0286500",31.5749010767865,-1.45554842648864,0.480864752494337,-3.02693931908802,0.00247043545712388,0.00584790095740501,"","Os01g0286500",""
"Os01g0286900",8.00932871423233,-2.39451750615947,0.942124682917185,-2.54161423596833,0.0110341881901405,0.0226845403905668,"","OsIAA4",""
"Os01g0292200",3053.53771801895,-1.7237152311808,0.198075105690693,-8.70233149779301,3.25134188568847e-18,3.55039655803011e-17,"","OsCIPK01",""
"Os01g0292700",171.921903455469,-1.94873911092872,0.266824055623906,-7.30346110050704,2.80457985731636e-13,2.12895450749778e-12,"","OsIF",""
"Os01g0293000",1286.10219584686,-1.11065142245014,0.201600479533778,-5.50917053877369,3.60528492896767e-08,1.70441031644785e-07,"","OsSAMS3",""
"Os01g0294700",11.7034483069781,-4.84295408750273,1.11985596618804,-4.32462230298063,1.52793417638048e-05,5.22102125061082e-05,"","OsPOD",""
"Os01g0298400",2.65889063840762,-5.15693449688615,1.86604697661369,-2.76356091862404,0.00571744186544448,0.0125219709272622,"","Os01g0298400",""
"Os01g0300900",7.78326166749645,-3.54586289132725,1.02883837548004,-3.44647223104679,0.000567956932162573,0.00152577999655124,"","Os01g0300900",""
"Os01g0301900",311.141090595318,-2.43591559469118,0.293142377178343,-8.3096671935945,9.59708492253463e-17,9.45851126195866e-16,"","Os01g0301900",""
"Os01g0302000",589.019689089907,-1.38359507464595,0.217907307082259,-6.34946617060277,2.16063371512483e-10,1.27918808983627e-09,"","Os01g0302000",""
"Os01g0306200",84.4776222287966,-8.71590951590508,1.03762160149454,-8.3998921218979,4.46888995492651e-17,4.51572946220286e-16,"","Os01g0306200",""
"Os01g0306900",967.063718883791,-1.185993821335,0.214310324514509,-5.53400226527449,3.13004927389143e-08,1.49255640606636e-07,"","Os01g0306900",""
"Os01g0307500",39.343309376333,-6.59867182643335,0.812542446555067,-8.12101799039511,4.62289493065921e-16,4.35518888581533e-15,"","SKC1",""
"Os01g0307686",93.7079581942705,-4.51248779735824,0.396692758432363,-11.3752714196007,5.55298390179981e-30,1.13520034764764e-28,"","Os01g0307686",""
"Os01g0309800",1656.6369581894,-3.41920607843485,0.164535990516984,-20.7809006873904,6.44383699996989e-96,9.91670492846297e-94,"","OJ1116_C07.8",""
"Os01g0310032",2.73981700835365,-3.63151986065966,1.4448637069119,-2.51339959837546,0.0119573808429068,0.0243862066955883,"","Os01g0310032",""
"Os01g0310500",799.53391009699,-1.5258923814344,0.192034147403959,-7.94594295890805,1.92719095768754e-15,1.723827088759e-14,"","OsRLCK31",""
"Os01g0310700",1.70278576205104,-4.52258285793786,1.9225867814122,-2.35234263631828,0.0186555815766657,0.0363359283645189,"","Os01g0310700",""
"Os01g0311100",50.1067464692679,-1.70047777496183,0.301510727550338,-5.63985828556609,1.70190174885172e-08,8.32438318238864e-08,"","OsRFPH2-4",""
"Os01g0311700",17.6490092788937,-7.8967293092605,1.10986749029735,-7.11501992651832,1.1189666844256e-12,8.09006056026063e-12,"","Os01g0311700",""
"Os01g0314800",2156.85661417138,-2.86888571461273,0.331191706378348,-8.66231146300312,4.62293180833753e-18,4.98877967836146e-17,"","OsLEA9",""
"Os01g0318000",3.371150258789,-5.50991388309778,1.65217696371658,-3.33494171877521,0.000853172785710243,0.00221885820421357,"","Os01g0318000",""
"Os01g0323100",707.881932675361,-8.07728933458983,0.314431291298171,-25.6885671309674,1.56870556626509e-145,7.06687596642731e-143,"","OsPti1b",""
"Os01g0323600",77.4313191271443,-1.27601808249545,0.315049524128797,-4.05021428305283,5.11707535716098e-05,0.000162047259872671,"","OsSAM2",""
"Os01g0328600",1169.46344349004,-2.0569542049887,0.124414033935876,-16.5331364952676,2.1182832652219e-61,1.37394514299484e-59,"","Os01g0328600",""
"Os01g0328700",4830.62185656451,-2.36212808011367,0.185390516743476,-12.7413641301952,3.48251834512403e-37,9.67335841223522e-36,"","Os01g0328700",""
"Os01g0332700",9.39254956762986,-1.35675076171148,0.585283245101564,-2.31810968973842,0.0204433604333028,0.0393968376336581,"","Os01g0332700",""
"Os01g0332800",5324.62268611179,-5.09879594867483,0.199265764961188,-25.5879174712623,2.07935964257054e-144,9.20005247570897e-142,"","OsSCP3",""
"Os01g0338600",986.663849426783,-1.68929147249013,0.145825478615714,-11.5843368972704,4.94780562709562e-31,1.06787264828004e-29,"","Os01g0338600",""
"Os01g0341300",261.810474668764,-8.34170539484357,0.540003707068821,-15.4474965368718,7.84310213584419e-54,4.05696329060149e-52,"","Os01g0341300",""
"Os01g0341750",55.810371656267,-4.27892171773291,0.448498523448798,-9.54054805984529,1.42079452932007e-21,1.86456705789001e-20,"","Os01g0341750",""
"Os01g0342500",456.228088420285,-3.25393207736761,0.178796633911083,-18.1990678805833,5.24934065801195e-74,4.71242440157834e-72,"","Os01g0342500",""
"Os01g0343500",77.0616985331925,-1.09530207760562,0.276411003267477,-3.96258493568623,7.414261710209e-05,0.00022931364672806,"","Os01g0343500",""
"Os01g0346250",25.8140351604395,-1.32382006556836,0.5444530668579,-2.43146773551718,0.0150377875837528,0.0299655189772112,"","Os01g0346250",""
"Os01g0346700",875.566411158596,-1.21067546954188,0.184289129239985,-6.56943507484545,5.0506510556111e-11,3.16890304393204e-10,"","Os01g0346700",""
"Os01g0351800",20.0410972550237,-2.12095755573897,0.543130120494682,-3.90506340139487,9.42006848470485e-05,0.000287121462474513,"","Os01g0351800",""
"Os01g0352100",177.696871051757,-3.6586624094701,0.30463314962359,-12.0100600147778,3.14616650780595e-33,7.40993988250077e-32,"","Os01g0352100",""
"Os01g0356400",10754.6001890784,-2.34662686360807,0.155911756586909,-15.0509936837253,3.40087329645543e-51,1.55181284836604e-49,"","OsABCC8",""
"Os01g0356900",59.9589999684925,-9.66452115016446,1.04906265248308,-9.21252999264538,3.185270998583e-20,3.90506974427961e-19,"","Os01g0356900",""
"Os01g0357900",96.2074076790547,-1.59756795453644,0.398195397491809,-4.01202014036164,6.02013625448184e-05,0.000188644133017954,"","OsRALF-4",""
"Os01g0358700",5.12525049053871,-2.88739487571536,1.09407324266119,-2.63912392984965,0.00831205887218611,0.01754091497114,"","Os01g0358700",""
"Os01g0359800",144.755792880827,-1.48851308859359,0.314407437467164,-4.73434439269282,2.19764297983712e-06,8.40722097177928e-06,"","Os01g0359800",""
"Os01g0361500",1977.91139727682,-1.86149774598061,0.189701822791709,-9.81275624338372,9.92206958890963e-23,1.38267220587409e-21,"","Os01g0361500",""
"Os01g0362100",2292.55365579765,-1.08438322596207,0.185153407476234,-5.85667442334953,4.72227592660943e-09,2.44164922023376e-08,"","Os01g0362100",""
"Os01g0363300",862.02895630628,-1.83636390121599,0.141813900217365,-12.9491107599558,2.37691391594614e-38,6.91230001119689e-37,"","Os01g0363300",""
"Os01g0364100",61.2627609515124,-1.48270201153442,0.278602475094023,-5.32192691767738,1.02673822595453e-07,4.61278205339535e-07,"","P0503E05.16",""
"Os01g0364400",100.344648337474,-1.91912538642642,0.279228144290363,-6.87296544302056,6.28808031470931e-12,4.26965650746924e-11,"","OsRLCK35",""
"Os01g0364800",22.2943534844778,-3.98401959850549,0.612219988991933,-6.50749676609788,7.64133960986402e-11,4.72515751989262e-10,"","OsWAK7/8",""
"Os01g0365000",6.70639582847839,-3.99166837030196,0.978465484250523,-4.07951883285844,4.51290138603848e-05,0.00014416729969298,"","Os01g0365000",""
"Os01g0368000",5.23567905482327,-6.13708400652119,1.53646981192653,-3.99427568240088,6.48923245340754e-05,0.000202472878098575,"","Os01g0368000",""
"Os01g0369500",465.726571088043,-9.17417518565824,0.542711320544847,-16.9043372385303,4.1799791159398e-64,2.96754563196677e-62,"","Os01g0369500",""
"Os01g0369700",39.8649503491625,-2.48392902077738,0.346871752685276,-7.16094349438451,8.01236731207229e-13,5.8699711676882e-12,"","OsGSTF5",""
"Os01g0369900",41.0582775332718,-1.97493328054619,0.380014428697303,-5.19699551229226,2.02535250724585e-07,8.80896310583162e-07,"","OsOPR10",""
"Os01g0371200",39.6632436829582,-1.25616647530523,0.33239085424035,-3.77918483399939,0.000157342602143955,0.000463497521498129,"","OsGSTF1",""
"Os01g0373700",3.18421702662317,-3.91376805578541,1.47883901944629,-2.64651392363911,0.00813261571248119,0.0171975644336954,"","Os01g0373700",""
"Os01g0382000",84.8419690553799,-3.00475538459921,0.818832127236734,-3.66956215401463,0.000242966260375743,0.000693999814600408,"","OsPR1b",""
"Os01g0383100",4.06202081553285,-3.15687518424849,1.20767500636882,-2.614010530648,0.00894862783429406,0.0187580500719377,"","OsEXO70FX7",""
"Os01g0383700",3042.50522156763,-1.56241774618096,0.184033493038372,-8.48985540830432,2.06894349592197e-17,2.13592554160244e-16,"","OsWD40-14",""
"Os01g0384300",189.3422819876,-1.39737116855535,0.223523687659468,-6.2515574218881,4.06379631788444e-10,2.3448691515655e-09,"","OSJNBb0093M23.7",""
"Os01g0388700",19.7289326008247,-1.88123795250271,0.567070431205231,-3.31746789989454,0.000908373529806791,0.00235029501639209,"","Os01g0388700",""
"Os01g0390300",805.83937440036,-1.31152993417697,0.176537254184607,-7.42919640522723,1.09259411975907e-13,8.55871150972824e-13,"","OJ1123_G09.26-1",""
"Os01g0390900",726.840915850541,-1.21679203050245,0.157717204808636,-7.71502406461506,1.20959408345552e-14,1.01973843503836e-13,"","OsDsPTP1",""
"Os01g0495701",20.4871809222335,-3.02569106160045,0.751617236691541,-4.02557434009749,5.68364205910672e-05,0.000178528903775972,"","Os01g0495701",""
"Os01g0501800",185712.263432087,-1.72269294323055,0.202196776057546,-8.51988333750817,1.59714120067259e-17,1.65921876432138e-16,"","PsbO",""
"Os01g0507000",355.617354829346,-1.94901356221986,0.278755830841469,-6.99183065099106,2.71322276234632e-12,1.90386633765661e-11,"","miR159a",""
"Os01g0508100",25.653265463041,-1.4114116302612,0.395579602608726,-3.56795856245715,0.000359773382664573,0.0009983318515265,"","RH3",""
"Os01g0508500",163.124112794636,-4.9098145996222,0.373236469567596,-13.154702179319,1.59912352429286e-39,4.9403346086539e-38,"","RH2",""
"Os01g0510200",128.207789350706,-3.92073490767703,0.47866568126746,-8.19096722642682,2.59135153365528e-16,2.47326336476799e-15,"","Os01g0510200",""
"Os01g0515300",182.336358371429,-2.86922154711956,0.232642675429278,-12.3331694919051,6.00378493803726e-35,1.52883637625642e-33,"","Os01g0515300",""
"Os01g0517500",12.555312328819,-7.40185764236549,1.16963665706622,-6.32833931601584,2.47813729978365e-10,1.45845149350925e-09,"","OsPGL3",""
"Os01g0524500",1583.93177739312,-1.93560761405438,0.283441700133014,-6.82894441130588,8.55417102806298e-12,5.72983767402856e-11,"","OsMYBS1",""
"Os01g0532300",433.906330432953,-1.32438668498552,0.290434909170605,-4.56001204802676,5.11506860385279e-06,1.86953908832661e-05,"","Os01g0532300",""
"Os01g0532600",518.899970933527,-3.02888163434022,0.227926873729576,-13.2888306884507,2.6874511719635e-40,8.51495878359844e-39,"probable cation transporter HKT3 [Source:NCBI gene (formerly Entrezgene);Acc:4327804]","OsHKT3",""
"Os01g0537250",202.468797460914,-1.81973241360196,0.458673176418542,-3.9673835470628,7.26659986960719e-05,0.000224943209606768,"","Os01g0537250",""
"Os01g0544200",12.8148067355809,-2.44882648533213,0.742177166271433,-3.29951741527512,0.000968512180167744,0.00249525073183074,"","Os01g0544200",""
"Os01g0546400",67.3112254635367,-4.73959215361259,0.514210254818536,-9.21722604556999,3.04885329737989e-20,3.74523738964707e-19,"","FCO6",""
"Os01g0547600",280.140508993036,-6.16509297489344,1.20413254033572,-5.11994549468331,3.05623975742153e-07,1.30066046838944e-06,"","NRT2.4",""
"Os01g0551000",937.554784547477,-2.83095779899027,0.260582305832633,-10.8639678735844,1.71147441464709e-27,3.05293027874088e-26,"","Os01g0551000",""
"Os01g0551100",594.063664284539,-2.26494385068714,0.222109644236808,-10.1974133472219,2.03623324876453e-24,3.12394744301168e-23,"","Os01g0551100",""
"Os01g0552300",6349.38817753567,-1.4664522528183,0.111902863211467,-13.1046892879505,3.09527239303997e-39,9.44477390176739e-38,"","OsPP2C05",""
"Os01g0555100",19.5177623859295,-2.98169411519293,0.716903781804509,-4.1591273346163,3.19465778709168e-05,0.000104383536846592,"","SRZ3",""
"Os01g0556650",5434.16089367198,-4.67863388497677,0.136747873420787,-34.21357691304,1.51906473853482e-256,4.70473337833466e-253,"","Os01g0556650",""
"Os01g0556700",781.207381345956,-4.48503074538341,0.227609878160217,-19.7049037661992,1.95713924099464e-86,2.35398247447205e-84,"","OsNRT1.4",""
"Os01g0557500",1593.7524609205,-1.93210050496218,0.226090376009146,-8.54569990579351,1.2775960523083e-17,1.33340342830846e-16,"","OsCAX1a",""
"Os01g0559600",8694.40792117468,-1.36799755073003,0.210804790148001,-6.48940448539902,8.61763190227649e-11,5.29429867698251e-10,"","OsVPE2",""
"Os01g0566500",80.5622171642872,-2.57397684755465,0.835054837664188,-3.08240456968618,0.00205335556733367,0.00495095279212012,"","OsCCD8a",""
"Os01g0574600",1669.00044224268,-1.32712750527731,0.16984467349427,-7.81377171255291,5.55015804287207e-15,4.79484887825109e-14,"","OsGLYR2",""
"Os01g0574800",544.394131987339,-2.01399415490387,0.186388699715879,-10.8053447337414,3.24734920086281e-27,5.71851962684989e-26,"","Os01g0574800",""
"Os01g0575200",22.0564551991798,-1.75787479120991,0.504592830688947,-3.48374904338176,0.000494442870597394,0.00134167243508834,"","OsbHLH024",""
"Os01g0580800",244.923605080647,-1.21462322659984,0.18312884135087,-6.63261569089849,3.29789666923626e-11,2.1032686170828e-10,"","Os01g0580800",""
"Os01g0581400",1228.05441390708,-4.76440443578481,0.259949171365392,-18.3282155152086,4.92809202237718e-75,4.53915747354793e-73,"","OsRLCK39",""
"Os01g0581800",5.37408159393574,-2.55111112371461,1.03980395741402,-2.45345394727983,0.0141491655608396,0.0283704681638684,"","Os01g0581800",""
"Os01g0584900",46.6537110866206,-3.89498938080192,0.439446098411739,-8.86340644479339,7.76060220207278e-19,8.74815472068959e-18,"","OsWRKY77",""
"Os01g0585300",6925.32295069045,-2.72003481219317,0.201477150296754,-13.5004629963589,1.55396483809947e-41,5.12684244921313e-40,"","Os01g0585300",""
"Os01g0587400",56.0740248521625,-1.69870931060644,0.285901184835622,-5.94159591043008,2.82260512586033e-09,1.49819381326995e-08,"","Os01g0587400",""
"Os01g0588900",10844.8767352355,-2.37550137706094,0.135997006274243,-17.467306392544,2.54216639351164e-68,2.06515595842747e-66,"","LOG1",""
"Os01g0589800",1464.37978799642,-1.0782241656285,0.201384508595859,-5.3540571374946,8.60036827483125e-08,3.89492459779737e-07,"","Os01g0589800",""
"Os01g0591000",580.289391928293,-1.49368111710189,0.178215056900469,-8.38134074123768,5.23281707379077e-17,5.27046783078512e-16,"","ALDH1a",""
"Os01g0591300",26.0052621843991,-3.72309475629469,0.556616811323407,-6.68879322462916,2.25018405868203e-11,1.45378905924289e-10,"","OsALDH2C1",""
"Os01g0595600",1253.73875882576,-4.11451330318617,0.26951526035161,-15.2663463204954,1.28155225135542e-52,6.26292310292566e-51,"","Os01g0595600",""
"Os01g0597800",8.24086543872335,-4.27567500317122,0.926351393966415,-4.61560810618938,3.91945947510926e-06,1.4537791529159e-05,"","Os01g0597800",""
"Os01g0598000",5.96326096004556,-3.15947958156833,1.12225324709999,-2.81530001337286,0.00487317168856404,0.0108588060291394,"","Os01g0598000",""
"Os01g0598600",263.812430387326,-1.38796989990279,0.238659990089706,-5.81567903099755,6.03882417021393e-09,3.0907652647261e-08,"","Os01g0598600",""
"Os01g0600900",219318.395068107,-3.95671053444813,0.243756757830502,-16.2322085740879,2.98522210570271e-59,1.80402068568283e-57,"","CAB2R",""
"Os01g0602800",323.956170722829,-2.19813845325537,0.228136936176692,-9.63517127078848,5.67972049047111e-22,7.62744902939853e-21,"","OsRLCK42",""
"Os01g0603300",758.467891018615,-3.87773286854484,0.177239009535214,-21.8785518984431,4.1583851321465e-106,7.92556218609183e-104,"","P0681B11.9-1","B1085F01.29-1"
"Os01g0604500",72.1497008729947,-3.75768878656473,0.436998636287584,-8.59885700899955,8.05139269051502e-18,8.53978410500388e-17,"","OsCML12",""
"Os01g0604600",15.8795297544002,-2.0177517636393,0.565698258246558,-3.56683396886096,0.000361320244426373,0.00100228747157996,"","Os01g0604600",""
"Os01g0605100",6.41660016311188,-3.26166152115241,0.887664505035071,-3.67443048882927,0.000238380528516368,0.000681554852879073,"","Os01g0605100",""
"Os01g0607200",30.7709360186393,-2.7922915717501,0.411888131072698,-6.77924747304082,1.20803448431709e-11,7.99238195405198e-11,"","OsBAT1",""
"Os01g0613500",38.9023625058671,-2.42532846367421,0.74197063709253,-3.26876609723809,0.00108017555527562,0.00275656707519456,"","Os01g0613500",""
"Os01g0613800",101.603772582135,-8.97604085999071,1.06323953625594,-8.44216242334127,3.11520066903374e-17,3.1737387737109e-16,"","Os01g0613800",""
"Os01g0618800",5863.01358652078,-1.38281965289536,0.119455582430295,-11.5760153252132,5.45219187738645e-31,1.17468659257395e-29,"","OsFtsH9",""
"Os01g0619900",925.301515547317,-6.34607137629858,0.296667262209683,-21.3912088884725,1.61323352862063e-101,2.83482887508038e-99,"","OsTCL2",""
"Os01g0620301",381.307408407745,-3.24100236720525,0.25378413117908,-12.7707053713231,2.3897889529861e-37,6.71335610976605e-36,"","Os01g0620301",""
"Os01g0620800",51.9899129344494,-2.25544319213674,0.444156776440506,-5.07803395506418,3.81360551312137e-07,1.60560244347677e-06,"","Os01g0620800",""
"Os01g0621300",924.23983588518,-1.39237250868033,0.251804274915044,-5.52958248683466,3.20993838855167e-08,1.52771116890405e-07,"","Os01g0621300",""
"Os01g0621900",4768.21119957384,-1.16098382239568,0.164589100160523,-7.05383176202663,1.74056809339711e-12,1.23712150459266e-11,"","IIP1",""
"Os01g0622033",293.97301941216,-1.42040432001349,0.197047027703305,-7.20845341626876,5.65909243961841e-13,4.18678212530384e-12,"","Os01g0622033",""
"Os01g0622066",9.01132124198194,-2.58156975552462,0.804575853753062,-3.20860953443048,0.00133378493474405,0.00334113732970916,"","Os01g0622066",""
"Os01g0623500",313.044856952971,-1.23579667108393,0.367171481653538,-3.36572074039788,0.000763439557263769,0.00200421084025476,"","Os01g0623500",""
"Os01g0625300",69.8088560517852,-4.99371479466508,0.451616023856875,-11.0574349245138,2.01785824277723e-28,3.80490667285324e-27,"","HSFC1A","HSF02"
"Os01g0625900",36.8487468016468,-2.37296165782019,0.381821309788057,-6.21484866608777,5.13741382175334e-10,2.93768064300906e-09,"","OsOFP2",""
"Os01g0627400",23.2037162606816,-2.46053776929531,0.733062454918264,-3.35651860600289,0.000789304098982767,0.00206576398653174,"","OsCYP72A17",""
"Os01g0627800",242.772208923223,-2.44388154460274,0.355670343549907,-6.87119853797935,6.36647136654179e-12,4.31933354460038e-11,"","Os01g0627800",""
"Os01g0629400",2010.95896747418,-1.24803390197484,0.149744566844259,-8.33441859211396,7.78799364676729e-17,7.74330331404306e-16,"","Os01g0629400",""
"Os01g0633900",59.517419770163,-1.09306672715716,0.253017483398419,-4.32012330719432,1.55942039373418e-05,5.31980711765825e-05,"","Os01g0633900",""
"Os01g0635200",931.135500334068,-3.9844642518148,0.275389770631167,-14.4684540848514,1.91733127811705e-47,7.58877269615112e-46,"","Os01g0635200",""
"Os01g0635550",1456.14483026193,-1.40155771454576,0.190426507275748,-7.36009778573647,1.8377555592857e-13,1.41674142789115e-12,"","OsZHD5",""
"Os01g0635600",16.8770795559965,-7.83249310226356,1.1325362081243,-6.9158875858245,4.64942990336486e-12,3.19553189225163e-11,"","OsZHD5",""
"Os01g0635800",1.74550731251972,-4.55424404139992,1.96944850208884,-2.31244637093562,0.0207530974660561,0.0399285211924578,"","Os01g0635800",""
"Os01g0637500",20.2980763806546,-2.11455034753474,0.436031834537704,-4.84953202964335,1.23753086378638e-06,4.87942428581081e-06,"","Os01g0637500",""
"Os01g0638000",129.632071125996,-7.74298036296182,0.63108260784166,-12.2693610420406,1.32293192314142e-34,3.31764010725455e-33,"","Os01g0638000",""
"Os01g0638600",301.908838129112,-4.412298688536,0.63284414073517,-6.97217277450062,3.12082939806668e-12,2.17632395147476e-11,"","UGT703A1",""
"Os01g0639200",409.352280121763,-1.55349020371168,0.174430282448191,-8.90608088175914,5.28683627625717e-19,6.03371452864228e-18,"cinnamoyl-CoA reductase-like SNL6 [Source:NCBI gene (formerly Entrezgene);Acc:4326581]","SNL6",""
"Os01g0639900",244239.517183789,-3.81290553231782,0.349894097256923,-10.8973131076231,1.18711120593171e-27,2.13913122540872e-26,"","BETACA1",""
"Os01g0640100",39.3772303871234,-1.62134761544034,0.366398440971486,-4.42509419838531,9.64002091635114e-06,3.38298493176495e-05,"","Os01g0640100",""
"Os01g0641700",834.467476252308,-1.63445551989722,0.171125033805465,-9.55123562900371,1.28158499428593e-21,1.68723865055379e-20,"","Os01g0641700",""
"Os01g0642000",153.872983085063,-1.2074066269276,0.271053342354916,-4.45449820480954,8.40896326811219e-06,2.97386358684008e-05,"","Os01g0642000",""
"Os01g0644600",30.3343340213469,-4.16089450699953,0.513866665085527,-8.09722597263047,5.6226571546133e-16,5.26303650622795e-15,"","Os01g0644600",""
"Os01g0645200",5478.31072043771,-2.52462645808366,0.19242611380914,-13.1199784068171,2.53007021845427e-39,7.7487700621312e-38,"","BASS2","SBF1"
"Os01g0647000",665.660362728729,-1.44702654417315,0.135148570213737,-10.7069319481863,9.44398797111367e-27,1.62608540625631e-25,"","OsFbox031",""
"Os01g0647200",2366.71314628088,-2.74398611285212,0.856282518632747,-3.20453361261366,0.00135281493428705,0.00338504298392549,"","Os01g0647200",""
"Os01g0647850",9.21823163412536,-1.91707996767916,0.630427157426117,-3.04092224628478,0.00235854728948928,0.0056039246443878,"","Os01g0647850",""
"Os01g0648600",13.550798655558,-2.53369730485383,0.598309153544388,-4.23476273067893,2.28793149223629e-05,7.62141416820901e-05,"","Os01g0648600",""
"Os01g0650100",31.614001700192,-2.20673365468996,0.357684626575897,-6.16949538987725,6.85082736487006e-10,3.86130458642824e-09,"","Os01g0650100",""
"Os01g0656400",154.864964241637,-4.46876432608023,0.34259103372329,-13.0440200886566,6.87350456720895e-39,2.06180172713966e-37,"","OsWRKY15",""
"Os01g0657000",3.60966585714551,-4.06737545826025,1.34317024603792,-3.02819055905845,0.002460228957199,0.00582429704495698,"","OsAGP16",""
"Os01g0658400",685.515212344228,-2.47223380821841,0.138502797069762,-17.8497031144662,2.90576988643677e-71,2.50858050439874e-69,"","UBC5A",""
"Os01g0660200",191.866010126519,-3.3257560245443,0.413870802281366,-8.03573483853379,9.30197145746719e-16,8.54243687181856e-15,"","C10728",""
"Os01g0660300",187.388730617308,-1.3909840884286,0.206951228318486,-6.72131351783019,1.80093619188143e-11,1.17425779016438e-10,"","Os01g0660300",""
"Os01g0662600",11522.0301917956,-1.56329256605272,0.116310633993614,-13.4406675673228,3.49271440907644e-41,1.13717457179615e-39,"","OsISC6",""
"Os01g0663051",218.620324979707,-11.5297252743412,1.45601282909293,-7.91869758560028,2.40011307595459e-15,2.13374961187395e-14,"","Os01g0663051",""
"Os01g0663300",56.7388769091504,-2.61970008867825,0.599640693712628,-4.36878303315036,1.24940816912269e-05,4.31932275796747e-05,"","Os01g0663300",""
"Os01g0664200",18.8401622947448,-1.57453283059024,0.452670832628143,-3.47831739334458,0.00050457209166135,0.00136631505082987,"","Os01g0664200",""
"Os01g0665200",1415.16944398669,-1.8029229150653,0.182195339710466,-9.89554901859946,4.35215785210336e-23,6.19020752592221e-22,"","OsMPK20-4",""
"Os01g0666600",2369.49020670994,-5.56776377089197,0.177843862056858,-31.307033633311,3.74329301886902e-215,7.13442854834751e-212,"","Os01g0666600",""
"Os01g0668600",28.057757288208,-1.36766832094646,0.385123451284659,-3.55124653246724,0.00038341109474533,0.0010592971336424,"","Os01g0668600",""
"Os01g0669100",116.373711977023,-2.16005944773767,0.300796108512088,-7.1811415992799,6.91317052432158e-13,5.08271887481056e-12,"","OsLSK1",""
"Os01g0672100",75.6969120495394,-2.11276277494442,0.407137611458924,-5.18930876313199,2.11076151957049e-07,9.16710572662544e-07,"","ONAC073",""
"Os01g0672201",48.836174059609,-1.19813598028423,0.350078545677611,-3.4224775984633,0.000620532108574713,0.00165678060928402,"","Os01g0672201",""
"Os01g0674800",266.671304675508,-1.84242381132396,0.202915818935191,-9.07974460045626,1.08829919855674e-19,1.28771677376506e-18,"","Os01g0674800",""
"Os01g0675000",379.752944941938,-9.88644680832982,0.748481815130376,-13.2086666749649,7.81972774511138e-40,2.4432458302727e-38,"","Os01g0675000",""
"Os01g0675100",9393.24101843331,-1.68730724250391,0.170080815739966,-9.92062058947092,3.38643999191708e-23,4.8388594971009e-22,"","OsPrxII",""
"Os01g0675700",1993.69851056609,-1.24975124102682,0.130110654213522,-9.60529518955364,7.5940017421056e-22,1.01159452238791e-20,"","OsIAA5",""
"Os01g0677000",20.6330498504898,-8.12528720607373,1.08480371524974,-7.490098984592,6.88216903560304e-14,5.48294219276966e-13,"","OsSTA27",""
"Os01g0677900",265.494299485294,-2.34092387180055,0.343420231798721,-6.81649959741616,9.32854884044911e-12,6.22497857850276e-11,"","Os01g0677900",""
"Os01g0678000",133.344621798101,-1.49656672411837,0.276362261378159,-5.41523548351108,6.12080969109628e-08,2.81520886794677e-07,"","Os01g0678000",""
"Os01g0678100",2138.11740475371,-1.7373313710968,0.247324818153319,-7.02449266543004,2.14845461886981e-12,1.5157249456645e-11,"","Os01g0678100",""
"Os01g0680650",31.2590968625306,-1.99519165109508,0.380124250938707,-5.248788116433,1.53103045321997e-07,6.75108409671313e-07,"","P0019E03.9",""
"Os01g0681800",159.069840926477,-1.19126977526784,0.268236544869606,-4.44111661163447,8.9493278649457e-06,3.15550727920535e-05,"","Os01g0681800",""
"Os01g0682500",9170.64410499533,-1.62429917090805,0.135991257353495,-11.9441440760111,6.96638179885168e-33,1.6237633285997e-31,"","Os01g0682500",""
"Os01g0684900",476.798652297648,-1.60718798366737,0.194721148919054,-8.25379262904554,1.53445512520042e-16,1.48919681304703e-15,"","Os01g0684900",""
"Os01g0686000",151.859586542596,-4.10344941229894,0.270714375576942,-15.1578555943095,6.72287217337692e-52,3.16677954067985e-50,"","Os01g0686000",""
"Os01g0686200",297.980025191473,-2.71194718147342,0.273732156943191,-9.90730212978319,3.86953860975435e-23,5.51960611018327e-22,"","Os01g0686200",""
"Os01g0689451",2838.15974681191,-1.03286878981959,0.119023593205146,-8.6778491726372,4.03323419622112e-18,4.37911672566918e-17,"","OsHRZ1",""
"Os01g0689900",475.481434359014,-1.29486432918587,0.191494286976121,-6.76189535277015,1.36198069042221e-11,8.963026710914e-11,"","OsWAK10",""
"Os01g0690200",68.4720577541575,-2.03422883519014,0.302322932082596,-6.72866203425937,1.7123024756932e-11,1.11852671869893e-10,"","P0034C09.3",""
"Os01g0690600",34.3385756911903,-1.87512063618248,0.372304690735824,-5.03652165240381,4.7406750688093e-07,1.97245518354136e-06,"","Os01g0690600",""
"Os01g0690800",176.317141342191,-2.19778842207726,0.23754634663338,-9.25204051009569,2.20247203950694e-20,2.72853248614317e-19,"","Os01g0690800",""
"Os01g0691050",2.21491888607723,-4.12138144033238,1.67599287600166,-2.45906859112944,0.0139298001276246,0.0279940512419624,"","Os01g0691050",""
"Os01g0692200",53.6394563268641,-1.50707915429061,0.460194260807389,-3.27487603093206,0.0010570835052123,0.00270239889957268,"","Os01g0692200",""
"Os01g0692300",4251.87639082981,-1.45359262823727,0.230255537937507,-6.31295403905457,2.73758820731092e-10,1.60314873581997e-09,"","Os01g0692300",""
"Os01g0692700",644.178493216785,-1.00553069310367,0.172930034614861,-5.81466773740682,6.07544383673693e-09,3.10782843461495e-08,"","OsRFPH2-23",""
"Os01g0693900",599.170614158997,-2.00615989638798,0.173416802775508,-11.5684285737005,5.95635927964784e-31,1.27997149932207e-29,"","Os01g0693900",""
"Os01g0695600",425.380950493367,-1.21189083446983,0.17490787308495,-6.9287380441773,4.24611216168625e-12,2.93052704819221e-11,"","Os01g0695600",""
"Os01g0695700",2596.70160655829,-3.88970973305971,0.234959555238287,-16.5548054817985,1.47818430618672e-61,9.66358114891512e-60,"","OsABCB4",""
"Os01g0695800",93.5212386462972,-3.72730735906009,0.367000734584243,-10.1561305136966,3.11182512836324e-24,4.72436833366764e-23,"","MDR4",""
"Os01g0695900",2.97521432027888,-3.76419265355835,1.63557995455669,-2.30144215394141,0.0213666515276902,0.0409721790032954,"","OsMyb4",""
"Os01g0696800",89.8437847166683,-6.20751342500333,0.51448118931722,-12.0655789830557,1.60529400685818e-33,3.85410558216329e-32,"","Os01g0696800",""
"Os01g0700000",1558.92611775219,-1.03574789584012,0.199170926220795,-5.20029662708865,1.98970725842467e-07,8.66871403938599e-07,"","Os01g0700000",""
"Os01g0700100",550.746386691957,-7.16187999411717,0.30377299266785,-23.5764211005686,6.72828976110821e-123,1.83194324627448e-120,"","OsSWEET2b",""
"Os01g0703400",4620.07963386304,-2.91062731452184,0.167921491410458,-17.3332626459782,2.63922251334201e-67,2.0759370226373e-65,"","OsFPPS1",""
"Os01g0704000",6.36422145609184,-6.42782904877067,1.54170650642069,-4.16929488330037,3.05543456425842e-05,0.000100204503241073,"","Os01g0704000",""
"Os01g0704100",72.9930252905024,-1.27836720447848,0.265328332085316,-4.81805766625564,1.44962478434625e-06,5.66966902632157e-06,"","NRT2.3",""
"Os01g0704400",1066.41565020671,-1.00762438886123,0.182111480934245,-5.53300859282478,3.1478404353934e-08,1.50046253304621e-07,"","Os01g0704400",""
"Os01g0704700",679.999780342385,-1.06827434339846,0.152240816367646,-7.01700351381905,2.26676911110759e-12,1.59874005880765e-11,"","OsCBSCLC2",""
"Os01g0706850",40.7658058005952,-2.00946856069864,0.326855248556799,-6.14788524758674,7.85228071515769e-10,4.40371116522096e-09,"","Os01g0706850",""
"Os01g0706900",96.721533925177,-1.10733898720046,0.269868848140179,-4.10324865145337,4.07389000994574e-05,0.000131225653635499,"","ILL2",""
"Os01g0709500",3139.2683875464,-2.34298569274706,0.168933294946862,-13.8692949396627,9.7227793004273e-44,3.40737344733645e-42,"","P0456F08.11-1",""
"Os01g0709750",7.05843612667171,-2.96688365476841,0.767320622864717,-3.8665501308851,0.000110385781469964,0.00033293104168975,"","Os01g0709750",""
"Os01g0710200",141.004963880497,-1.72072138514385,0.234292883856752,-7.34431774801964,2.06811282595262e-13,1.58642821946217e-12,"","PAO1",""
"Os01g0710700",2665.09644009269,-1.19805493081185,0.295435950527661,-4.0552103718998,5.00892019038992e-05,0.000158987977910954,"","Os01g0710700",""
"Os01g0711400",47688.2107018002,-2.91148053888445,0.258982045755033,-11.2420169143245,2.53522957370204e-29,5.0454123010133e-28,"","Os01g0711400",""
"Os01g0712501",19.8582145480916,-1.5237480614367,0.54687012947625,-2.78630698461447,0.00533123569431292,0.0117571897461496,"","Os01g0712501",""
"Os01g0712700",219.623114694738,-2.98079503188106,0.276385908600292,-10.7849023380996,4.05674002725484e-27,7.10847578891748e-26,"","Os01g0712700",""
"Os01g0713200",81.4735159284258,-8.65493896738679,1.12555528921872,-7.68948362669457,1.47730038542481e-14,1.23784483089856e-13,"","Gns10",""
"Os01g0713600",1.99027590589761,-4.74869656169367,1.809914508198,-2.62371318655354,0.00869769938354488,0.0182784476358008,"","OsLFL1",""
"Os01g0716400",1426.56508505576,-1.38235855427127,0.204610239557836,-6.75605755243995,1.41797112398022e-11,9.31988887023902e-11,"","Os01g0716400",""
"Os01g0719600",18.1805738419352,-4.46229869162922,0.785934589641705,-5.67769729242164,1.36520026535475e-08,6.73950328246555e-08,"","Os01g0719600",""
"Os01g0719700",1687.72453061328,-2.32838382107638,0.230052040554574,-10.1211178803869,4.45300254600865e-24,6.69084560839637e-23,"","OsISC36",""
"Os01g0719800",1472.94459562572,-2.47098006577282,0.190315817443788,-12.9835769772665,1.51630239391126e-38,4.45135360354731e-37,"","Os01g0719800",""
"Os01g0720400",1594.29726422102,-5.82195321335589,0.24406355135952,-23.8542509970274,9.14834394699973e-126,2.73094599969653e-123,"","OsACP1",""
"Os01g0720500",5483.92235385991,-7.02599690023246,0.700362171326896,-10.0319480232936,1.10318287417414e-23,1.60596721935444e-22,"","Lhcb1.1",""
"Os01g0723100",82.9095972844846,-2.41458005806084,0.342071301537542,-7.05870398132722,1.68062657308287e-12,1.19692108655574e-11,"","Os01g0723100",""
"Os01g0725800",5509.00231680725,-3.07956227874817,0.136906792417515,-22.4938604167765,4.76668798350773e-112,1.00088328955399e-109,"","OsWD40-24",""
"Os01g0727800",24.1327961883582,-2.86779147615906,0.505409324629295,-5.67419581793928,1.39341670713386e-08,6.87195178197762e-08,"","OsSub3",""
"Os01g0727820",81.552120242733,-3.46649070277451,0.418194716077686,-8.28917862781067,1.14033181189392e-16,1.11897034864538e-15,"","Os01g0727820",""
"Os01g0727840",25.0197293841455,-4.57591636661232,0.633909615967329,-7.21856279089502,5.25398765493135e-13,3.89871375041132e-12,"","OsSub3",""
"Os01g0730300",1787.87859518826,-1.30252672364552,0.124927882065462,-10.4262291340455,1.8820992368997e-25,3.04590286039608e-24,"","OsTPS3",""
"Os01g0730500",8240.87113386052,-2.07914890143273,0.122896883770248,-16.9178325572489,3.32441340595674e-64,2.38060667512688e-62,"","OsDjC13",""
"Os01g0730700",9.14369033269962,-1.57198450058566,0.594737050309416,-2.64315885443462,0.00821364894700466,0.0173494953077523,"","OsWRKY14",""
"Os01g0730800",1520.62350161932,-2.70869841671531,0.224811788081375,-12.0487383683584,1.96941201925862e-33,4.70550835112545e-32,"","Os01g0730800",""
"Os01g0731201",27.7659171105128,-1.60004518938998,0.44865894549054,-3.56628393453869,0.000362079071089899,0.00100427998929748,"","Os01g0731201",""
"Os01g0734600",2120.05061528344,-4.23265112365239,0.272156101673727,-15.5522918561153,1.53512554280357e-54,8.09272459022215e-53,"","OsUGT706E1",""
"Os01g0734800",870.597784748656,-2.28812550185855,0.211514198209542,-10.8178340803002,2.83395463541389e-27,5.00833766060271e-26,"","OsUGT706F1",""
"Os01g0735300",13.8223710207823,-4.21224304204133,0.757284475091516,-5.5622994800366,2.66242874863923e-08,1.27768733498033e-07,"","OsUGT88C3",""
"Os01g0735450",2.4429604898779,-4.27342974551738,1.51005664537533,-2.82997976175602,0.00465509486565231,0.010411562148968,"","Os01g0735450",""
"Os01g0735500",56.0517017279766,-2.44085105032987,0.366454185569109,-6.6607263512059,2.72477564085076e-11,1.74539209031435e-10,"","OsUGT88C2",""
"Os01g0735900",4.55915213929652,-3.35500032578537,1.02639651434404,-3.26871757541919,0.00108036079316766,0.00275675585708703,"","OsUGT706B1",""
"Os01g0736100",30.9498378391385,-2.96168938977758,0.399742459717913,-7.40899376030148,1.27261292858566e-13,9.92493878865816e-13,"","OsUGT706C1",""
"Os01g0737700",2.85662897202131,-4.49969040435631,1.40923929740131,-3.19299242694545,0.00140806639259622,0.00350841321493932,"","Os01g0737700",""
"Os01g0740500",247.157992611496,-2.76267380491894,0.178617598006681,-15.4669743393123,5.79683270632664e-54,3.01107178122967e-52,"","Os01g0740500",""
"Os01g0742400",183.238895079835,-1.1969645443577,0.30281309794321,-3.9528162833372,7.72367375787814e-05,0.000238377509590118,"","P0439E07.18-1",""
"Os01g0742500",2510.07676272224,-1.76636638179212,0.110908101345422,-15.9263963620726,4.15630396303114e-57,2.42307631275347e-55,"","OsHXK6",""
"Os01g0746400",11.8352181748372,-2.30377162763496,0.597690788129758,-3.85445396413707,0.000115988204918716,0.00034840721571849,"","D10",""
"Os01g0746700",23.7443945211878,-1.50619797962416,0.520088848970926,-2.89603974898597,0.00377904529648265,0.00862186052587022,"","MAN2",""
"Os01g0747400",1517.43708773621,-1.62426957819025,0.203516130008121,-7.98103608851758,1.451100285351e-15,1.30884280197094e-14,"","Os01g0747400",""
"Os01g0747700",513.905146176818,-1.15388774277151,0.131503804198152,-8.77455789060533,1.71576593645224e-18,1.90038143082151e-17,"","Os01g0747700",""
"Os01g0747800",580.973833363073,-1.44154527846657,0.178015344624036,-8.09787089709081,5.59293764135811e-16,5.2391764060465e-15,"","OsVQ3",""
"Os01g0748600",538.157921672289,-1.12367758042589,0.182330084663251,-6.16287532856268,7.14357498403273e-10,4.02264448589498e-09,"","P0481E12.28-1",""
"Os01g0748800",168.758105593702,-6.03772748089788,0.395687406729986,-15.2588315377396,1.43800294395234e-52,6.99988191400928e-51,"","Os01g0748800",""
"Os01g0750500",12.9660075019418,-2.60324175561387,0.718568890432048,-3.62281444448373,0.000291414875763808,0.000821805870339161,"","Os01g0750500",""
"Os01g0753100",710.397351512983,-1.3531498817332,0.152835744346734,-8.85362182463906,8.47241139424946e-19,9.51590830078508e-18,"","Os01g0753100",""
"Os01g0757051",11.1445637593674,-3.6594591475984,0.795303738624965,-4.6013352759103,4.19791074350085e-06,1.5512548022628e-05,"","Os01g0757051",""
"Os01g0757400",13.8453836755564,-1.95703081125419,0.68703949784002,-2.84849825578717,0.00439260941450871,0.00987619632153197,"","SKD1",""
"Os01g0757900",101.144903198404,-2.24933792963011,0.308148345602003,-7.29952946927485,2.88775813785479e-13,2.18673543342384e-12,"","Os01g0757900",""
"Os01g0758500",18.7832107667581,-1.95803389984061,0.647458499116726,-3.02418441106541,0.00249304423565871,0.00589578667814412,"","B1131G08.18-1",""
"Os01g0759200",92.6911479572663,-4.12893675631753,0.512120785301585,-8.06242760462462,7.4794041434162e-16,6.90708894749993e-15,"","OsCIPK30",""
"Os01g0760000",63.7788002504601,-4.94347619710807,0.571276733688738,-8.65338268756021,4.99950304989908e-18,5.37641870952038e-17,"","Os01g0760000",""
"Os01g0760300",28.5968758587698,-8.59669265988526,1.08160433256981,-7.94809377238733,1.89403266958065e-15,1.69477961192487e-14,"","Os",""
"Os01g0760800",3.42845866804031,-3.9869721021524,1.50216163963862,-2.65415651481525,0.00795069391594886,0.0168443217747298,"","Roc9(t)",""
"Os01g0760900",25.1529261847888,-1.12827703068342,0.406961274381943,-2.77244323159974,0.00556372227904388,0.012215271108121,"","Os01g0760900",""
"Os01g0761000",5869.67414834646,-2.88381549050992,0.267255954113688,-10.7904630228862,3.81860752380813e-27,6.70068262162847e-26,"","P0460E08.25",""
"Os01g0762300",1653.69813726771,-1.96118978950188,0.238885662554412,-8.2097425543702,2.21663251925016e-16,2.1229804379382e-15,"","Os01g0762300",""
"Os01g0762900",54.3661200929639,-1.36386168115036,0.412179832690451,-3.30889959425702,0.000936634202472857,0.00241815000882255,"","Os01g0762900",""
"Os01g0763200",408.043689794497,-2.84489373903879,0.199291501646202,-14.2750378994548,3.13117540608296e-46,1.1898946784742e-44,"","OsTCP5",""
"Os01g0763750",280.294168932173,-1.53541243909539,0.241118409850896,-6.3678772601597,1.91662190534528e-10,1.14154184972933e-09,"","OsEXO70X1",""
"Os01g0764400",639.127892311395,-2.26975773746344,0.124296192862614,-18.2608789954833,1.69539706064034e-74,1.53871256305809e-72,"","CM",""
"Os01g0764500",1571.91347876169,-2.08013191007119,0.219039737897697,-9.49659605163844,2.16863380851157e-21,2.82355438116086e-20,"","Os01g0764500",""
"Os01g0764700",31.3986433993674,-1.27995349532108,0.394724741307271,-3.24264825934664,0.00118424315208426,0.00299713918071417,"","Os01g0764700",""
"Os01g0764750",5.79180170019942,-2.08455119449153,0.874813274179286,-2.38285272528263,0.0171790655343062,0.0337465873894796,"","Os01g0764750",""
"Os01g0764900",2881.18054741887,-1.14806866417003,0.167078019976522,-6.87145241684906,6.35514905827477e-12,4.31283287364761e-11,"","Os01g0764900",""
"Os01g0767000",2682.36011047684,-1.07361848781531,0.137056611921791,-7.83339433801234,4.74871942602315e-15,4.1269386607708e-14,"","NMCP1B","NMCP1"
"Os01g0767900",1401.3460743961,-1.20923318991661,0.199491796582442,-6.0615684987171,1.34800455983702e-09,7.37784603028097e-09,"","OsNH2",""
"Os01g0770400",1431.20624868704,-1.22177073749265,0.13188302679015,-9.26404835579564,1.968246084721e-20,2.4481542791733e-19,"","OsFbox040",""
"Os01g0770500",573.462826534869,-1.48062646597093,0.135037383399046,-10.9645672087378,5.6570559426841e-28,1.03672244890447e-26,"","OsABCI6",""
"Os01g0770700",1067.06113994999,-3.52748376191798,0.369688630177256,-9.5417696785174,1.40415432565296e-21,1.84370597385816e-20,"","COPT1",""
"Os01g0773700",74478.7858177401,-2.47999009871569,0.197935787878663,-12.5292658053124,5.16384920802474e-36,1.36693046823963e-34,"","PSBW",""
"Os01g0774500",2.11355571529023,-4.82647821227853,1.83843171565558,-2.62532362294316,0.0086566645491277,0.0182061096285321,"","OsSTA35",""
"Os01g0775100",1512.48175056528,-2.70342843859197,0.222737823432572,-12.1372670206161,6.70275790829024e-34,1.63781294569731e-32,"","P0490D09.29-2",""
"Os01g0775500",127.556464663481,-3.17029712549476,0.371397534476717,-8.53612862552137,1.38793848648038e-17,1.44734645957594e-16,"","Os01g0775500",""
"Os01g0777300",9.59395547090064,-2.95612543818893,0.731648944789672,-4.04036042044553,5.33691203869953e-05,0.000168470721853559,"","OsEXO1",""
"Os01g0778900",47.0635561646531,-2.30673931162655,0.442488333109822,-5.21310764379869,1.85703063595463e-07,8.11636056924464e-07,"","Os01g0778900",""
"Os01g0783800",236.408133670072,-1.08437822086095,0.26738729940338,-4.05545896637769,5.00359561909812e-05,0.000158859672801633,"","Os01g0783800",""
"Os01g0784700",111.049413678501,-2.81118627105617,0.289616108581993,-9.70659499853164,2.82620868348465e-22,3.84541309998348e-21,"","Os01g0784700",""
"Os01g0784900",131.789097818148,-1.5874874019913,0.191103802960441,-8.306937786685,9.82034013033274e-17,9.6631678875796e-16,"","OsbHLH069",""
"Os01g0786800",470.272263147279,-1.94015208587502,0.183752588667403,-10.5585020594553,4.64007021462177e-26,7.74710375388704e-25,"","Os01g0786800",""
"Os01g0786900",1844.53075754972,-1.4526556906453,0.186604083050748,-7.784694026498,6.98821218308805e-15,6.00162680278588e-14,"","OsATG18e",""
"Os01g0787600",9.19105576422757,-2.2233239132377,0.909391252191451,-2.44484858181771,0.0144912967611111,0.0289884433917366,"","OsPOP4",""
"Os01g0789200",89.9470271713397,-10.2467391702066,1.05533754242878,-9.70944248474708,2.74836250362386e-22,3.74154822814771e-21,"","OsRLCK45",""
"Os01g0795200",4.98952184607142,-3.1619561568462,1.10122618230066,-2.87130492142886,0.00408781003023126,0.00925556694864661,"","OsSub8",""
"Os01g0795400",7.82082005460524,-2.94569318243532,0.784193227512453,-3.75633591197845,0.000172419230918407,0.000504431607564692,"","Hwi2",""
"Os01g0795766",14.5840430159968,-1.2823742824805,0.474910908923056,-2.70024178932529,0.00692890990909678,0.0148844807367514,"","Os01g0795766",""
"Os01g0797800",80.6250056984293,-1.39797835656429,0.303364022753802,-4.60825362175142,4.06065166265401e-06,1.50299919697607e-05,"","Os01g0797800",""
"Os01g0801901",302.869149992583,-3.20579470216561,0.202214570381005,-15.8534308191807,1.3311105085924e-56,7.56443235582429e-55,"","OsbZIP07",""
"Os01g0803300",209.530670832524,-2.122563020186,0.316442438475175,-6.7075801539575,1.97878274426853e-11,1.28514547980974e-10,"","Os01g0803300",""
"Os01g0803800",4.88848152636253,-6.03805133889867,1.30460909056338,-4.62824564275512,3.68776440328459e-06,1.37133031097377e-05,"","Os01g0803800",""
"Os01g0804400",849.887619461727,-3.17221285460201,0.199335731337327,-15.913919864341,5.0735037393901e-57,2.94393916044189e-55,"","Os01g0804400",""
"Os01g0805300",3737.86698128743,-2.00289996657296,0.198442642553866,-10.0930925974203,5.92721292758483e-24,8.80975133213973e-23,"","PsbP",""
"Os01g0805500",207.262242912241,-1.59678013902368,0.179411337970536,-8.90010718991414,5.57927794158325e-19,6.35575951993601e-18,"","OsUGT87C1",""
"Os01g0808100",373.395435083974,-1.4744951938757,0.25205713141811,-5.84984517430623,4.92030793961588e-09,2.5387436447285e-08,"","OsbZIP08",""
"Os01g0808400",379.244477205102,-10.8813828429777,1.02458887934952,-10.6202429699276,2.39935789835183e-26,4.0524124504065e-25,"","OsCDPK2",""
"Os01g0808900",13.7291298175917,-4.03563801380307,0.91556655314076,-4.40780410769618,1.0442392383301e-05,3.64615496168332e-05,"","OsVQ4",""
"Os01g0812800",33.0420666905542,-1.02835681398702,0.415419660439138,-2.47546496210591,0.0133062817326855,0.0268849174338049,"","Os01g0812800",""
"Os01g0813000",73.6890791000296,-1.84942134890827,0.312727363313106,-5.9138456235971,3.34211145864025e-09,1.75739220418399e-08,"","Os01g0813000",""
"Os01g0816700",4.98172280447042,-2.89317143196306,1.0276672165015,-2.81528045801861,0.00487346825862815,0.0108588060291394,"","Os01g0816700",""
"Os01g0817000",521.89366920561,-2.32270844865423,0.135846090556718,-17.098088278694,1.53352619690201e-65,1.13421428598929e-63,"","Os01g0817000",""
"Os01g0817400",5.34382435870609,-4.6714109769904,1.2448734670723,-3.75251871017593,0.000175066761373495,0.000511693894839105,"","OsCHX17",""
"Os01g0818000",1755.58022027392,-1.23555916091769,0.140005856516552,-8.82505340604533,1.09407587146303e-18,1.22328149220395e-17,"","OsPILS6a",""
"Os01g0823100",28.1058504047964,-8.57233294674736,1.18473501886872,-7.23565422665814,4.63290315847834e-13,3.45855503337203e-12,"","OsEXP2",""
"Os01g0823500",37.8273863556885,-5.20373771942797,0.567595828226139,-9.16803376742705,4.81725130172072e-20,5.83938529856821e-19,"","OsOFP4",""
"Os01g0823600",8862.54776446772,-3.64887174716415,0.325682216337459,-11.2037795253252,3.90701454494833e-29,7.70120122356284e-28,"","Os01g0823600",""
"Os01g0825500",2337.16292331098,-2.23264695316496,0.19182549319612,-11.638948066628,2.61217435049026e-31,5.72759680372542e-30,"","P0031D02.50-2","P0439E11.14-2"
"Os01g0825800",458.245958951068,-4.2252490224835,0.620551197789236,-6.80886450229457,9.83720746167366e-12,6.55558066912018e-11,"","OsATL7",""
"Os01g0826400",132.27389048072,-3.59555085735089,0.730815102986082,-4.91991865337704,8.6580188426355e-07,3.48472600493794e-06,"","OsWRKY24",""
"Os01g0826800",57.8252158438237,-1.42220521031511,0.38754737073961,-3.66975837715251,0.000242779838326694,0.000693572703127003,"","Os01g0826800",""
"Os01g0826900",4953.41383259979,-3.87384888177939,0.187251497523309,-20.6879460672787,4.44758842177847e-95,6.67866050463062e-93,"","Os01g0826900",""
"Os01g0827200",249.830775239821,-1.56633363260308,0.232991175463401,-6.7227165556282,1.78367354618006e-11,1.16392097586788e-10,"","Os01g0827200",""
"Os01g0830000",5797.56725040497,-1.33130974422622,0.126574957884009,-10.5179552613101,7.14063823169469e-26,1.18264434135494e-24,"","OsABCI5",""
"Os01g0830100",763.647475630591,-1.19958065301576,0.138551423539934,-8.65801752422995,4.80039746063255e-18,5.16678748401793e-17,"","B1088C09.41-1","P0446G04.14-1"
"Os01g0830900",24.1185915845807,-4.85601394801778,0.755245067986382,-6.42971950941008,1.27839623353108e-10,7.74067044921786e-10,"","Os01g0830900",""
"Os01g0831250",30.1804285285745,-1.5891095647361,0.408832651215584,-3.88694386324379,0.000101514218385361,0.000307709541097881,"","Os01g0831250",""
"Os01g0832300",134.75396761523,-1.12900807097176,0.304314669589454,-3.71000212541473,0.000207257507362293,0.000598649948696145,"","OsCDPK3",""
"Os01g0833150",1106.01578221028,-2.71737467105948,0.225219907086779,-12.0654284348517,1.6082323769103e-33,3.85742242039753e-32,"","P0460C04.19",""
"Os01g0833200",2346.18170334696,-1.96584650242826,0.128400546010684,-15.3102659101207,6.52964328517452e-53,3.22280820073245e-51,"","Os01g0833200",""
"Os01g0833800",1941.10149636015,-1.96437961420757,0.113149926427178,-17.3608563101613,1.63270011283724e-67,1.2883251813939e-65,"","P0460C04.27-1",""
"Os01g0835500",488.362726931891,-3.90650608623004,0.260508907181855,-14.9956718504945,7.83656834875471e-51,3.54966460652825e-49,"","rbohE",""
"Os01g0835700",136.290286645887,-2.3405607556743,0.230498486433016,-10.1543432752843,3.16936728984443e-24,4.80878220088643e-23,"","OsCCT01",""
"Os01g0836600",23.9108001006554,-4.83076327140602,0.798731454735456,-6.04804436180116,1.46614590987648e-09,8.00147515616949e-09,"","OsABCG3",""
"Os01g0837200",6.52750511907329,-4.97489217169726,1.26910153485025,-3.92001115362631,8.85448705926256e-05,0.00027101621478363,"","Os01g0837200",""
"Os01g0837700",5.76814844232831,-3.08187709735858,0.885220195117218,-3.48148078224818,0.000498649562275324,0.00135205079935387,"","OsMTP11",""
"Os01g0837800",3189.51738911527,-1.91581710226653,0.125917423747306,-15.2148689613539,2.8178310121161e-52,1.34782623527414e-50,"","OsMTP11",""
"Os01g0838350",45.3082056532499,-1.33470914014337,0.411388415286789,-3.2444013748246,0.00117697768197114,0.00297966445552252,"","OsIPS2",""
"Os01g0838600",75.7147386312092,-2.07177977257389,0.255429131073511,-8.11097686417624,5.02144167709173e-16,4.72526625268902e-15,"","Os01g0838600",""
"Os01g0839200",26.6579654851661,-3.08449810497527,0.559323988557529,-5.51468946098673,3.49396335149503e-08,1.65494035480773e-07,"","OsDSR2",""
"Os01g0841600",169.368204863053,-1.46718952052972,0.183177262775958,-8.00967051420691,1.15016167534721e-15,1.04616577937144e-14,"","OscTPI",""
"Os01g0841700",36.0744792213514,-4.86107470245459,0.647806328816274,-7.50390122204758,6.19459910653468e-14,4.95908181139289e-13,"","Rpp17",""
"Os01g0841800",823.95316791803,-1.36451765416221,0.148797670883609,-9.17028906473641,4.71752301203821e-20,5.72690189462375e-19,"","Os01g0841800",""
"Os01g0842200",3153.04063823671,-2.33870288235475,0.202238596668014,-11.5640778807117,6.2660826454893e-31,1.34303399400769e-29,"","Os01g0842200",""
"Os01g0843432",2.99669351566681,-5.33367756034145,1.56119664487758,-3.41640342223493,0.000634541669811311,0.00169090545847654,"","Os01g0843432",""
"Os01g0843500",98.4066413495522,-4.34298514158944,0.37259920147232,-11.6559163960314,2.14064971466702e-31,4.71456693158263e-30,"","Os01g0843500",""
"Os01g0846700",535.333987264101,-2.73369563795595,0.367899318401748,-7.4305536901559,1.08144028087641e-13,8.47669909499361e-13,"","Os01g0846700",""
"Os01g0846800",5.23676774068115,-2.69796685148428,0.928513328935689,-2.90568456844538,0.00366450657304241,0.00838602377022923,"","Os01g0846800",""
"Os01g0847100",19.6652693225281,-2.36928947916933,0.663465706080495,-3.57108055089419,0.000355511530354361,0.000987722492441132,"","P0005H10.10-1","P0446B05.38-1"
"Os01g0847600",33.6641220642289,-1.0550163371891,0.407818227879095,-2.58697690555872,0.0096822081318277,0.0201488004344569,"","ARK1",""
"Os01g0847700",618.669646175633,-2.28465451730109,0.233502475181657,-9.78428393756301,1.31522936677574e-22,1.82052726372081e-21,"","AKR2",""
"Os01g0849500",165.821268415817,-1.03553563093712,0.176134671589619,-5.87922651225557,4.1218800640959e-09,2.14599332523858e-08,"","Os01g0849500",""
"Os01g0850550",14.218686260578,-6.11376452386609,1.22045013885352,-5.0094340843857,5.4590319416473e-07,2.25393158503908e-06,"","OsLAC7",""
"Os01g0850900",1133.25701460252,-2.66553627579104,0.212859686111631,-12.5225040235808,5.62326651071328e-36,1.4822093014462e-34,"","Os01g0850900",""
"Os01g0851600",33.4092785160629,-1.95349949540625,0.456572091660252,-4.27862221780279,1.88053723772077e-05,6.34969625770066e-05,"","Os01g0851600",""
"Os01g0852100",73.4237415396925,-1.61247240528938,0.272462926232057,-5.91813509305129,3.25612475767094e-09,1.71616683941316e-08,"","OsRLCK48",""
"Os01g0853700",644.133910035521,-1.64804315510856,0.172898865089183,-9.53183327292801,1.54529820121305e-21,2.02367090546807e-20,"","Os01g0853700",""
"Os01g0855600",5.52764831211919,-6.22147297474306,1.25096608505307,-4.97333464838027,6.58109093752608e-07,2.68986621839465e-06,"","HS1",""
"Os01g0855900",62.8833225520649,-1.17839657686828,0.298072980100744,-3.9533827469702,7.70540314303391e-05,0.000237843246137973,"","Os01g0855900",""
"Os01g0856500",146.968255490372,-2.40674670107758,0.212441845660765,-11.3289671984904,9.43102134345624e-30,1.90442066688521e-28,"","OsLAX1",""
"Os01g0856900",764.323690255116,-2.44752916198478,0.191090225561521,-12.8082383847352,1.47443930996049e-37,4.17510660375897e-36,"","Os01g0856900",""
"Os01g0857400",426.058885617448,-2.21760060041118,0.164911157713308,-13.4472441474603,3.19561651865879e-41,1.04181303266854e-39,"","OsGAT3",""
"Os01g0857600",4.09907801497432,-2.23880195563839,0.995586372383379,-2.24872699922441,0.0245298703305459,0.0463209052038667,"","Os01g0857600",""
"Os01g0858900",272.988575999106,-1.27584495462101,0.273912402842105,-4.65785755366639,3.19517165288266e-06,1.19840702457574e-05,"","STLP1",""
"Os01g0859500",41.8274024991689,-3.02103758406996,0.411780902179798,-7.33651698774236,2.19223999124086e-13,1.6785268931698e-12,"","OsLG2",""
"Os01g0860400",22.6863980316472,-4.75988864415412,0.723618699424074,-6.57789613223442,4.7715134129694e-11,2.99984237079784e-10,"","Os01g0860400",""
"Os01g0861900",199.38946274144,-2.02088106307225,0.252337532354043,-8.00864240931404,1.15981605252975e-15,1.05456008563412e-14,"","Os01g0861900",""
"Os01g0862200",2796.03417359837,-1.90845895835565,0.256464224943602,-7.44142368696973,9.96059189815391e-14,7.83223057634273e-13,"","P0679C12.49-1","P0423B08.8-1"
"Os01g0862800",14.3562216290132,-1.90968718667511,0.789106663196638,-2.42006217377388,0.0155178536351696,0.0308155694092008,"","ENAC1",""
"Os01g0864200",27.2378716703184,-3.0055016855003,0.51332515879175,-5.85496665032854,4.77105745110635e-09,2.46584252119445e-08,"","Os01g0864200",""
"Os01g0864700",51.3621931823717,-2.13189590367031,0.359133362249488,-5.9362234973572,2.91662146918148e-09,1.54599587116336e-08,"","OsNek5",""
"Os01g0865400",176.496883129858,-1.96622872520333,0.367080354893711,-5.35639867127365,8.48970755567347e-08,3.84691814387201e-07,"","Os01g0865400",""
"Os01g0865700",52.0424420075245,-4.97122921840571,0.446347296754311,-11.1375811045678,8.23249931111442e-29,1.57754551764487e-27,"","OsPUB31",""
"Os01g0866100",1033.04887676397,-1.04736545142556,0.201561498544614,-5.19625751439697,2.03340536494848e-07,8.84199451164067e-07,"","Os01g0866100",""
"Os01g0866133",2890.66151400585,-1.07609077414274,0.139532676854184,-7.71210585508435,1.2375841243722e-14,1.0415632421729e-13,"","Os01g0866133",""
"Os01g0866200",117.104028316564,-1.42063621140176,0.315662741401911,-4.50048746675797,6.77978024420135e-06,2.43664947941075e-05,"","Os01g0866200",""
"Os01g0866400",9257.28258114624,-3.73889753470014,0.362399674210271,-10.3170554522374,5.90050073651974e-25,9.31782707130335e-24,"","FR",""
"Os01g0866600",1026.61644331259,-1.45264214448515,0.16986660687842,-8.55166398611154,1.21326545229587e-17,1.27054429888143e-16,"","Os01g0866600",""
"Os01g0869200",484.24076087004,-2.12326640759769,0.182708030804285,-11.6210896601043,3.22002846304982e-31,7.01694329190724e-30,"","OsMGT1",""
"Os01g0869800",56283.7709692057,-3.32119999983365,0.25336410438822,-13.1084077906502,2.94720915801454e-39,9.00406921185282e-38,"","PSBS1",""
"Os01g0870400",610.247446204675,-2.58651513899929,0.257840441516438,-10.0314563680826,1.10869067114537e-23,1.61303750786664e-22,"","P0039A07.14",""
"Os01g0870500",361.943988598338,-3.69061777853433,0.201238708317689,-18.3395024217113,4.00445433516418e-75,3.71604363529449e-73,"","Os01g0870500",""
"Os01g0871100",171.007080036639,-1.39348740178773,0.200801257631728,-6.93963483208559,3.93114764943094e-12,2.7214877147234e-11,"","Os01g0871100",""
"Os01g0871200",14891.9922286706,-2.59103272873201,0.161374684340521,-16.0560049385726,5.18915929431997e-58,3.06853937554573e-56,"","OsbHLH033",""
"Os01g0871500",2104.64452962808,-1.0384108595684,0.277004718747992,-3.74871180628912,0.000177745190939572,0.000518910403665581,"","Os01g0871500",""
"Os01g0873100",62.8209437751801,-1.90455254680386,0.300174284236212,-6.3448224808796,2.22682068267463e-10,1.31680038316538e-09,"","Os01g0873100",""
"Os01g0873200",1243.76443788236,-2.38820266963617,0.263844938018791,-9.05153870894456,1.40967676342508e-19,1.65690517871837e-18,"","Os01g0873200",""
"Os01g0874900",2403.53877635295,-1.09993255669649,0.195166860107348,-5.63585721516192,1.74189664483337e-08,8.50926127149772e-08,"","OsSHM4",""
"Os01g0876650",42.2448941182674,-3.17252506493324,0.359668299561544,-8.820696927699,1.13749508251754e-18,1.26953674142059e-17,"","Os01g0876650",""
"Os01g0878300",244.032464529397,-2.67876707567334,0.278876219604901,-9.6055772681819,7.57323590895607e-22,1.00937098502531e-20,"","P0018C10.13-1","P0471B04.24-1"
"Os01g0878800",110.933857297103,-1.49511319962116,0.259559713548168,-5.76018974278805,8.40194334957888e-09,4.24327253103375e-08,"","Os01g0878800",""
"Os01g0881000",7.52830222804436,-2.69908796626574,0.71340427668632,-3.78339190620315,0.000154705528506513,0.000456271739055575,"","CHR703",""
"Os01g0881100",46.6722556282049,-9.30075830147225,1.06555414741633,-8.72856468535545,2.57924916815635e-18,2.82645097918664e-17,"","OsSTA37",""
"Os01g0881300",857.266398830283,-1.8634561258729,0.258593701815713,-7.20611566634712,5.75705056762449e-13,4.25671268021582e-12,"","OsSWEET1a",""
"Os01g0882200",160.054807878593,-1.09668623903732,0.324429944455212,-3.38034838577831,0.000723940033437005,0.0019088073011034,"","Os01g0882200",""
"Os01g0882500",2700.2728326797,-1.14748754099569,0.22453251632701,-5.11056286976486,3.21200398428352e-07,1.36203701383866e-06,"","Os01g0882500",""
"Os01g0883000",176.333654170352,-2.38332771194793,0.320325895700171,-7.44032169718413,1.00440401692502e-13,7.89033555084059e-13,"","OsRLCK50",""
"Os01g0883800",944.919915291091,-1.01738893866351,0.210717827293995,-4.8282053385262,1.37768997197018e-06,5.40453205121994e-06,"","C20ox2","osGA20ox2"
"Os01g0884700",751.366652424284,-1.74591001348327,0.146429924746785,-11.9231777008859,8.9623695579923e-33,2.07921938706344e-31,"","Os01g0884700",""
"Os01g0885700",2.85817359355814,-5.26560784040413,1.70521377908636,-3.08794586636838,0.00201545180817883,0.00486713932273362,"","Os01g0885700",""
"Os01g0886300",2339.03370550835,-1.32394648824334,0.160920043896675,-8.22735599732646,1.91391004179501e-16,1.84302172971454e-15,"","P0434C04.7-1","P0408G07.28-1"
"Os01g0886900",3502.44705435357,-1.9579934205373,0.161586180947905,-12.1173321199327,8.54971335461615e-34,2.08090616686959e-32,"","OsRUS6A",""
"Os01g0887100",425.128549762854,-1.40881613165692,0.166092196599377,-8.48213317965238,2.21102275926817e-17,2.28070403440414e-16,"","OsCMS",""
"Os01g0888300",275.414785619277,-1.06270643215399,0.176738209714362,-6.01288444570927,1.82250953533795e-09,9.86592063733195e-09,"","ONAC075",""
"Os01g0888600",429.462265195212,-2.96957556158288,0.160098804425137,-18.5483931141501,8.40265979982867e-77,8.16441968079823e-75,"","OsMLO5",""
"Os01g0888800",9.502627514344,-2.01959272053939,0.733465597123638,-2.75349345417076,0.00589629493033098,0.0128818005016145,"","Os01g0888800",""
"Os01g0891601",2.48435285795004,-5.08114425446405,1.51132503462784,-3.36204597822683,0.0007736724009677,0.00202892475431591,"","Os01g0891601",""
"Os01g0891700",15.3701852546132,-1.91122971977225,0.522895576742244,-3.65508871136306,0.000257093063250162,0.000731006980508293,"","Os01g0891700",""
"Os01g0892300",21.4112035987693,-5.38034555378389,0.753393141739475,-7.14148464553508,9.2328190586316e-13,6.71642859118365e-12,"","Os01g0892300",""
"Os01g0892500",13.7793954696339,-2.84791519351301,0.692530844570057,-4.11232974797113,3.91686304396897e-05,0.000126463533542376,"","Os01g0892500",""
"Os01g0892600",719.787742651452,-4.01876194189861,0.278678655094519,-14.4207741369197,3.83022168893964e-47,1.50398419630519e-45,"","Os01g0892600",""
"Os01g0892800",69.6471922288873,-4.93999570092509,0.433243307795121,-11.4023589332884,4.06940842959153e-30,8.37439640033135e-29,"","OsSTA40",""
"Os01g0893400",261.221715297907,-1.27112997920359,0.259115482899909,-4.9056504265112,9.31182423173889e-07,3.73452685318541e-06,"","Os01g0893400",""
"Os01g0894000",396.233297864359,-1.09827588720581,0.164821301714055,-6.66343413008097,2.67501969091641e-11,1.71529407044089e-10,"","Os01g0894000",""
"Os01g0894300",968.337511122006,-1.4598079499632,0.18018926433991,-8.10152566697541,5.42741912108975e-16,5.09182747304963e-15,"","OsFKI",""
"Os01g0894600",400.547990804257,-2.19345861963795,0.162000741371083,-13.5398060593659,9.10289278861485e-42,3.04786992734473e-40,"","OsRFPV-7",""
"Os01g0896500",21249.2559409205,-3.15538046820545,0.194062148920098,-16.2596389134319,1.90859441754507e-59,1.17052583870085e-57,"","OsStr10",""
"Os01g0898800",1903.88132933628,-3.86788202253713,0.218056505496366,-17.7379804089431,2.13470641449994e-70,1.80517477242542e-68,"","Os01g0898800",""
"Os01g0899200",327.367786608593,-1.62049660638693,0.330385088417584,-4.90487211196026,9.3488230617667e-07,3.74693932386596e-06,"","Os01g0899200",""
"Os01g0900900",594.174551428714,-1.87228939569338,0.237288875198666,-7.89033785981681,3.01369528646804e-15,2.65636172582065e-14,"","Os01g0900900",""
"Os01g0901500",430.591095610917,-1.00148252753673,0.176664387960553,-5.66884214242627,1.43765745122237e-08,7.08449456422767e-08,"","OsACS5",""
"Os01g0902100",76.5256054393321,-2.2885778741582,0.344670254080527,-6.63990537931221,3.1388458413048e-11,2.00477386435884e-10,"","OsABCC2",""
"Os01g0902700",5.08445412854873,-3.17788248166761,0.99417224257703,-3.19651097221353,0.00139100535957502,0.00347163829315365,"","B1065G12.20",""
"Os01g0904200",1293.79529257273,-2.42581428398584,0.153652691347233,-15.7876459092008,3.78441710980081e-56,2.0976846248218e-54,"","P0551C06.44-1",""
"Os01g0904300",244.608111528317,-2.16756288479082,0.27240690578086,-7.95707758794682,1.76150260301638e-15,1.57904305336241e-14,"","Os01g0904300",""
"Os01g0906450",219.739657197121,-1.10870767941812,0.209962573630111,-5.28050147342603,1.28830788327588e-07,5.72974410768738e-07,"","Os01g0906450",""
"Os01g0908600",4.67447459783534,-5.97641716745078,1.31975284293527,-4.52843666861031,5.94216851726146e-06,2.1559395131379e-05,"","OsProT1",""
"Os01g0909300",4.14299319547018,-3.62855672379697,1.30778740155083,-2.77457690714414,0.00552735635281458,0.0121464575036529,"","Os01g0909300",""
"Os01g0910500",2360.11096037783,-2.9725311569796,0.289941239208634,-10.252184770586,1.15698329967449e-24,1.79953391186659e-23,"","Os01g0910500",""
"Os01g0910900",56249.6399348527,-1.46665520144983,0.310862217717894,-4.71802334879051,2.38147167706886e-06,9.06107551331927e-06,"","Os01g0910900",""
"Os01g0911300",2525.51122991646,-1.59036337514775,0.183311989743587,-8.67571934259355,4.10944505987279e-18,4.45795622804151e-17,"","OsABCB24",""
"Os01g0912700",14727.1912739995,-2.14703495768079,0.154583105594968,-13.8891953905128,7.36580955946672e-44,2.59236737862084e-42,"","Os01g0912700",""
"Os01g0913000",1256.33659374466,-2.46912116941246,0.227351130856082,-10.8603865752287,1.77994108428943e-27,3.17049606365486e-26,"","OsTRXh10",""
"Os01g0915900",2.23647952106745,-4.90618861063853,1.56618800619723,-3.13256683822458,0.00173284968179596,0.00424215162196014,"","Os01g0915900",""
"Os01g0916100",2.80405503630866,-5.23454856989625,1.83308135568018,-2.85560079135381,0.00429554862078277,0.0096693747776083,"","Os01g0916100",""
"Os01g0917200",311.70121091115,-1.4468195836812,0.18282395802479,-7.91373077857233,2.49788154507599e-15,2.21589728042777e-14,"","P0413C03.17",""
"Os01g0917400",2258.63928098547,-2.22802791843884,0.120343541452993,-18.5138968949914,1.59531065441748e-76,1.53801603441641e-74,"","C3H12",""
"Os01g0918300",5363.41629654165,-1.19934780022506,0.118171266572751,-10.1492336928343,3.33975472509405e-24,5.05492381329598e-23,"","smt3",""
"Os01g0919200",16.3544238170584,-5.74426704325163,0.92893610793654,-6.18370520230014,6.26142490481581e-10,3.54685242036171e-09,"","Os01g0919200",""
"Os01g0919400",5710.3470752999,-2.9339038881099,0.148880288273067,-19.7064629719733,1.89777073229116e-86,2.29371050897454e-84,"","SPS1",""
"Os01g0919600",3987.73141079562,-1.41140696562366,0.133278186956346,-10.589932215134,3.31832056325603e-26,5.57410363361319e-25,"","Os01g0919600",""
"Os01g0919700",1594.84278434389,-1.79420450170106,0.144675756374863,-12.4015560495994,2.56297620374012e-35,6.6079980645233e-34,"","Os01g0919700",""
"Os01g0919800",1098.42401242095,-5.33137892184244,0.271974199590652,-19.6025171868019,1.47161117932907e-85,1.7038369247774e-83,"","OsPIN5a",""
"Os01g0919900",1750.25351470021,-1.91436050032767,0.232109293308516,-8.24766847134868,1.61514707969292e-16,1.56408489977786e-15,"","OsSSI2",""
"Os01g0921000",10.177720353228,-2.3262926185493,0.914348972211018,-2.54420652207221,0.0109526306315759,0.0225336983441464,"","OJ1485_B09.2",""
"Os01g0921100",33.0292917343221,-4.60955049181601,0.542918365247223,-8.49031969975266,2.06069426704392e-17,2.12829603395361e-16,"","Os01g0921100",""
"Os01g0921800",1316.97454976104,-2.86660247250452,0.238497885939786,-12.0194041184426,2.80990458573075e-33,6.6432257557873e-32,"","OsFbox052",""
"Os01g0924200",50.3626164449599,-3.92136991489199,0.400226300723342,-9.79788161798656,1.14971472414449e-22,1.59856799776251e-21,"","Os01g0924200",""
"Os01g0924400",2990.99761602661,-1.5736666000349,0.142369383407594,-11.0534060229059,2.11052465659297e-28,3.97057474687958e-27,"","OsTCP6",""
"Os01g0925100",9.73193383304797,-1.53064978635607,0.683008403084514,-2.2410409292822,0.0250234239256629,0.0471236128757429,"","Os01g0925100",""
"Os01g0925400",392.187713788166,-2.24638410937884,0.242913742304323,-9.24766169286777,2.29457287468932e-20,2.8341292181544e-19,"","ONAC041",""
"Os01g0925600",25.2568849715161,-8.41589763588068,1.08348382361176,-7.76744188743542,8.00870619030082e-15,6.833047977861e-14,"","OsSTA41",""
"Os01g0927500",110.224190291286,-2.06766350372329,0.215083338222721,-9.6133132431774,7.02512869594622e-22,9.38337540158811e-21,"","Os01g0927500",""
"Os01g0928000",774.694532888533,-2.67284621627866,0.158234698366709,-16.8916567849381,5.18269796113707e-64,3.66890592523123e-62,"","OsbHLH001",""
"Os01g0929200",13.2507226488384,-1.45349638262013,0.634704699023639,-2.29003564154486,0.0220192506169751,0.0420867833477429,"","OsRLCK53",""
"Os01g0930400",156.740473773639,-3.05113523000625,0.264880382697064,-11.5189173276593,1.0593366760041e-30,2.23761166422452e-29,"","HAK5",""
"Os01g0931000",63.719590007205,-1.49539490717452,0.330916002218572,-4.51895616153008,6.21452594396512e-06,2.24784393158575e-05,"","Os01g0931000",""
"Os01g0933500",50.4292566113108,-3.28794380015882,0.388973192512694,-8.45288020729481,2.84203233949444e-17,2.90739204276027e-16,"","Os01g0933500",""
"Os01g0934350",35.8197539359087,-1.96266549730593,0.333351685334056,-5.88767234021667,3.91672657982459e-09,2.04433820240813e-08,"","Os01g0934350",""
"Os01g0934400",210.123383327361,-1.9609976798096,0.188214592371689,-10.4189460290995,2.0319238204227e-25,3.28622562001391e-24,"","Os01g0934400",""
"Os01g0934800",3.36828033163488,-4.75077745180823,1.33649501559468,-3.55465407380839,0.000378476687079701,0.00104677783875136,"","Pir7b",""
"Os01g0935400",49.9389491023004,-2.62649990641292,0.388036555196667,-6.76869194728766,1.29951899894353e-11,8.57246598424487e-11,"","Os01g0935400",""
"Os01g0936600",79.1013531519546,-1.55911404467837,0.301791855591885,-5.16618992789111,2.38914024459083e-07,1.03092524974272e-06,"","Os01g0936600",""
"Os01g0936700",42.3038872053408,-7.12748424207682,0.881644303798545,-8.08430816301791,6.25180693679289e-16,5.81678634896423e-15,"","OsSTA43",""
"Os01g0937200",161.330620810754,-1.08348356463053,0.20724390702412,-5.22805992315338,1.71297996934998e-07,7.51194773461672e-07,"","Os01g0937200",""
"Os01g0937500",4.21588692666971,-2.61590990294611,1.07872418807822,-2.42500347341467,0.0153082402899096,0.0304378867799445,"","Os01g0937500",""
"Os01g0938100",4886.24395254382,-3.46054097879124,0.27495997059298,-12.585617358513,2.53354274025085e-36,6.78633388921031e-35,"","PSB28",""
"Os01g0940000",874.050041241035,-2.20152255614873,0.237062906739325,-9.28665975807647,1.59206180757417e-20,1.98923426153632e-19,"","CKX4",""
"Os01g0940100",193.441058749277,-1.40237204099381,0.215463100505047,-6.50864132979912,7.5833543360458e-11,4.69145494092901e-10,"","OsHXK3",""
"Os01g0940700",89.5884890911952,-4.41308424021366,0.902151598171728,-4.89173244181696,9.99522597393113e-07,3.99245065220203e-06,"","OsPR2",""
"Os01g0941200",13.4271871859964,-2.66043568281734,0.847856534132113,-3.13783709356044,0.0017019944207066,0.00417279989727364,"","Os01g0941200",""
"Os01g0944700",41.3255260849386,-2.81240206288243,1.2109901119427,-2.32239886613997,0.020211468359824,0.0389924123297796,"","OsPR2",""
"Os01g0945300",164.66414979786,-1.04907960521596,0.22041533163712,-4.7595582277512,1.94017148650423e-06,7.47382290440225e-06,"","OsBAT4",""
"Os01g0946200",82.0773031969511,-2.45058718469435,0.337745838227996,-7.25571393433447,3.99548718163751e-13,3.00352505762841e-12,"","ONAC038",""
"Os01g0949500",1183.12184570983,-2.4360993383208,0.214749835334164,-11.3438938592436,7.95254802773232e-30,1.61112250599447e-28,"","OsCML10",""
"Os01g0949700",41.398148199817,-2.11968302376128,0.327987785184112,-6.46268891559915,1.02858609568703e-10,6.2818037201966e-10,"","OsGSTU7",""
"Os01g0949750",99.5505499337032,-2.96849507333127,0.236319533332599,-12.5613614391891,3.44355933006747e-36,9.15462119324912e-35,"","OsGSTU35",""
"Os01g0949800",56.6400488248397,-5.23852335360888,1.20563535049413,-4.34503131602924,1.39255795389637e-05,4.77838037082222e-05,"","OsGSTU36",""
"Os01g0949900",13.2372449287122,-4.3482984570739,1.12372853216838,-3.86952749938928,0.000109046481852637,0.000329091922151373,"","OsGSTU37",""
"Os01g0952500",1815.34285488607,-2.44587183502492,0.653971992227092,-3.74002535903034,0.000184001690443692,0.000535660895796422,"","RR4",""
"Os01g0952800",362.006818639397,-3.24175771226979,0.801455717749577,-4.0448369641337,5.23595489772041e-05,0.000165558007275164,"","OsIRO2",""
"Os01g0953100",15.8027348233277,-1.64253599145906,0.454062021967621,-3.61742650121086,0.000297546785125378,0.000838144235453785,"","Os01g0953100",""
"Os01g0953500",943.93432679761,-2.73784620659347,0.238936761491474,-11.4584553230883,2.13284722483651e-30,4.42963584993916e-29,"","Os01g0953500",""
"Os01g0954000",77.0929739992253,-1.16296009329942,0.307142485300652,-3.7863862830993,0.000152853998482806,0.000451186981225695,"","Os01g0954000",""
"Os01g0954400",1012.23548231882,-1.35017282252015,0.133393138108403,-10.1217561987553,4.42405195500574e-24,6.6554180503447e-23,"","OsRFP",""
"Os01g0957200",36.5643337233679,-1.28076727493977,0.390748073424795,-3.27773151563926,0.00104644876916007,0.00267849805304536,"","Os01g0957200",""
"Os01g0958800",393.869194986727,-1.59463723909392,0.152013924761377,-10.4900734692371,9.59537518229634e-26,1.57864947471286e-24,"","Os01g0958800",""
"Os01g0959750",13.5681022547081,-3.13581726307191,0.837038161607068,-3.74632532530095,0.000179443850102625,0.000523437753001264,"","Os01g0959750",""
"Os01g0959800",311.043830845536,-1.52010153413521,0.225810684155259,-6.73175204185665,1.6763214241164e-11,1.09646821344593e-10,"","Os01g0959800",""
"Os01g0961000",27.156479163841,-1.16209791520321,0.396286257156769,-2.9324708950063,0.00336276440354122,0.00775134557880183,"","Os01g0961000",""
"Os01g0963600",13952.9009119005,-1.56163757788273,0.507498580990686,-3.07712698394992,0.00209006243618163,0.00503113543002743,"","OsAsr2",""
"Os01g0964400",7.59694183295902,-2.2647255280937,0.712638133433353,-3.17794603157522,0.00148322356532969,0.00367461556626074,"","OsRLCK56",""
"Os01g0965000",193.089039322983,-1.1222282011271,0.249097355274253,-4.5051791091541,6.63169830166093e-06,2.3875848419101e-05,"","Os01g0965000",""
"Os01g0970700",13900.413857705,-1.67504449369123,0.115796744689145,-14.4653850001385,2.00480064317821e-47,7.92231986220518e-46,"","P0518C01.4-1",""
"Os01g0971000",3769.05777597168,-1.24395398517479,0.178156399802684,-6.98237047084767,2.90240530340539e-12,2.03029068894622e-11,"","Os01g0971000",""
"Os01g0971100",1789.34292381647,-1.81401743428465,0.0946780922907664,-19.1598435329011,8.01137025419609e-82,8.48280858069301e-80,"","OsDi19-5",""
"Os01g0972200",2.88106373612262,-3.71111609662327,1.49250446816978,-2.4865025035229,0.0129005661933494,0.0261526205672244,"","OsZIP1",""
"Os01g0973100",29.6368798729957,-8.646173702124,1.08385876942003,-7.97721432539644,1.49672800922153e-15,1.34754469056983e-14,"","Os01g0973100",""
"Os01g0973150",8.10117843566577,-6.77073386776309,1.21950156207039,-5.55205018045913,2.82338514594117e-08,1.35152654097729e-07,"","Os01g0973150",""
"Os01g0974200",3740.40278336661,-5.18041296949015,0.229209159486322,-22.6012476163689,4.21299576436954e-113,9.3201246476593e-111,"","OsMT2c",""
"Os01g0974400",1317.45919906683,-2.32515788174964,0.16993003114086,-13.6830309871611,1.28233925881136e-42,4.37036035977567e-41,"","XBOS31",""
"Os01g0975300",2092.10864476275,-1.58575780149332,0.276022636265206,-5.74502809968709,9.1905722798724e-09,4.62646910561557e-08,"","OsMYB48",""
"Os01g0975900",11262.142532702,-1.98143493032373,0.259574160209097,-7.63340591655042,2.28631572838407e-14,1.89142052761844e-13,"","OsTIP1",""
"Os01g0976450",3.06254772261589,-3.86290450811074,1.46062650211266,-2.64469013982932,0.00817657540178933,0.0172802422945406,"","Os01g0976450",""
"Os01g0976500",12.6171001809996,-1.32565738559291,0.532665553767191,-2.48872369579263,0.0128202557524426,0.0260065598081708,"","Os01g0976500",""
"Os01g0976900",16.7331667319677,-1.37088592722126,0.56379827278207,-2.43151849411777,0.0150356806992074,0.0299637304499526,"","Os01g0976900",""
"Os01g0978100",4123.03444204892,-1.02392709086115,0.176949290565007,-5.78655663208201,7.18438730346638e-09,3.65443572609293e-08,"","Os01g0978100",""
"Os02g0101500",43633.4925230804,-1.42681648584693,0.196753541924344,-7.25179568251723,4.11281994792525e-13,3.08330831617985e-12,"","OsHPR1",""
"Os02g0102200",193.237884991689,-3.31689721711965,0.231069118967933,-14.3545672910968,9.97461338535098e-47,3.86762121829172e-45,"","OsAAP7C",""
"Os02g0102300",74.0278956150177,-3.05729152295703,0.385563598183173,-7.92940914900523,2.20190975176919e-15,1.96176619631734e-14,"","STR5",""
"Os02g0103300",1.73328935723205,-4.5410012533415,1.63205159328862,-2.78238829704599,0.00539604370051202,0.0118853031173959,"","Os02g0103300",""
"Os02g0105800",51.4385116649536,-1.32383109137424,0.355153810389884,-3.72748666252785,0.000193398792089136,0.00056077728163751,"","OsFbox059",""
"Os02g0106900",118.419067552524,-1.39479791830522,0.248486159415719,-5.61318152119578,1.98640027840344e-08,9.6371724491878e-08,"","OsRLCK58",""
"Os02g0107200",2.32526950784997,-4.17619344081154,1.53917558222646,-2.71326643239141,0.00666235162573161,0.014365423917044,"","Os02g0107200",""
"Os02g0107900",39.0345309381713,-3.30581157630694,0.474060647005321,-6.97339379927447,3.09385010028076e-12,2.15872497703905e-11,"","Os02g0107900",""
"Os02g0109100",442.161562004361,-1.09509748319797,0.152544617632298,-7.17886674859713,7.0291612461794e-13,5.16340136959938e-12,"","Os02g0109100",""
"Os02g0109200",373.738920972372,-1.06685348618945,0.201965934860824,-5.28234371268908,1.27541626156532e-07,5.67342705795405e-07,"","Os02g0109200",""
"Os02g0110600",50.9525919176497,-2.83710884679186,0.341364614044667,-8.31108067463791,9.48344226767015e-17,9.35395099785284e-16,"","P0501G04.13-3",""
"Os02g0111600",21.9640449175778,-1.1012074452075,0.433859823390265,-2.53816413928916,0.0111435706274628,0.0228809355628279,"","OsWAK11",""
"Os02g0114300",336.751672726743,-4.01651706557524,0.302835283396052,-13.2630419432414,3.79196380804391e-40,1.19685971047011e-38,"","Os02g0114300",""
"Os02g0114400",198.246517711492,-4.27494087060349,0.295373333881406,-14.4730088340334,1.79447390251867e-47,7.11386878123282e-46,"","GPAT",""
"Os02g0114900",42.3242214082993,-4.25601316525272,0.433543168395156,-9.81681519975778,9.53070180739323e-23,1.32962949708211e-21,"","OsWD40-34",""
"Os02g0116300",134.835049002066,-7.21032503912507,0.541447996571219,-13.3167452549188,1.84998279177312e-40,5.88408519021342e-39,"","OsYSL7",""
"Os02g0116400",293.526137712436,-5.48276607158122,0.368949661592352,-14.8604718809556,5.95045745019334e-50,2.59567753949719e-48,"","OsYSL8",""
"Os02g0116500",1636.12011132036,-2.39640477003269,0.15535930711599,-15.4249192695199,1.11294240945481e-53,5.70918717992996e-52,"","Os02g0116500",""
"Os02g0117100",3134.22114003983,-1.85090565071203,0.188138529122121,-9.83799362814515,7.72357095916126e-23,1.08300462736355e-21,"","Os02g0117100",""
"Os02g0117500",84.4194900028732,-1.21677523479171,0.257720444770923,-4.72129883165945,2.34343337459809e-06,8.9231978980201e-06,"","OsGLR3.1",""
"Os02g0118800",34.1985701754534,-2.32934435722423,0.399087230304564,-5.83667975406427,5.32513073778271e-09,2.73792828989505e-08,"","Os02g0118800",""
"Os02g0119800",968.760806201521,-1.05967641042273,0.124938930895733,-8.48155497110089,2.22204038244006e-17,2.29111504601404e-16,"","Os02g0119800",""
"Os02g0120100",55.5229801858206,-1.53369846120579,0.254783962962521,-6.0196036020972,1.74844719159786e-09,9.48364187088886e-09,"","OsACTPK1",""
"Os02g0120200",19.2541004548545,-1.11396562391021,0.461649921835814,-2.41300944984539,0.0158214093617612,0.0313555478928458,"","OsPLDkappa",""
"Os02g0120500",39.5961119185034,-2.9219226377616,0.606107604635796,-4.82079851071553,1.42984721009078e-06,5.59850257971226e-06,"transcription factor TDR-like [Source:NCBI gene (formerly Entrezgene);Acc:4328113]","TDR","BHLH5"
"Os02g0120600",326.454206026645,-2.82315505750236,0.290639186845898,-9.71360774897586,2.63829786531031e-22,3.5956604075244e-21,"","OsUBC13",""
"Os02g0121500",2525.15301571679,-2.34572983530712,0.22241523941802,-10.5466237000892,5.26553579327406e-26,8.77365032615678e-25,"","Os02g0121500",""
"Os02g0122200",1179.9483620344,-1.25066285454546,0.177269023021457,-7.05516865399588,1.72391502818249e-12,1.2256368049721e-11,"","Os02g0122200",""
"Os02g0123100",48.5819511708509,-1.48934208441988,0.362137152636195,-4.11264647545312,3.91149136030276e-05,0.000126323020638975,"","cdc2Os-2",""
"Os02g0124800",1419.46281086449,-1.54121285992026,0.177136342972053,-8.70071513310752,3.29799193836832e-18,3.59816584134531e-17,"","Os02g0124800",""
"Os02g0124866",1094.97913280919,-1.96583322189689,0.183266031832442,-10.726664413699,7.63008496320527e-27,1.31650846193132e-25,"","Os02g0124866",""
"Os02g0125700",3505.09730553669,-1.56582148856334,0.228726830284324,-6.84581466291871,7.60418757483677e-12,5.11980857450355e-11,"","OsLIL3",""
"Os02g0126300",3.5790742820651,-3.39549913005575,1.47240531695319,-2.30608996786426,0.0211056057575215,0.0405312039880725,"","Os02g0126300",""
"Os02g0127100",2.76828133527994,-5.22377714811574,1.45824815868801,-3.58222783755516,0.00034067646753036,0.00094884676663666,"","Os02g0127100",""
"Os02g0127400",3.79077391862157,-5.68629929405067,1.59510728376324,-3.56483814720934,0.000364080789899321,0.00100938007511866,"","Os02g0127400",""
"Os02g0127500",6.25821694214281,-6.39640183126526,1.24148574087576,-5.15221530192781,2.57427244775382e-07,1.10614212510477e-06,"","Os02g0127500",""
"Os02g0127800",18.2888077158377,-4.10235066357063,0.668307385819112,-6.13841886326391,8.33468628491943e-10,4.65948831411211e-09,"","OsXTH26",""
"Os02g0128000",218.869736065748,-1.63394431569434,0.360439671803557,-4.53319776793288,5.80973723204422e-06,2.11036298780765e-05,"","HSP18.9",""
"Os02g0128200",843.177659696254,-2.74457818052747,0.297651164102797,-9.22078765860159,2.9492570217131e-20,3.62468954498936e-19,"","OsbZIP13",""
"Os02g0129000",29.3688430600358,-1.7434002818556,0.558743923132164,-3.12021341025525,0.00180720057648905,0.00440761971490001,"","Os02g0129000",""
"Os02g0129300",2915.57293219001,-1.48873742673747,0.185758554742679,-8.01436805319533,1.10704734662056e-15,1.00963312316438e-14,"","Os02g0129300",""
"Os02g0129800",2634.35072954832,-4.03138450620067,0.255132568630079,-15.8011363576472,3.05558493066036e-56,1.70514026637324e-54,"","Os02g0129800",""
"Os02g0129900",1922.37620005948,-2.25964747888962,0.215782886044353,-10.4718567830498,1.16338326820502e-25,1.91021519127342e-24,"","Os02g0129900",""
"Os02g0130100",1420.78288761917,-3.7973620648367,0.199589610994981,-19.0258503231022,1.04183490894884e-80,1.09379421775531e-78,"","Os02g0130100",""
"Os02g0130600",20.6097980581613,-2.17316320428251,0.573202495083434,-3.79126612832728,0.000149881244849309,0.000443045526560645,"","Os02g0130600",""
"Os02g0131050",998.733661319505,-1.66456567392292,0.578198201732926,-2.8788842112169,0.0039908482933637,0.00905585350081763,"","Os02g0131050",""
"Os02g0131100",3811.8370766993,-1.31437159565494,0.273624176836881,-4.80356528011956,1.55865040255851e-06,6.07021078657531e-06,"","Os02g0131100",""
"Os02g0132500",2066.47456722492,-3.75928584880958,0.217718704255186,-17.2667105551178,8.37839452989573e-67,6.46702433854288e-65,"","OsbZIP14",""
"Os02g0133200",38.051103767814,-5.96484927709627,0.667872497044304,-8.93111979231657,4.21718145203086e-19,4.83074918340124e-18,"","OsSNDP3",""
"Os02g0134000",42.4821018490005,-1.34691419267966,0.367127663143682,-3.66878970967795,0.000243701427737863,0.000695964761994124,"","Os02g0134000",""
"Os02g0134200",114.530594945957,-1.64363509338136,0.736142913496865,-2.23276630562628,0.025564359341337,0.048021844685391,"","OsSGL",""
"Os02g0134400",182.95119581617,-4.19409559471997,0.301456289254838,-13.9127818666091,5.2978125167438e-44,1.88057164365847e-42,"","OsLASPO",""
"Os02g0135200",88.6041238935497,-1.13547227635784,0.298871412407748,-3.79920002120752,0.000145163901195884,0.000430076046864813,"","OsMPK13",""
"Os02g0135850",39.178998740312,-1.83754784044481,0.349885717271905,-5.25185153247285,1.50577817942917e-07,6.64683163223168e-07,"","Os02g0135850",""
"Os02g0135900",374.991217963537,-1.49587409305698,0.22066734959546,-6.778864638558,1.21123941960134e-11,8.009308540022e-11,"","Os02g0135900",""
"Os02g0137700",5947.90955223709,-3.58571743296847,0.361125831291075,-9.92927429242332,3.10507113373632e-23,4.44193692151182e-22,"","OSJNBa0026E05.10",""
"Os02g0137800",522.170171793256,-1.53967982210825,0.149408860532407,-10.3051439962912,6.67915752696788e-25,1.05072689552815e-23,"","RGG2",""
"Os02g0138000",7.03736612707619,-5.07596742781486,1.1929038201299,-4.25513552908407,2.08922427645261e-05,7.01133819553925e-05,"","Os02g0138000",""
"Os02g0138100",262.715027506926,-3.30898121278312,0.197821066728646,-16.7271427027643,8.31318379855859e-63,5.70569958384726e-61,"","Os02g0138100",""
"Os02g0139700",2050.79922677887,-1.3346615712116,0.120166101987221,-11.1068059056583,1.16243420277535e-28,2.20871412900037e-27,"","OsOSC2",""
"Os02g0141000",128.264501476639,-1.17237574737177,0.213400554258719,-5.49378023615825,3.93420017196908e-08,1.8524834219095e-07,"","Os02g0141000",""
"Os02g0145600",15.9125248879282,-1.32550034458564,0.504289865008188,-2.62844930378309,0.0085775139614747,0.0180565049637603,"","Os02g0145600",""
"Os02g0149800",4095.19251534021,-1.30002300630509,0.136666396565906,-9.51238226053738,1.86345353077086e-21,2.4338844560838e-20,"","OsPP2C10",""
"Os02g0149900",22.0571900791188,-5.13249619715857,0.76742526094743,-6.6879427331102,2.26329663821302e-11,1.46111779064628e-10,"","Oshox26",""
"Os02g0150200",209.125049754825,-8.70196017593276,0.674364190538158,-12.9039475969037,4.27617593127059e-38,1.2348579376351e-36,"","Os02g0150200",""
"Os02g0150250",381.989253178126,-8.72397414014711,0.529397793785495,-16.4790526945074,5.18915716079262e-61,3.33087427391085e-59,"","Os02g0150250",""
"Os02g0150600",94.9880213112308,-1.02313043188951,0.330667620145578,-3.0941355293242,0.00197387294590606,0.00477510739901527,"","Os02g0150600",""
"Os02g0151300",7.09446897412918,-3.22411394491823,1.00177489577095,-3.21840161749813,0.00128907184236216,0.00323796969162684,"","OsGH9B7",""
"Os02g0153200",636.927872432788,-1.14954484129819,0.192520006168129,-5.97104095402054,2.35744551009507e-09,1.26236479524375e-08,"","LRK7",""
"Os02g0155900",233.269737976156,-1.43046802304197,0.20878550305789,-6.85137618316987,7.31428909725851e-12,4.93936070391239e-11,"","Os02g0155900",""
"Os02g0156633",15.3939136747928,-2.5922812386236,0.586723702942152,-4.41823165763457,9.95117300627128e-06,3.4844575123853e-05,"","Os02g0156633",""
"Os02g0157600",117.955159479918,-1.70183416524448,0.227225656083837,-7.48962152678996,6.90725021279325e-14,5.50115520804816e-13,"","STR8",""
"Os02g0157950",397.870995972954,-2.33908658630691,0.21853350851505,-10.703560301581,9.79412125810953e-27,1.68520098897347e-25,"","Os02g0157950",""
"Os02g0164300",332.093183414583,-1.52218269048757,0.209550014896143,-7.26405431773409,3.75657043727112e-13,2.82563891087633e-12,"","Os02g0164300",""
"Os02g0165200",6.30320622629178,-2.37741455724441,0.909006136146008,-2.6153998996356,0.00891230406265401,0.0186929787319376,"","Os02g0165200",""
"Os02g0166200",1671.41134744689,-1.41333510592613,0.198342931801125,-7.1257145041259,1.03542140067193e-12,7.505744893051e-12,"","Os02g0166200",""
"Os02g0166800",2.83040226993925,-3.72623012759332,1.6698492323293,-2.23147698334151,0.0256495504784529,0.0481490197897286,"","OsG1L1",""
"Os02g0167100",838.90138366241,-1.98826479654948,0.126892920197351,-15.6688394707696,2.47049155841904e-55,1.32205981302265e-53,"","OsStr23",""
"Os02g0167600",409.541453337441,-1.42289953719434,0.230384421946283,-6.17619683298771,6.56641153948937e-10,3.71113090132136e-09,"","OsSAUR6",""
"Os02g0168000",285.31031882276,-1.72120057569655,0.142758996999561,-12.0566872272284,1.78832422144106e-33,4.27696035083446e-32,"","UREF",""
"Os02g0168700",391.349114278135,-1.50976580538577,0.152569314834403,-9.89560585642302,4.34968620166477e-23,6.19020752592221e-22,"","OsFKBP17-1",""
"Os02g0174000",85.8803666484519,-1.55695368474726,0.205425506608041,-7.57916439129433,3.47787609069162e-14,2.83458341773244e-13,"","Os02g0174000",""
"Os02g0174800",47.0928711851955,-1.55617792833799,0.308320742463602,-5.0472696579008,4.48168592553159e-07,1.87319048881404e-06,"","Os02g0174800",""
"Os02g0175000",128.689936436154,-1.94852313487759,0.315587224415936,-6.1742776136891,6.64666632414865e-10,3.75135424859752e-09,"probable cation transporter HKT6 [Source:NCBI gene (formerly Entrezgene);Acc:4328468]","HKT1;3","hkt6"
"Os02g0175700",252.251168592542,-7.2707343469278,0.952091898071609,-7.63658882262745,2.23052395896092e-14,1.84649823358419e-13,"","Os02g0175700",""
"Os02g0177700",521.642265700135,-1.07439430302996,0.200234465321527,-5.3656811843293,8.06442799443673e-08,3.66157838406008e-07,"","Os02g0177700",""
"Os02g0177900",1522.90380414865,-1.15382342389947,0.146405914130783,-7.88098917143998,3.24799458434956e-15,2.8557686946923e-14,"","Os02g0177900",""
"Os02g0178000",64.7544640501089,-2.26391745735421,0.33126297228047,-6.8342001575637,8.24638205623962e-12,5.53414431764488e-11,"","SnRK1",""
"Os02g0178100",7013.24190110264,-2.20693878337648,0.197551617912636,-11.1714538544172,5.6252519816558e-29,1.09573009708715e-27,"","OsBBX3",""
"Os02g0182600",10.8768344715925,-2.64220607549781,0.631893133008796,-4.18141286473045,2.89703272498612e-05,9.53124151201448e-05,"","Os02g0182600",""
"Os02g0184200",306.444241455726,-1.40658242635569,0.255576557450285,-5.5035658997375,3.72185317882448e-08,1.75683665863468e-07,"","Os02g0184200",""
"Os02g0184300",5390.72729493396,-2.48643609703298,0.207268049768975,-11.996234343906,3.7183226589037e-33,8.7160719507717e-32,"","Os02g0184300",""
"Os02g0185200",151.415038093189,-1.00880997929749,0.246366802490447,-4.09474803057772,4.22627759755579e-05,0.000135763619907481,"","Os02g0185200",""
"Os02g0186800",140.027165563218,-1.1722396653489,0.396066796642348,-2.95970193736649,0.00307936813017957,0.00715463280397371,"","Os02g0186800",""
"Os02g0187400",28.561488937527,-8.59424156171889,1.10636737325084,-7.76798174775026,7.97465491542652e-15,6.80633912640451e-14,"","OJ1073_F05.25-1",""
"Os02g0188500",23.7312187934421,-4.66115326740862,0.595843736329277,-7.8227779923036,5.1670184136905e-15,4.47477159161166e-14,"","OsSTA50",""
"Os02g0188600",5.92373157408011,-6.32448254632229,1.21921418544896,-5.18734330834036,2.13315273264124e-07,9.25786044082184e-07,"","Os02g0188600",""
"Os02g0189000",4297.48542449634,-1.10575171736596,0.221407295084493,-4.99419730928008,5.90809728492225e-07,2.42841616503846e-06,"","Os02g0189000",""
"Os02g0190600",2591.68334183867,-1.26034596658988,0.209923017656337,-6.00384836622906,1.92694672732216e-09,1.04017340006234e-08,"","OsLCYb",""
"Os02g0191800",39.9466325423123,-1.46203086734171,0.426386412741025,-3.42888709314878,0.000606061595893679,0.00162181533226673,"","Os02g0191800",""
"Os02g0192500",24.3409173462597,-2.06694786574154,0.715423887843513,-2.88912335870123,0.0038631749064659,0.00878952108884349,"","OsCslA1",""
"Os02g0192700",8162.92223288556,-2.16779648229687,0.335954741987557,-6.45264439332472,1.09915070977459e-10,6.6880297485474e-10,"","Pre",""
"Os02g0193000",138.94658439668,-2.44711104690441,0.32627345232362,-7.50018436828627,6.37281331891041e-14,5.09681070376512e-13,"","OsLysM-RLK1",""
"Os02g0193200",39.1624707566067,-1.98446253487399,0.399609527660882,-4.96600405523377,6.83465260509348e-07,2.78706694529956e-06,"","P0437H03.118",""
"Os02g0193425",23.6855058356108,-7.59740258541123,1.10364417992838,-6.88392393452777,5.82259737131444e-12,3.96990905528503e-11,"","Os02g0193425",""
"Os02g0197125",1891.17958605343,-1.59561172165766,0.200219367577524,-7.96931755885131,1.5955298370408e-15,1.43493440190054e-14,"","Os02g0197125",""
"Os02g0197200",487.685749120593,-1.60046117457773,0.218655152798026,-7.31956761181885,2.487712155241e-13,1.89597182621981e-12,"","OsMLO8",""
"Os02g0197600",161663.497635662,-1.30251746141498,0.139521289545047,-9.33561799537723,1.00403789456345e-20,1.26988498793255e-19,"","P0026H03.3-1","OJ1524_D08.28-1"
"Os02g0198000",10.4047185233564,-2.33112455521903,0.639433537243627,-3.64560883882895,0.000266759481641239,0.000756408752188715,"","Os02g0198000",""
"Os02g0198400",7.2608660395411,-2.1862451050983,0.810814463597619,-2.69635681558742,0.00701025288918933,0.0150297838083996,"","Os02g0198400",""
"Os02g0198500",58.0525357280832,-1.05462666626363,0.382847622047845,-2.7546903925443,0.00587476982164856,0.0128370378226463,"","P0026H03.18-1",""
"Os02g0198700",49.3774189216551,-2.3601161984707,0.3859393430903,-6.11525163403331,9.64047197662595e-10,5.35805235901438e-09,"","OsSub12",""
"Os02g0198800",93.0143448910749,-7.84734068394571,0.755925805934904,-10.3810990739235,3.02274988833203e-25,4.84755171412315e-24,"","Os02g0198800",""
"Os02g0200300",273.416118145748,-2.0607168085277,0.247260656925334,-8.33418803521976,7.803182956909e-17,7.75529338641534e-16,"","Os02g0200300",""
"Os02g0202700",3.96281459760284,-3.62553628425828,1.33730809347947,-2.71107032249029,0.00670664008447886,0.0144483454806654,"","OJ1135_F06.8",""
"Os02g0202900",74.9900927502139,-1.43364505255119,0.373908495946524,-3.83421363272856,0.000125966628821956,0.000376713960449198,"","OsFbox073",""
"Os02g0203000",671.383165119903,-1.54366798798325,0.22599965301524,-6.8303998142827,8.46782990219932e-12,5.67507226093569e-11,"","OsbZIP18",""
"Os02g0204400",88.7425968790962,-1.15125842979129,0.331633166315954,-3.47148158484989,0.000517594831010948,0.00139943770492779,"","UVR3",""
"Os02g0204500",436.562018770447,-1.25245688739122,0.189602273813934,-6.60570605086895,3.95627209457428e-11,2.50509976200529e-10,"","P0544H11.20-1",""
"Os02g0206700",1548.40579747223,-3.15301271327134,0.18817253157035,-16.7559669148234,5.12213268951474e-63,3.55493225905061e-61,"","Os02g0206700",""
"Os02g0207400",442.523514109296,-3.08717090772152,0.201639096593479,-15.3103785916355,6.51834054608207e-53,3.22280820073245e-51,"","Os02g0207400",""
"Os02g0207500",7.53840602601987,-2.68573240759364,0.901981523684365,-2.9775913775075,0.00290523028164999,0.0067812426461085,"","Os02g0207500",""
"Os02g0208500",70.1771814959485,-1.35360365582969,0.318620740510586,-4.24832248415642,2.15377210738094e-05,7.20873425560685e-05,"","OsCDT4",""
"Os02g0211000",89.1714286114529,-3.14990722418884,0.278067430141446,-11.3278539043086,9.55164175912822e-30,1.92720706731205e-28,"","OsABCA1",""
"Os02g0214400",26.3279402067227,-2.15273929743339,0.434167202853086,-4.95831855397385,7.11059044726298e-07,2.89577744102293e-06,"","OsPLL3",""
"Os02g0216300",5841.04868334879,-2.48345531625767,0.239221224679458,-10.3814171154142,3.01269556044507e-25,4.83455685888261e-24,"","Os02g0216300",""
"Os02g0220400",1478.51559599942,-2.59394872318509,0.150327598045245,-17.2553061241913,1.02079275812271e-66,7.83039695603913e-65,"","CGA1",""
"Os02g0221100",9.72132312879184,-3.93574152921174,0.889056311249108,-4.42687541769103,9.56079139011916e-06,3.35820425677605e-05,"","OsbHLH029",""
"Os02g0221300",13.4402566280848,-1.86883132720209,0.587015177605369,-3.18361670787743,0.00145447466637813,0.00361025033148175,"","OsRH19",""
"Os02g0221400",45.5997456332688,-1.87293937710845,0.317884735528859,-5.8918820810709,3.8182161276116e-09,1.99544275456301e-08,"","Os02g0221400",""
"Os02g0221900",5.95742971021955,-3.40162192024158,1.12464923468788,-3.02460697551234,0.00248956411827051,0.0058881185718202,"","Os1900",""
"Os02g0222100",14.6880660179389,-4.82137373982109,0.846222622710639,-5.69752404441417,1.21559842365056e-08,6.02498142484293e-08,"","Os02g0222100",""
"Os02g0222500",131.221753899123,-1.34979785546901,0.235852387615315,-5.7230620775847,1.0462101507269e-08,5.22936229666338e-08,"","Os02g0222500",""
"Os02g0224900",150.541641990011,-1.55464619559594,0.17919807132205,-8.67557437491596,4.11468375110773e-18,4.46168574622303e-17,"","Os02g0224900",""
"Os02g0225900",31.8914245660782,-3.43150070654058,0.423829895227965,-8.0964102466035,5.66047055106814e-16,5.29443106243169e-15,"","Os02g0225900",""
"Os02g0226200",337.347833967956,-3.47028421390204,0.331770864529266,-10.4598823613576,1.32019473179352e-25,2.15910659205598e-24,"","Os02g0226200",""
"Os02g0226801",32.7623561607633,-4.09068127135684,0.528019144203592,-7.74722150941476,9.39250300097697e-15,7.98894771215951e-14,"","OsPYL/RCAR2",""
"Os02g0227600",24.3249792884855,-2.02537464955028,0.499698366037146,-4.05319446131574,5.05229717989843e-05,0.000160221127897534,"","Os02g0227600",""
"Os02g0227700",83.1025557709012,-5.65773934674575,0.5595503250594,-10.111225198815,4.92642872968179e-24,7.36200992975426e-23,"","OsRLK5",""
"Os02g0227900",9.66980952778256,-6.29837839732832,1.18231595032538,-5.32715336843333,9.97639221105318e-08,4.49100780910728e-07,"","OsRLCK70",""
"Os02g0228300",948.195871956217,-1.82615194121943,0.20868294673942,-8.75084413821187,2.11762681964651e-18,2.33504404585587e-17,"","Os02g0228300",""
"Os02g0228600",52.1059883071297,-1.34391586385247,0.36678790891861,-3.66401353799993,0.000248293652666717,0.000708018394766169,"","Os02g0228600",""
"Os02g0229400",138.794288889834,-1.52244409778223,0.266105519217412,-5.7212045141325,1.05771484194605e-08,5.28260444243042e-08,"","TMT2",""
"Os02g0234300",2001.98788010401,-1.64966473899588,0.19532515103242,-8.44573640555927,3.02134743445807e-17,3.08192364691509e-16,"","OsPUB4",""
"Os02g0234400",71.9555747517031,-2.4822308135428,0.322758767342806,-7.69066889794629,1.46367767144673e-14,1.22684511723395e-13,"","Os02g0234400",""
"Os02g0234450",75.8936135225548,-2.63732279021632,0.309576457447674,-8.51913227497957,1.60753161737236e-17,1.66931311331245e-16,"","Os02g0234450",""
"Os02g0234500",7093.3828962095,-1.24022040766434,0.148201363462386,-8.3684817648733,5.83653338076076e-17,5.86422496249429e-16,"","Os02g0234500",""
"Os02g0236000",266.944002487436,-1.47516753524537,0.211817091651998,-6.96434609568231,3.29932601060421e-12,2.29369810787712e-11,"","Os02g0236000",""
"Os02g0236600",5.33389353248608,-6.16526346601535,1.3034622298636,-4.72991339891797,2.24615631200953e-06,8.58180646764225e-06,"","prx27",""
"Os02g0236800",128.642744259087,-2.53381433505912,0.429348393571747,-5.90153444847046,3.60136206344657e-09,1.88586164919833e-08,"","prx26",""
"Os02g0240300",55.4956811466549,-7.52554590957052,1.2445444171522,-6.04682790413434,1.47725404651021e-09,8.05854766851243e-09,"","prx29",""
"Os02g0241200",122.565482710922,-4.31820598149749,0.289852633896736,-14.8979359733399,3.39918804619629e-50,1.49594462203562e-48,"","Os02g0241200",""
"Os02g0243300",153.239604386879,-1.55653580987361,0.270069022484653,-5.76347407619493,8.23999147987886e-09,4.16487696648222e-08,"","Os02g0243300",""
"Os02g0245800",124.029705394299,-5.02824236534661,0.359458235589888,-13.9883910493664,1.83516809318727e-44,6.59941362045008e-43,"","KAT3",""
"Os02g0251800",80.9850539822391,-2.77940818433067,0.303260386806213,-9.16508817258334,4.95064852193556e-20,5.99229205803602e-19,"","OsVQ6",""
"Os02g0251900",8.48838059563,-4.37045443534923,1.36490668503692,-3.2020170193767,0.00136468934936291,0.00341165452619966,"","OsVQ7",""
"Os02g0255500",1031.13580439559,-1.3197031880501,0.175530187199867,-7.51838307189531,5.54578119110323e-14,4.45117656533738e-13,"","OsPYL/RCAR3",""
"Os02g0255801",870.221007970317,-1.03535409357903,0.212622135808322,-4.86945580545008,1.1190600741779e-06,4.43773230760335e-06,"","Os02g0255801",""
"Os02g0256200",18.0675244114192,-1.55309244901998,0.48200495759331,-3.22215036288152,0.00127232345618379,0.0031997927602381,"","Os02g0256200",""
"Os02g0257300",8489.56393173775,-2.70759238884552,0.316412114058323,-8.55717043863385,1.15671461078624e-17,1.21286152820358e-16,"","OsStr12",""
"Os02g0257400",833.599425695318,-2.06889129440763,0.36098617897876,-5.73122023746334,9.97106995431655e-09,4.99602022766635e-08,"","Os02g0257400",""
"Os02g0258900",157.592339977881,-2.25960972045608,0.292566675575829,-7.72340088292257,1.13266232347738e-14,9.58141836421954e-14,"","Os02g0258900",""
"Os02g0259100",2972.27738158095,-1.09572161453823,0.103559277739494,-10.580622407338,3.66515329882972e-26,6.14837530704833e-25,"","IIP2",""
"Os02g0260900",2.95979483401484,-4.5650672755785,1.61648350688929,-2.82407290648042,0.00474175974610204,0.0105901010662674,"","Os02g0260900",""
"Os02g0265200",1.90010565891168,-3.89077370114996,1.54304505380307,-2.52149066649775,0.0116858775574468,0.0239013528348076,"","OsWRKY39",""
"Os02g0265700",910.883442997067,-1.13045494517887,0.142407775819619,-7.93815463146313,2.05211408019024e-15,1.83094096380532e-14,"","Os02g0265700",""
"Os02g0271000",4.99626171784951,-6.07999793043502,1.37886697864522,-4.40941586432711,1.03649816955459e-05,3.62116682840582e-05,"","OsSub17",""
"Os02g0272300",186.370198859171,-11.2995715961757,1.03693881216326,-10.897047601683,1.19057934652436e-27,2.14382154570015e-26,"","Os",""
"Os02g0273700",1110.70136406772,-1.67289733264673,0.144050638779626,-11.6132586902721,3.52904884884009e-31,7.66338679471611e-30,"","Os02g0273700",""
"Os02g0275200",68.7756374547437,-3.4209419309109,0.386565099600718,-8.84958816624776,8.7842844112915e-19,9.85725610772507e-18,"","Os02g0275200",""
"Os02g0277700",73.000986665955,-2.51421574966845,0.394262244933325,-6.37701373128852,1.8057427678302e-10,1.07835354443309e-09,"","Os02g0277700",""
"Os02g0278700",4.69766054425253,-3.85074162993156,1.1841177197994,-3.2519922348463,0.00114599152641346,0.00290716003378175,"","OsCPS1",""
"Os02g0280400",5026.85433369431,-1.71877661583826,0.164422265859714,-10.4534298128742,1.41320136552438e-25,2.30816679193129e-24,"","P0669G10.5-1",""
"Os02g0280700",23.0513235404937,-2.60476339100535,0.612714326400293,-4.251187345836,2.12640199586505e-05,7.12548853821318e-05,"","HIS1","LOC_Os02g17940"
"Os02g0281000",2088.5127705934,-1.55758145342157,0.215606286591908,-7.22419312554508,5.04085782968799e-13,3.74954471468566e-12,"","OsPP23",""
"Os02g0281200",65.0907523030195,-1.55350880820242,0.27205995444304,-5.71017080181005,1.12862847290239e-08,5.61862748114619e-08,"","Os02g0281200",""
"Os02g0282000",9.12760198147045,-2.71319474368998,0.777617362767242,-3.48911286398591,0.000484626480752348,0.00131676612716317,"","Os02g0282000",""
"Os02g0285300",1.60587109013608,-4.43067093962928,1.97730523025192,-2.24076226160834,0.0250414786722476,0.0471504458592811,"","OsDREPP2",""
"Os02g0285800",9470.89442646079,-3.14382154232912,0.202227409377453,-15.5459714981625,1.69433684813643e-54,8.89419154370259e-53,"","Os02g0285800",""
"Os02g0300700",600.373091165106,-1.9972987736182,0.204731109149616,-9.75571705694509,1.74364050202418e-22,2.40012115103628e-21,"","OseIF1A-1",""
"Os02g0301800",280.380359985725,-2.00736572039976,0.152432172860295,-13.1689110161771,1.32494942218866e-39,4.10866981646665e-38,"","P0477B05.2-1",""
"Os02g0302500",271.956853047461,-1.18346636300576,0.195882562186193,-6.0417137176347,1.52485851985244e-09,8.30869365242984e-09,"","Os02g0302500",""
"Os02g0306401",2295.80913332698,-1.82061467725218,0.236544397784493,-7.69671441938301,1.3960943899968e-14,1.17178288282353e-13,"","OsNAAT1",""
"Os02g0314300",1589.71197227437,-1.85348499871263,0.556527799458926,-3.33044458967665,0.000867074189513219,0.00225170288162342,"","OsCAX1c",""
"Os02g0315600",17.0255918149943,-2.37506220517752,0.607308101652713,-3.91080276833799,9.19898682850343e-05,0.000281034285166294,"","OsbHLH139",""
"Os02g0318450",639.17449878526,-4.15160725957982,0.26643579381058,-15.5820177169265,9.64612326013599e-55,5.11781576052226e-53,"","Os02g0318450",""
"Os02g0318500",323.264698246897,-4.26482006882119,0.309632207245102,-13.773825748835,3.66290446880947e-43,1.25874873819268e-41,"","OsABCG40",""
"Os02g0318600",106.625640668449,-5.43714739930893,0.417340781172707,-13.0280759623606,8.47170333076691e-39,2.53200715834031e-37,"","OsPDR4",""
"Os02g0323000",116.727354258076,-4.39741377712624,0.403551648686331,-10.8967806015438,1.19407713861954e-27,2.14855840694091e-26,"","OsABCB10",""
"Os02g0323300",5.33755313531223,-4.0897613616176,1.28350968657007,-3.18638916746059,0.00144060672416521,0.00357977262106523,"","Os02g0323300",""
"Os02g0323600",194.824968645511,-6.58384665737304,0.414619906279309,-15.879234348526,8.82490326229109e-57,5.07319322806929e-55,"","OsCYP51H4",""
"Os02g0324400",23.5635062358293,-3.42632534433621,0.554868329894468,-6.17502416291783,6.61533526454526e-10,3.73622434122721e-09,"","FOS1","CLE202"
"Os02g0326700",8227.77765260691,-3.32742489685783,0.209880206104028,-15.8539242867362,1.32069670439814e-56,7.52250626318911e-55,"","OsRhmbd6",""
"Os02g0439200",40.7452658800779,-1.94571520899836,0.418656479294941,-4.64752202635235,3.35946231309049e-06,1.2556554190895e-05,"","Os02g0439200",""
"Os02g0440900",59.0699296995544,-9.64186584192674,1.05249823234566,-9.1609330501566,5.14505094325013e-20,6.22455699320842e-19,"","OsSNDP2",""
"Os02g0446100",1.63253157938183,-4.45237379239232,1.99673258615221,-2.22982978455429,0.025758745258087,0.0483247089618854,"","Os02g0446100",""
"Os02g0453100",6.21421760484556,-2.16250785350999,0.949151408297397,-2.27835921077031,0.0227051845328968,0.0432576975910483,"","Os02g0453100",""
"Os02g0460200",2867.06278287149,-5.2269341445798,0.352336697338627,-14.8350546056128,8.69331600913483e-50,3.7590626659395e-48,"","Os02g0460200",""
"Os02g0461000",13.6042336869365,-7.5200186683054,1.16220675369718,-6.47046546957579,9.77014789482032e-11,5.98011250963348e-10,"","OsFLA22",""
"Os02g0461500",9.148465918649,-6.95664413224103,1.22306592585457,-5.68787338865673,1.28631130789912e-08,6.36273413372261e-08,"","OsFLA20",""
"Os02g0462300",206.73497358487,-1.61008407979206,0.262481626870424,-6.13408297940369,8.5651805733048e-10,4.77971799695435e-09,"","Os02g0462300",""
"Os02g0462401",179.995061207198,-2.11911021598067,0.22073681643533,-9.60016661561988,7.98152966083208e-22,1.06207497532995e-20,"","Os02g0462401",""
"Os02g0467400",423.987768472695,-1.10293194223677,0.216745148385354,-5.08861190413294,3.60693916261793e-07,1.52117670863293e-06,"","Os02g0467400",""
"Os02g0468100",2.70612056254455,-5.19578121877299,1.70321840719012,-3.05056661954748,0.00228410001939399,0.00544845924526088,"","Os02g0468100",""
"Os02g0468400",2939.56711052519,-2.7205746908374,0.141924145475392,-19.1692166383987,6.69087189473945e-82,7.11500999725148e-80,"","Os02g0468400",""
"Os02g0469900",114.782392484807,-1.29252406936582,0.230148364179721,-5.61604717014847,1.95375345543708e-08,9.48993322198871e-08,"","OsARID1",""
"Os02g0471100",8.82148574953371,-2.01586739313018,0.81296649868032,-2.47964386773935,0.0131513663379084,0.0266131496042434,"","Os02g0471100",""
"Os02g0471300",35.0172016805201,-4.93480260536174,0.572552487795554,-8.61895234157789,6.75694690696966e-18,7.20692524812687e-17,"","Os02g0471300",""
"Os02g0471500",687.806243722132,-1.17375733816487,0.188811976107638,-6.21654072141979,5.08234532715772e-10,2.90887664982645e-09,"","OsPP2C14",""
"Os02g0472500",56.5052325618701,-1.1704084665587,0.298959343319155,-3.91494192342143,9.04259712190967e-05,0.000276466471976253,"","Os02g0472500",""
"Os02g0472566",63.8027967498674,-1.58033886474468,0.342447900790307,-4.61483005472525,3.93417103437434e-06,1.45901744826662e-05,"","Os02g0472566",""
"Os02g0472700",146.382496774977,-1.4640191949249,0.280897897535441,-5.21192649631768,1.8688960184215e-07,8.1667789503403e-07,"","Os02g0472700",""
"Os02g0477100",661.794252048899,-1.03161663600654,0.210441345357504,-4.90215757865453,9.4789749967143e-07,3.79603302882803e-06,"","Os02g0477100",""
"Os02g0481900",568.787319469441,-1.60545530931997,0.198182534667885,-8.10089199843165,5.45576692824403e-16,5.11454926905419e-15,"","OsXrn4-L",""
"Os02g0485000",15.1390501484241,-1.19561717730669,0.506247913703777,-2.36172267567365,0.0181902439992102,0.0355329293257988,"","OsMaT-3",""
"Os02g0490500",176.968963850781,-1.20584685705837,0.263444929248093,-4.57722553438404,4.71183386527506e-06,1.72981341946837e-05,"","Os02g0490500",""
"Os02g0498300",552.398538511559,-2.49751016219805,0.223935554183976,-11.1528076517327,6.93819591379959e-29,1.34093354256016e-27,"","Os02g0498300",""
"Os02g0499000",3569.28203434249,-1.72943548463217,0.190387941694852,-9.08374484873661,1.04902009949198e-19,1.24242691229028e-18,"","OsERF#140",""
"Os02g0503700",37.598819599367,-2.98141324996605,0.357757274901369,-8.33362019203662,7.84071771086607e-17,7.78635121130776e-16,"","Os02g0503700",""
"Os02g0504000",502.534817837628,-1.00760556680591,0.380275213085379,-2.64967458339096,0.00805693331304787,0.0170519037069605,"","Os02g0504000",""
"Os02g0506100",29.1562250251965,-1.40370344170234,0.362595239019755,-3.87126826457272,0.000108270556853294,0.000326989223202592,"","Os02g0506100",""
"Os02g0506600",6142.52296422749,-1.07722194747393,0.177339259906264,-6.07435684598728,1.24485629187319e-09,6.83292076733316e-09,"","Os02g0506600",""
"Os02g0507100",11.8450153358175,-2.55455308322911,0.65027832017453,-3.92839958518605,8.55130423612949e-05,0.000262238535876854,"","Os02g0507100",""
"Os02g0510200",4645.34889271045,-1.27535892059845,0.225582374409424,-5.65362840929992,1.57095647517638e-08,7.71069504466029e-08,"","ALS",""
"Os02g0515000",2056.90031743509,-1.46920159391109,0.171164920710614,-8.58354379981308,9.1994255544963e-18,9.7158638944482e-17,"","Os02g0515000",""
"Os02g0515200",505.11918380835,-1.08131222407114,0.188864628856192,-5.72532946279998,1.0323320117273e-08,5.16207674158773e-08,"","OSJNBb0071O21.5-2",""
"Os02g0516400",8.36293669700279,-1.86554459319578,0.761135430648978,-2.4510021713286,0.0142459093944538,0.0285505861899525,"Protein CURLY FLAG LEAF 1 [Source:NCBI gene (formerly Entrezgene);Acc:4329477]","CFL1",""
"Os02g0518600",712.60342468988,-1.53623989517101,0.232537164691138,-6.60642739499937,3.93705216265673e-11,2.4935670100753e-10,"","OsHAK19",""
"Os02g0519100",2.20651543497472,-4.89026352846552,1.56513273086787,-3.12450403216209,0.00178105080807186,0.00434812256100073,"","OsHAK20",""
"Os02g0519700",49.7333601691647,-1.74171288406541,0.460585672760355,-3.78151772204957,0.000155875123009495,0.000459447766215354,"","Os02g0519700",""
"Os02g0520100",8.02342154659893,-6.758021841358,1.18223083688279,-5.71633020432542,1.08849127506965e-08,5.42756053982706e-08,"","OsSTA61",""
"Os02g0521800",2.39386187425615,-5.00521542290336,1.55570013455492,-3.21733945490423,0.00129385416332101,0.00324932339393926,"","Os02g0521800",""
"Os02g0522300",8386.30770080424,-1.30730402490671,0.181524074280428,-7.20182174231677,5.94133353048609e-13,4.38381241467701e-12,"","Os02g0522300",""
"Os02g0527900",65.7200535924551,-1.96214135418402,0.264281260990136,-7.42444374161381,1.1325486812932e-13,8.86608488985834e-13,"","Os02g0527900",""
"Os02g0529500",19.0390779941244,-8.01231950128734,1.09688249651715,-7.30462882462639,2.78033176176691e-13,2.1118418167167e-12,"","Os02g0529500",""
"Os02g0530100",962.355798333992,-3.1137819383491,0.988022752151858,-3.15152857721896,0.00162418268258638,0.00399626358753155,"","OsATX1",""
"Os02g0532800",2328.15965264929,-2.07208546933075,0.208475844341204,-9.93921130708767,2.81043406703187e-23,4.02742191317806e-22,"","Os02g0532800",""
"Os02g0532900",195.458678214324,-1.61338435270856,0.219303335301429,-7.3568619031306,1.88283953845036e-13,1.45014346422706e-12,"","Os02g0532900",""
"Os02g0533000",2990.95056284968,-1.65533726910436,0.134770400435602,-12.2826471076291,1.12263910972709e-34,2.82392174839675e-33,"","Os02g0533000",""
"Os02g0533700",109.062433061064,-1.47752673578932,0.226237397337675,-6.53086869446261,6.53893075073794e-11,4.06766475548667e-10,"","Os02g0533700",""
"Os02g0534400",323.995755791681,-1.72492961253948,0.324652711386041,-5.3131532620665,1.07744345431508e-07,4.82919979514556e-07,"","OSCIN1",""
"Os02g0534550",2.46110258220904,-3.50719383778559,1.42709613664658,-2.4575736334252,0.0139879132191194,0.0280903327792284,"","Os02g0534550",""
"Os02g0536500",38.7473918382033,-1.82514226429052,0.58827166386535,-3.1025500230592,0.0019186111962707,0.0046568798599137,"","Os02g0536500",""
"Os02g0539100",3873.45665238603,-1.96743562604958,0.119072209270619,-16.5230462935153,2.50423639317154e-61,1.6200382536191e-59,"","Os02g0539100",""
"Os02g0541500",3.99359601762303,-2.74567265891959,1.15627018767863,-2.37459435361894,0.0175682454551668,0.0344428246275256,"","Os02g0541500",""
"Os02g0543000",776.662599202249,-2.69559757752446,0.219556815169992,-12.2774488937517,1.19713888383951e-34,3.0082667469464e-33,"","OsAsr1",""
"Os02g0552700",112.18507954732,-1.08445409309379,0.264026886081996,-4.1073623568662,4.00203122793002e-05,0.000129095596581724,"","OsZFP6",""
"Os02g0553200",25893.2988575521,-1.05803904934152,0.168675579204218,-6.27262733783495,3.55005900259905e-10,2.06236370240086e-09,"","APX8",""
"Os02g0554100",257.629354616086,-2.30554257469722,0.204329510788655,-11.2834537008309,1.58402546955795e-29,3.16511282735786e-28,"","Os02g0554100",""
"Os02g0555600",158.492785767162,-4.36628001442053,0.410906686943824,-10.6259648556594,2.25666372443882e-26,3.81400798775038e-25,"","Os02g0555600",""
"Os02g0556800",11566.7914721015,-1.83549737842587,0.163819519244164,-11.2043875289987,3.88028257927719e-29,7.65459884289418e-28,"","Os02g0556800",""
"Os02g0557800",2009.77167696447,-5.07245051702756,0.712362567535932,-7.12060227220138,1.0745646235085e-12,7.78493791715501e-12,"","OSRR2",""
"Os02g0558100",108.904044324135,-1.2992828862952,0.217032927365441,-5.986570342423,2.14311926496816e-09,1.15209516225029e-08,"","OsCBSCLC3",""
"Os02g0559300",179.840294038541,-3.51452479905065,0.265199321924295,-13.2523898385152,4.37060389241602e-40,1.37599050371527e-38,"","Orysa",""
"Os02g0562700",3145.68359511185,-1.03431554677001,0.12360972873463,-8.36759013516251,5.88085357075339e-17,5.90636031303432e-16,"","OsGLYR1",""
"Os02g0564300",2523.13682894227,-1.28517884540549,0.159282699995008,-8.06854005768216,7.11437276942606e-16,6.58717541509976e-15,"","Os02g0564300",""
"Os02g0565300",35.91410089359,-1.32750969457365,0.314256291443498,-4.22428995287858,2.39695287711416e-05,7.96637175536655e-05,"","Os02g0565300",""
"Os02g0566300",883.121528373894,-3.01972744121324,0.221796955730517,-13.6148281714119,3.26913711084995e-42,1.10203279177591e-40,"","Os02g0566300",""
"Os02g0567100",3344.61818000757,-1.23365268548742,0.190999723711216,-6.45892392678356,1.05450101207452e-10,6.43214465193759e-10,"","Os02g0567100",""
"Os02g0568200",16.9688021206652,-3.71362275680848,0.6803742825869,-5.45820565511185,4.80970381979044e-08,2.24045932586854e-07,"","CPT1",""
"Os02g0568600",8.61810244079848,-3.07727405200021,0.751414358013158,-4.09530909169335,4.21605521768213e-05,0.000135470367174828,"","Os02g0568600",""
"Os02g0569000",32.8921476310018,-6.33458108041742,0.795054548183999,-7.96747983504576,1.61942874302876e-15,1.45537127189059e-14,"","CYP76M5",""
"Os02g0569900",4.38348752484659,-4.35443775901627,1.49341281273026,-2.91576295709924,0.00354819965605407,0.00814091516603868,"","OsCYP76M7",""
"Os02g0570500",40.6951115394576,-3.27496900510374,0.405402766631076,-8.07830946078378,6.56707827138212e-16,6.09866935269996e-15,"","Oscyp71Z6",""
"Os02g0571100",509.646561405395,-9.12984265251053,0.576162699049299,-15.8459453685136,1.49948874184055e-56,8.48238186223363e-55,"","OsCPS2",""
"Os02g0571300",151.18798341376,-6.70438816986791,1.18681437982271,-5.6490621312403,1.6132554576864e-08,7.91047505938963e-08,"","OsKS5",""
"Os02g0571800",401.256707356475,-8.79344832689389,0.505041439915844,-17.4113402028142,6.76808064004769e-68,5.4623040396893e-66,"","OsKS6",""
"Os02g0572400",385.566974688222,-1.36428465754317,0.246742153593588,-5.52919165887763,3.21709717914658e-08,1.53082421370683e-07,"","RIBA2",""
"Os02g0573200",4852.70337275893,-1.59488371334694,0.156378178756482,-10.1988891674621,2.00553119275608e-24,3.08066003489878e-23,"","OsCRY1a",""
"Os02g0573500",3.75374255652169,-3.51090088515318,1.28836845638077,-2.72507516600946,0.00642868496963118,0.013923385270328,"","Os02g0573500",""
"Os02g0575000",274.416245432982,-1.57147748773407,0.215692286741035,-7.28573799034743,3.19914184880391e-13,2.41588349856186e-12,"","Os02g0575000",""
"Os02g0575500",10962.5378023699,-1.38911568714469,0.146205677260424,-9.50110633987471,2.07672055162814e-21,2.70530521070928e-20,"","OsABC1-2",""
"Os02g0575700",938.756127805961,-1.72762491808367,0.287327518547546,-6.01273740439791,1.82416401276303e-09,9.87271990918076e-09,"","IIP3",""
"Os02g0580400",104.006686371661,-1.09994555774213,0.194758628184655,-5.64773724273334,1.62573399869632e-08,7.96608677555904e-08,"","Os02g0580400",""
"Os02g0581100",8120.9494755597,-2.30361418911515,0.199871661832901,-11.5254667319524,9.81787176859214e-31,2.08446794182011e-29,"","Os02g0581100",""
"Os02g0583000",44.2988362045072,-3.55053971659865,0.447650338589149,-7.93150235916009,2.1651048530155e-15,1.92966917061745e-14,"","Os02g0583000",""
"Os02g0584700",48.4582242288748,-3.90965650518532,0.434588996466511,-8.99621605004578,2.33631278343233e-19,2.71386881552287e-18,"","Os02g0584700",""
"Os02g0584800",133.27759212584,-3.06586140161172,0.335423117265898,-9.14028057040963,6.22905104210114e-20,7.49937792371914e-19,"","Os02g0584800",""
"Os02g0585100",7.35989160952092,-5.14235965342911,1.18652591040541,-4.33396321844507,1.46448653792357e-05,5.01597773709323e-05,"","Os02g0585100",""
"Os02g0585200",45.2240629498215,-3.36582480838422,0.451972991125908,-7.44696004953664,9.55155275009377e-14,7.51775166737844e-13,"","Os02g0585200",""
"Os02g0588600",412.470471054055,-3.13433327840809,0.216113660407976,-14.503170565392,1.15680693604673e-47,4.6154920216473e-46,"","Os02g0588600",""
"Os02g0589000",293.090834345358,-2.00407085486675,0.381737023465791,-5.24987290117103,1.52204190116083e-07,6.71264367836631e-07,"","Os02g0589000",""
"Os02g0589400",479.312548877955,-1.92073100557167,0.232578330622659,-8.25842631353268,1.47605542496875e-16,1.43476756627896e-15,"","UGT",""
"Os02g0589700",150.231138480015,-2.27918830316133,0.268264812881189,-8.49603896494155,1.96170168445377e-17,2.02859276442868e-16,"","Os02g0589700",""
"Os02g0590000",1.9373109310215,-4.70124306231608,1.83841363234257,-2.55722813386974,0.0105509996114605,0.0217763210300079,"","Os02g0590000",""
"Os02g0590200",34.0983433271923,-1.95432498000841,0.588107635878706,-3.32307363615234,0.000890314091064014,0.00230745943873359,"","Os02g0590200",""
"Os02g0590400",119.238218182676,-1.20542620011051,0.225857112503827,-5.33711861781676,9.44352633731163e-08,4.25988911587266e-07,"","Os02g0590400",""
"Os02g0591900",1953.41426805056,-1.17259870235097,0.137975574372606,-8.49859627461551,1.918970581458e-17,1.98606241005785e-16,"","OSJNBa0016G10.6-2",""
"Os02g0593100",1.54152302082867,-4.37869428614498,1.71413021706714,-2.55447004115993,0.0106349581253421,0.0219219931340766,"","OsDAO5",""
"Os02g0593500",5148.43009758304,-4.38245961774116,0.230514270909676,-19.0116629241509,1.36554290465417e-80,1.42759732272643e-78,"","OsPT14",""
"Os02g0595200",744.130774552922,-1.98288402140914,0.273357189954275,-7.25382062107394,4.05176648101578e-13,3.04121836110657e-12,"","Os02g0595200",""
"Os02g0595500",412.648555761002,-1.25081532374147,0.134452372928481,-9.30303643214098,1.36490920946332e-20,1.70972474635352e-19,"","OsIDHc",""
"Os02g0595700",32263.89584768,-1.71345909399248,0.188705205642984,-9.08008387025751,1.08491219735073e-19,1.2843224803516e-18,"","tufA",""
"Os02g0596000",3947.51947980849,-1.31692749630419,0.233747221338822,-5.63398139563455,1.76096026386598e-08,8.59730294735119e-08,"","OsStr1",""
"Os02g0597800",1734.2139503512,-1.21400963040667,0.125145085855256,-9.70081743210279,2.99092680651922e-22,4.06304662598467e-21,"","Os02g0597800",""
"Os02g0597850",13.9829371511125,-2.45780611652031,0.682716996487224,-3.6000365146414,0.00031817249649294,0.000890674493910923,"","Os02g0597850",""
"Os02g0598200",8.08791778901533,-2.49021046462002,0.734701997848398,-3.38941567045237,0.000700417486102755,0.00185111936567125,"","Os02g0598200",""
"Os02g0599500",89.9913509296344,-1.16665599341851,0.312835209193143,-3.72929887408619,0.000192013297293304,0.000557085886069811,"","Os02g0599500",""
"Os02g0600200",7587.73813361818,-1.23147590172228,0.176651992173144,-6.97119736139324,3.14254739154057e-12,2.19023619466106e-11,"","OJ1791_B03.17-1",""
"Os02g0601300",729.216584799827,-1.08107881393276,0.158901920249318,-6.80343454777979,1.02153913378121e-11,6.78570378490541e-11,"","OsGapC1",""
"Os02g0602900",105.825502857139,-1.62451428937483,0.310279469103143,-5.23564866882898,1.64406425620995e-07,7.2289228174115e-07,"","Os02g0602900",""
"Os02g0603600",50.6562503532522,-1.3998093849363,0.311895958772135,-4.48806515623685,7.18729492244882e-06,2.572661171533e-05,"","OsbHLH110",""
"Os02g0603800",327.522305933723,-3.38605592138092,0.223923064769923,-15.1215147258726,1.16824141517838e-51,5.45113324743405e-50,"","OsHDS",""
"Os02g0603900",164.165695504434,-2.84675679919067,0.284574877308412,-10.0035422174863,1.47041299758646e-23,2.12930583525421e-22,"","Os02g0603900",""
"Os02g0605900",107.261361551131,-2.12366791898098,0.487016369947887,-4.36056783719245,1.29725355326568e-05,4.47038265497408e-05,"","Cht6",""
"Os02g0606200",5869.38260934761,-3.46475392170971,0.136753783862804,-25.3357078966507,1.29161427108676e-141,5.24628308110111e-139,"","OsBBX4",""
"Os02g0606400",20.8213488534135,-8.13424382882924,1.19158616960188,-6.82640000055302,8.7071938823414e-12,5.82446389910294e-11,"","OSJNBa0030C08.4",""
"Os02g0606900",122.074542975281,-1.13430576889741,0.299571523790676,-3.7864272095835,0.000152828837278619,0.000451166460294571,"","OsPP2C21",""
"Os02g0607700",16.4220397031043,-1.72404682612674,0.491023134139708,-3.51113156643289,0.000446203504092063,0.00121932107873487,"","Os02g0607700",""
"Os02g0608000",24.2512827688252,-6.90243237933358,1.08939029193901,-6.33605093638932,2.35728885664069e-10,1.39030102358929e-09,"","Os02g0608000",""
"Os02g0608900",1208.00994091559,-1.27654575339666,0.137981274131705,-9.25158693764616,2.21183987790772e-20,2.73876844852172e-19,"","Os02g0608900",""
"Os02g0609400",3332.33668185444,-1.32538848888184,0.104750679308941,-12.6527913482344,1.07969435134078e-36,2.93973482891983e-35,"","Os02g0609400",""
"Os02g0609500",152.078129434368,-1.35330099449827,0.242098814828097,-5.58987038189007,2.27239172764667e-08,1.09816754117226e-07,"","Os02g0609500",""
"Os02g0609900",9.11123227614845,-6.94331852644081,1.29460244014506,-5.36328243415239,8.17230711564753e-08,3.70920046536726e-07,"","Os02g0609900",""
"Os02g0610500",2848.46262478751,-2.04183331988673,0.236982229579179,-8.61597649542128,6.93479846738768e-18,7.3902581344716e-17,"","OsCOL4",""
"Os02g0610700",1702.54365260954,-2.26788132668614,0.188706077442084,-12.0180619375239,2.85591425274121e-33,6.73272953759932e-32,"","OJ1476_F05.21-1",""
"Os02g0610800",6061.10022017857,-1.22592409588872,0.188753760514174,-6.49483269922274,8.31257344744304e-11,5.11703434303842e-10,"","Os02g0610800",""
"Os02g0611800",790.887973939988,-1.24270922307926,0.280355799169931,-4.43261465166279,9.30971682311755e-06,3.27558724405543e-05,"","OsHCT2",""
"Os02g0617100",15.2101282485417,-2.08566500473127,0.481189452345586,-4.33439468501351,1.46161738910047e-05,5.0075351285595e-05,"","Os02g0617100",""
"Os02g0617600",1263.57391103833,-3.29885664086973,0.229131373057198,-14.3972280917037,5.38607231667913e-47,2.10158604394266e-45,"","Os02g0617600",""
"Os02g0617800",555.404521668305,-1.40517117255637,0.200427300694069,-7.01087709952857,2.3682870433258e-12,1.66844037738081e-11,"","Os02g0617800",""
"Os02g0618100",95.6722814637905,-1.19095576985791,0.320513429937728,-3.71577493676099,0.00020258184771198,0.000585622499213596,"","OsGRX9",""
"Os02g0618400",15.1936006543354,-3.43077766366857,1.0773346997208,-3.18450493106523,0.00145001840416553,0.0036002711694568,"","OsMPS",""
"Os02g0619600",40.0117369777857,-3.53712962305091,0.431790108669397,-8.19178010805046,2.57390569945212e-16,2.45755921060983e-15,"","OsRFPH2-15",""
"Os02g0619801",3.33589413261955,-5.48675211012883,1.47897898456568,-3.7098242553731,0.000207403169408055,0.000599000854228159,"","Os02g0619801",""
"Os02g0620000",2.62172264839621,-4.36141617846982,1.45218169953724,-3.00335431844353,0.0026702135505261,0.00628298966204987,"","Os02g0620000",""
"Os02g0620400",191.728888562295,-1.75623743523306,0.249766324282252,-7.03152212484979,2.04292462335703e-12,1.44538958860414e-11,"","Os02g0620400",""
"Os02g0620600",34.1532860370179,-2.03606942164739,0.38210891954734,-5.32850534883977,9.90242816397261e-08,4.45852194473468e-07,"","AMT1",""
"Os02g0627700",2.1143532940482,-4.83929166312913,1.58658444550665,-3.05013179527534,0.00228740964656722,0.00545477851905639,"","OsCNGC3",""
"Os02g0627750",8.7683382273458,-6.14734320092794,1.16547737401835,-5.27452813582561,1.33098098543371e-07,5.90786740883035e-07,"","Os02g0627750",""
"Os02g0629200",766.589133371217,-2.91880392049242,0.190131393451487,-15.3515096455503,3.46039040226478e-53,1.73208268680635e-51,"","OsPIP2",""
"Os02g0632800",1345.84725321388,-2.00528046498478,0.280623636551243,-7.14580029547371,8.94730600635473e-13,6.52405535372134e-12,"","WAK14",""
"Os02g0632900",1.92563248482211,-4.69016248968245,1.67004274197554,-2.80840865434039,0.00497870044704898,0.0110664089868604,"","OsWAK15",""
"Os02g0633066",23.4763973702028,-5.22948043404557,0.73705518969851,-7.09510021384514,1.29257786955884e-12,9.2775787584181e-12,"","OsWAK16",""
"Os02g0634700",1698.17864457562,-1.72568371810542,0.235529521231406,-7.3268255676958,2.35668239782057e-13,1.79832213645827e-12,"","OsSCP8",""
"Os02g0635000",1118.8917893981,-1.34472454979047,0.179633636163983,-7.48592846254528,7.10430870296228e-14,5.65446375628964e-13,"","OsNIT1",""
"Os02g0635200",1058.2136443462,-1.84744255990478,0.183057500552868,-10.0921434758213,5.98481548082176e-24,8.88470779918039e-23,"","NIT1",""
"Os02g0635600",884.402186695799,-1.2963900769454,0.153261899373755,-8.45865855925443,2.70470685740343e-17,2.76919511594566e-16,"","Os02g0635600",""
"Os02g0636600",20.2984477782788,-2.24793603755728,0.454085025717531,-4.95047383252765,7.40330114209052e-07,3.00904843171878e-06,"","Os02g0636600",""
"Os02g0637000",20.1359716030982,-2.13186530933359,0.484977648061999,-4.39580116290444,1.10364927724085e-05,3.84438607369558e-05,"","Os02g0637000",""
"Os02g0637200",9.53155701631318,-7.00724711048374,1.16596924772643,-6.00980439591133,1.85747298656116e-09,1.00420266611446e-08,"","Os02g0637200",""
"Os02g0638300",7339.6370538029,-1.30145866027261,0.169152926133177,-7.69397662827272,1.4263111941067e-14,1.19673933140473e-13,"","Os02g0638300",""
"Os02g0639100",134.660552931301,-2.17132117652135,0.316586837624104,-6.85853269458867,6.95714106406867e-12,4.70461474193312e-11,"","OsRLCK78",""
"Os02g0640300",8.41762768240908,-2.54762930033507,0.817185017230716,-3.11756731537797,0.00182350298481232,0.00444436993941943,"","Os02g0640300",""
"Os02g0640800",56.609269061672,-1.3572652507472,0.519560322078097,-2.61233430089219,0.00899262726300166,0.0188375317632222,"","P0010C01.43-1",""
"Os02g0642200",155.31867528582,-7.26914736146115,0.507013544333743,-14.337185747204,1.28147492619252e-46,4.96111003848001e-45,"","OsREM1.4",""
"Os02g0646500",2.76267057368623,-5.22153465022341,1.72142374824289,-3.03326514203907,0.00241922939423877,0.00573326128178422,"","OS-ALDH",""
"Os02g0647900",56.5779245384223,-5.79151078098921,0.526878937052697,-10.992109142541,4.17064287443784e-28,7.71740242718045e-27,"","OsALDH3E2",""
"Os02g0648000",8.22025913550774,-6.79261393216111,1.20739818375846,-5.62582752196681,1.84620747721307e-08,8.9922317009845e-08,"","Os02g0648000",""
"Os02g0648100",7.17157326669034,-2.7920759772824,0.792344239225609,-3.52381684507634,0.000425378176027351,0.0011658844101139,"","OsRLCK79",""
"Os02g0649400",155.097972153684,-2.53929651024257,0.264786065790014,-9.58999297287921,8.80910123154662e-22,1.16966999571769e-20,"","Os02g0649400",""
"Os02g0649750",2.17777081510386,-4.09938887842068,1.82248645160942,-2.2493384654797,0.0244909703260931,0.0462580249862485,"","Os02g0649750",""
"Os02g0649800",182.61492546603,-3.79201606437414,0.267275339837396,-14.1876765236969,1.09217793935599e-45,4.09393234544983e-44,"","Os02g0649800",""
"Os02g0652000",223.375568576689,-1.51727909077091,0.224114383789475,-6.77011026742573,1.28684280272515e-11,8.49336817344726e-11,"","CycU4",""
"Os02g0653900",1403.06589973116,-2.74381878506203,0.227152889062123,-12.0791718581736,1.36083383769321e-33,3.27671331355924e-32,"","OsDAD1",""
"Os02g0654000",8.72177810928678,-1.75459791693714,0.681448262607927,-2.57480723514098,0.0100295966299606,0.0208170725264024,"","Os02g0654000",""
"Os02g0655500",45.4049416465249,-1.00123096162139,0.26683317978384,-3.75227309599383,0.000175238416672739,0.000512135202866296,"","OsSTA68",""
"Os02g0656600",12.834792746982,-1.90663722662744,0.642702580198551,-2.96659339073825,0.0030111889471089,0.0070067832966301,"","OsERF#032",""
"Os02g0657550",8.67581007484654,-1.7462160448509,0.684574270819023,-2.55080583551837,0.0107474182105052,0.0221372334360036,"","Os02g0657550",""
"Os02g0661100",95.6668285697929,-3.87755754160868,0.412071208516901,-9.40992105603428,4.96509684804069e-21,6.35106890056294e-20,"","OsTPP1",""
"Os02g0661600",17.0358868514357,-3.06692434569816,0.728313007167031,-4.21099762810469,2.54245416179552e-05,8.42734271127861e-05,"","Os02g0661600",""
"Os02g0662700",126.434333508922,-3.27932735767613,0.234195128424825,-14.0025430064775,1.50391502009717e-44,5.42394504409719e-43,"","OsHAM1",""
"Os02g0663100",408.254156074632,-2.92961070587516,0.167912984394082,-17.4471957391903,3.61552801950728e-68,2.92751430520693e-66,"","OsHAM2",""
"Os02g0665250",462.971160309034,-1.79220542346357,0.293253041886978,-6.11146405142593,9.87212420778142e-10,5.48188304563425e-09,"","Os02g0665250",""
"Os02g0666200",14107.5568894939,-1.83898824358393,0.14773130672525,-12.44819587905,1.43042048075736e-35,3.72284960627366e-34,"","OsPIP1a",""
"Os02g0666250",47.1088883500487,-1.90826977852701,0.284073301576789,-6.71752596226005,1.84835842072109e-11,1.20327841802959e-10,"","Os02g0666250",""
"Os02g0666500",1.52266058974865,-4.36449563938057,1.94907444090647,-2.2392657498247,0.0251386300007763,0.0473010203166187,"","Os02g0666500",""
"Os02g0667100",20.2460557004199,-3.09870769948208,0.563039865992493,-5.5035316087607,3.72257750890444e-08,1.7568438654881e-07,"","Os02g0667100",""
"Os02g0667300",20.9541808318536,-3.29608379325676,1.44314909988136,-2.28395236052029,0.0223743308815973,0.0426995914852758,"","Os02g0667300",""
"Os02g0667500",30.8982043454404,-1.42127033518333,0.543728404712546,-2.61393431511953,0.0089506242390932,0.0187606477262509,"","Os02g0667500",""
"Os02g0669366",53.0573178172032,-2.91652498292933,0.379432886434592,-7.68653716427949,1.51170787692514e-14,1.26453700427327e-13,"","Os02g0669366",""
"Os02g0669500",8.21786068462534,-2.82156690988739,0.769152346728311,-3.66841097461288,0.00024406264755671,0.000696916009970335,"","Os02g0669500",""
"Os02g0670500",413.750117021068,-3.4688415378821,0.178153955704732,-19.4710329285715,1.93333487745195e-84,2.20747641744824e-82,"","OsRALF-8",""
"Os02g0671200",1341.87711519336,-2.57034585330901,0.24089307559478,-10.6700694777658,1.40521273254912e-26,2.39786197481885e-25,"","Os_F0676",""
"Os02g0671400",404.815794453748,-1.37797024614341,0.219601176158613,-6.27487643849474,3.49912062016059e-10,2.03420252477051e-09,"","Os02g0671400",""
"Os02g0672200",1853.8715316406,-1.67533884041751,0.15197764007161,-11.0235876779513,2.9409861793433e-28,5.49538571384533e-27,"","OsAGO1a",""
"Os02g0673100",2.95227042728882,-3.77472297424345,1.69137923302564,-2.23174253327624,0.0256319843855651,0.0481269837163645,"","OsALMT7",""
"Os02g0674800",987.40570615533,-1.41105464916619,0.155336982941546,-9.08382937820529,1.04820539008613e-19,1.24205571258556e-18,"","Roc5(t)",""
"Os02g0675800",538.959827411919,-1.76357004068393,0.130826724450011,-13.4801971699428,2.04559456527853e-41,6.71307238992134e-40,"","OsFbox105",""
"Os02g0678200",1227.22881561321,-2.35952677233857,0.294249597955026,-8.01879353017571,1.0678883208713e-15,9.75629385185403e-15,"","OsSPX-MFS2",""
"Os02g0678400",741.145701959597,-2.34542662535594,0.188797062718289,-12.4230037882297,1.96059425409859e-35,5.08134349725949e-34,"","Os02g0678400",""
"Os02g0678601",38.7341817156617,-3.38295041663448,0.400290236804843,-8.45124388652976,2.88215482647538e-17,2.94478969631259e-16,"","Os02g0678601",""
"Os02g0680600",2642.76283663696,-1.81300158193785,0.155874753711259,-11.6311432016517,2.86238204966888e-31,6.25959753262541e-30,"","OsIspF",""
"Os02g0680700",3269.77718450633,-2.69441839453551,0.124027305316173,-21.724396798486,1.20660004167621e-104,2.2478142280159e-102,"","Os02g0680700",""
"Os02g0681200",345.978144729146,-3.10356117899525,0.377543219105571,-8.22041298039419,2.02803595262435e-16,1.94913292467702e-15,"","Os02g0681200",""
"Os02g0681632",208.656988952524,-1.71602755960196,0.23138824567189,-7.4162261553912,1.20504661845507e-13,9.41578053152356e-13,"","OsRLCK83",""
"Os02g0681700",413.48459307892,-1.87913695447069,0.24631174312809,-7.62910014198341,2.36397957145588e-14,1.95110998807336e-13,"","OsRLCK83",""
"Os02g0681900",260.312370762386,-1.9243129623639,0.232814586493791,-8.2654312659023,1.39190622915379e-16,1.35456640376054e-15,"","Os02g0681900",""
"Os02g0683800",53.1092270173548,-9.48779187650394,1.4368099276914,-6.60337299572287,4.0190662378484e-11,2.54226204174546e-10,"","Os02g0683800",""
"Os02g0683900",177.405674967051,-1.52513116437639,0.251079657518874,-6.07429203722626,1.24535909896175e-09,6.8341666434054e-09,"","OJ1123_G04.30-1",""
"Os02g0684400",1877.15957457035,-1.15584576734745,0.18185622943396,-6.35582168917227,2.07315400648898e-10,1.22974711081584e-09,"","Os02g0684400",""
"Os02g0684500",36.1793602770009,-1.7570244120879,0.563609375786933,-3.11745064502285,0.0018242248838493,0.00444476545846534,"","OSJNBb0064P21.1","P0534A03.129"
"Os02g0684600",81.3422336378863,-1.56453114965737,0.29433494748904,-5.31547871907271,1.0637728235185e-07,4.77310743359615e-07,"","Os02g0684600",""
"Os02g0685200",62.3746454390837,-1.09823647927194,0.2572491289387,-4.26915528850494,1.96214632744465e-05,6.6108375788817e-05,"","OsMyb1R",""
"Os02g0686100",48.6106453473256,-2.2789097551566,0.579003937887934,-3.93591408630053,8.28806215130183e-05,0.000254812403428224,"","Os02g0686100",""
"Os02g0687500",1359.70933311183,-1.78508716839413,0.164166067274702,-10.8736671227381,1.5388847636531e-27,2.75697380976376e-26,"","Os02g0687500",""
"Os02g0688800",19.2892193274626,-3.36350453550014,0.549355734340269,-6.12263479790456,9.20404914944582e-10,5.12814764506002e-09,"","Os02g0688800",""
"Os02g0689500",68.9022383350972,-1.37314560271208,0.414306743624081,-3.31432114935111,0.00091865928706525,0.00237545618405507,"","Os02g0689500",""
"Os02g0689900",423.037485218045,-1.6841807984844,0.381447119412852,-4.4152405740455,1.00897717291238e-05,3.52949702290698e-05,"","OsNRT1.5A",""
"Os02g0693500",2207.9163136475,-3.34689482997125,0.143430839039358,-23.3345551932025,1.97767768774845e-120,5.05164124426221e-118,"","Os02g0693500",""
"Os02g0695600",39.150144847461,-1.3423794765292,0.373329008313789,-3.59570096787364,0.000323519259181069,0.000904961868471366,"","Os02g0695600",""
"Os02g0695800",330.177727497556,-2.42763054399462,0.267581438594091,-9.07249231019055,1.16325195132611e-19,1.37247112371462e-18,"","OsOPT8",""
"Os02g0696650",560.092984873951,-1.07328314300891,0.233913573291874,-4.58837479118703,4.46710107175504e-06,1.64459677941864e-05,"","Os02g0696650",""
"Os02g0696700",150.894571542995,-2.33263748015771,0.214825059844076,-10.8583117903041,1.82084199343144e-27,3.24102026373927e-26,"","JMJ707",""
"Os02g0696900",71.2483374031172,-3.26554876907016,0.377010359252796,-8.66169506732446,4.64800313989146e-18,5.01308729724768e-17,"","OsKANADI1",""
"Os02g0697500",609.994671656647,-2.68061146320946,0.25687980926588,-10.4352750450501,1.71117476943707e-25,2.78018211556343e-24,"","P0459B01.5-1",""
"Os02g0697550",124.412293317518,-3.1688301386899,0.314051631982974,-10.090156572922,6.10720272521071e-24,9.06096777979316e-23,"","Os02g0697550",""
"Os02g0697700",1174.99304625077,-1.06604547334683,0.149249470313796,-7.14270858787955,9.15094984523542e-13,6.66078391055811e-12,"","Os02g0697700",""
"Os02g0697800",428.363503953647,-1.1580961718075,0.204503798925815,-5.66295676603841,1.48786657014415e-08,7.32317640215763e-08,"","SCAMP5",""
"Os02g0697900",194.241867926266,-3.00172664676111,0.204150586432805,-14.7034926483011,6.12189639682295e-49,2.55787903919194e-47,"","Os02g0697900",""
"Os02g0698000",43356.4738125144,-3.1117800952682,0.206921971461744,-15.0384228087809,4.11231339171923e-51,1.86613166495654e-49,"","OsPrk",""
"Os02g0699300",344.01672768512,-1.00698902193318,0.141212987376063,-7.13099439820981,9.96463754110765e-13,7.22545579034311e-12,"","OsARFB1d",""
"Os02g0699400",4338.95422348178,-1.31324220921024,0.147823076008446,-8.88387824601357,6.45689560719866e-19,7.31515786280573e-18,"","Os02g0699400",""
"Os02g0699500",6.66857223587405,-2.35877566503316,0.899008292190586,-2.62375295703403,0.0086966839192184,0.0182778638957057,"","Os02g0699500",""
"Os02g0700300",40.7590328909796,-1.69639042905697,0.396631881767362,-4.27698958918274,1.89437658415204e-05,6.3938112825957e-05,"","Os02g0700300",""
"Os02g0700400",1663.27135915831,-1.6049891695728,0.130403992067437,-12.3078223613184,8.22115222540764e-35,2.08490776549565e-33,"","AOX1C",""
"Os02g0702600",12.312465562512,-1.77016247951931,0.683835592151172,-2.58857903834873,0.00963728275345829,0.0200657945195324,"","Os",""
"Os02g0703300",236.113502388452,-2.72340653262,0.245515140538788,-11.0926215248617,1.36235766868583e-28,2.580667886623e-27,"","Os02g0703300",""
"Os02g0704000",8921.34207350884,-4.83159447756996,0.202018329450918,-23.9166143522825,2.05730173261434e-126,6.21631280841286e-124,"","OsNCED1",""
"Os02g0704300",1794.06022403986,-3.1274069575488,0.280550220164571,-11.1474051088403,7.37250650375843e-29,1.41933639194734e-27,"","Os02g0704300",""
"Os02g0704600",2240.51487330976,-1.14371177292539,0.107384575098309,-10.6506150615984,1.73216761780679e-26,2.94361571100129e-25,"","Os02g0704600",""
"Os02g0704900",818.602293480695,-1.85294743221508,0.287857275392395,-6.43703526231609,1.21829638610509e-10,7.39121683607391e-10,"","IPP",""
"Os02g0705100",6654.52943404003,-3.99068186679176,0.201008186893463,-19.8533299984785,1.03134398514486e-87,1.29713755938753e-85,"","Os02g0705100",""
"Os02g0706400",1043.16931509644,-3.44986781854733,0.187319636360925,-18.4170110809962,9.59580066131068e-76,9.04011988537242e-74,"","49D11.24",""
"Os02g0707100",6478.81158067636,-1.77677893128562,0.140760036991776,-12.6227512386163,1.58196249902236e-36,4.26510172342514e-35,"","OsMDHAR4",""
"Os02g0708200",1068.35757796794,-1.49597869244361,0.174764110614254,-8.55998801576366,1.12879254472429e-17,1.1840852193325e-16,"","Os02g0708200",""
"Os02g0710500",48.3805654594516,-1.57136651855563,0.321317968057154,-4.89037861174364,1.0064220807964e-06,4.01741902624335e-06,"","Os02g0710500",""
"Os02g0716500",13988.8053183021,-3.44764182807831,0.265342990467261,-12.993152078399,1.33800689820083e-38,3.94194969283257e-37,"","OsFAD2",""
"Os02g0716600",14.0612927458229,-3.06194770788036,0.589415819199567,-5.19488552587292,2.04845849266813e-07,8.90588806331608e-07,"","Os02g0716600",""
"Os02g0718100",14.9490779708097,-2.44829359642989,0.52103373123245,-4.69891573169114,2.61546336058365e-06,9.89755621215581e-06,"","OsAGP22",""
"Os02g0720100",26.3057478384746,-1.66654255656518,0.373072371913573,-4.46707577947171,7.92960468941309e-06,2.81760813695093e-05,"","OsENODL8",""
"Os02g0720600",45.6334571258479,-2.28817226232345,0.555316095052691,-4.12048612080358,3.78073843169494e-05,0.000122355480828246,"","Os02g0720600",""
"Os02g0722400",14.6068716931357,-2.27273388930109,0.509816883266857,-4.45794159412225,8.27504403539896e-06,2.93236221488959e-05,"","OsAAP3",""
"Os02g0722700",1639.98466035054,-1.41585651024352,0.164132483727572,-8.62630283834352,6.33670939177871e-18,6.77036000862877e-17,"","Os02g0722700",""
"Os02g0723200",26.7135001854167,-2.27094310639233,0.492452234987772,-4.61149923798949,3.99775123387851e-06,1.48104489117536e-05,"","OsGT7",""
"Os02g0723400",27.7738621991121,-2.86546158163485,0.581396737787424,-4.92858214605696,8.28285083141361e-07,3.34078129659669e-06,"","OsIAA8",""
"Os02g0726300",3228.48915978002,-2.17016073050627,0.190630926233967,-11.3840958200181,5.01860810191973e-30,1.02850333284752e-28,"","OsDof4",""
"Os02g0726600",2019.91723985221,-1.38921975475005,0.203372215999163,-6.83092205060973,8.4370571128958e-12,5.65750917689362e-11,"","Os02g0726600",""
"Os02g0727300",261.374326855708,-2.50751015803552,0.302178078261737,-8.29812067261743,1.05771212528792e-16,1.03954515383811e-15,"","OsPUB21",""
"Os02g0727700",177.236405742214,-1.76691319562472,0.246037420036897,-7.18148156227514,6.89599855120396e-13,5.07159857830752e-12,"","Os02g0727700",""
"Os02g0728100",1445.77561582194,-1.01141983843936,0.205585839883924,-4.91969602094396,8.66787226732823e-07,3.48812524228669e-06,"","OsProtIV1",""
"Os02g0728500",57.985615460435,-1.13406916012127,0.337264585457337,-3.3625503803889,0.000772260328975421,0.00202543602953573,"","OsSERL3",""
"Os02g0729300",206.014210844685,-1.53620281715013,0.174339701573711,-8.81154896608923,1.23428346832324e-18,1.3757013717789e-17,"","Os02g0729300",""
"Os02g0729350",176.091763256374,-3.47138362901278,0.226309199650755,-15.3391184908518,4.18843998962728e-53,2.08806796022123e-51,"","Os02g0729350",""
"Os02g0729400",8985.65536103023,-4.59588901220913,0.518111013382628,-8.87047156593647,7.2836800134535e-19,8.22176490630238e-18,"","OsStr11",""
"Os02g0729500",34.2540985757344,-1.97128563339575,0.343640287124367,-5.73647999741754,9.66644601378578e-09,4.85221906166066e-08,"","Os02g0729500",""
"Os02g0730600",11.5291781500267,-3.54678512244415,0.908853731861533,-3.90248177248451,9.52114101912495e-05,0.000289988089773643,"","OsSTA74",""
"Os02g0731600",6465.2202949011,-2.47367610255992,0.194196579755042,-12.7380003586068,3.63594829795155e-37,1.00882296728271e-35,"","Os02g0731600",""
"Os02g0734300",1251.78817894649,-2.72988867939934,0.168002049872113,-16.2491391115608,2.265229539218e-59,1.37900718165122e-57,"","Os02g0734300",""
"Os02g0734500",6.60711279406641,-5.74051538874237,1.20358800961031,-4.7695019748502,1.84681932851582e-06,7.13195799604683e-06,"","Os02g0734500",""
"Os02g0734600",1337.347103458,-1.45614485230403,0.132164807962891,-11.0176443695427,3.14173323888626e-28,5.86606815824302e-27,"","Os02g0734600",""
"Os02g0735200",6961.01972277724,-2.42554796711459,0.154119829289932,-15.7380654928681,8.29407494456581e-56,4.50662927415586e-54,"","OsGS1",""
"Os02g0736200",357.672816209755,-1.91615837183162,0.233417467751629,-8.20914728571442,2.22764837553075e-16,2.13270648379156e-15,"","RDR1",""
"Os02g0736900",7.0386639458356,-3.22201689299872,1.30039907637894,-2.47771391992271,0.0132227117585196,0.026742235673891,"","Os02g0736900",""
"Os02g0738100",4.05595000622384,-4.25873991219663,1.31228435620352,-3.24528741965445,0.00117332131901589,0.00297131871639991,"","Os02g0738100",""
"Os02g0738200",14.0626929677756,-6.10738834087331,1.16795703121708,-5.22912074471531,1.70318106322475e-07,7.47162131790363e-07,"","OsPUB40",""
"Os02g0738400",586.211370552839,-1.17678526172449,0.123803063097245,-9.50530004899919,1.99472121610537e-21,2.59985310738783e-20,"","OHK5",""
"Os02g0739600",2302.18576801928,-1.87927111297853,0.146970967460243,-12.7866826044191,1.9460495526928e-37,5.49171637438149e-36,"","OsPDHE1-A",""
"Os02g0740500",38.7138830158011,-1.37832898117218,0.448174639830582,-3.07542832341699,0.00210200445126627,0.0050569340993324,"","Os02g0740500",""
"Os02g0740600",100.338654992404,-3.15506293220002,0.28362677359244,-11.1239954262347,9.58798314051319e-29,1.82739583286535e-27,"","Os02g0740600",""
"Os02g0740700",67.992749137818,-2.01427014103653,0.390562146682666,-5.15736140367216,2.50454106166161e-07,1.07734399105538e-06,"","OsMMP1",""
"Os02g0741200",7.15119844741508,-5.12798984777573,1.21109847956493,-4.23416421893113,2.29403268800647e-05,7.64071083623286e-05,"","prx31",""
"Os02g0741800",4.84896249438074,-2.54585547199292,0.980563527815115,-2.59631874914374,0.0094228605695186,0.0196623055693921,"","Os02g0741800",""
"Os02g0742700",12.3345078597536,-5.90844380083818,1.24484297010242,-4.74633664063836,2.07133866537896e-06,7.95066740698596e-06,"","Os02g0742700",""
"Os02g0744600",6.12250705608582,-2.18197467351862,0.846078016043296,-2.57892845830302,0.0099107309671597,0.0205867019763008,"","OsCslA6",""
"Os02g0744650",6.15695323617375,-2.95222099087133,0.857247073592982,-3.44383910054972,0.000573516896682506,0.00153951568249009,"","Os02g0744650",""
"Os02g0744700",4297.88782260152,-3.5932399278433,0.182608736822997,-19.6772618351018,3.37764938811803e-86,4.00421143011485e-84,"","OsSSIIb",""
"Os02g0744900",35712.9513209819,-2.9456356449902,0.217934562028702,-13.516147313074,1.25582457958925e-41,4.16540369591471e-40,"","LYL1",""
"Os02g0745100",294.177644849933,-1.75587704716631,0.318099041691539,-5.51990674926016,3.39179608167166e-08,1.60870083299347e-07,"","LSI1",""
"Os02g0748800",16.3708365388856,-2.13329300735466,0.500171467685813,-4.26512335304722,1.99791789230659e-05,6.7249574266649e-05,"","OsGRL4",""
"Os02g0749000",287.415890524909,-1.07463885338925,0.244811021914567,-4.38966695610738,1.13524391191344e-05,3.9466729908067e-05,"","Os02g0749000",""
"Os02g0749300",3527.06857066127,-1.24633512932598,0.134220335555387,-9.28573993030785,1.60587454135431e-20,2.00548152777902e-19,"","OsSK1",""
"Os02g0749800",1012.78132524845,-1.85509204599733,0.242783887645112,-7.64091910707433,2.15676540890761e-14,1.78782792025774e-13,"","Os02g0749800",""
"Os02g0750100",7727.63015540359,-1.711987380456,0.226949434077097,-7.54347499220649,4.57610622869361e-14,3.69684330056543e-13,"","Os02g0750100",""
"Os02g0752701",1275.02289426034,-1.93224742941587,0.165643199888213,-11.665117739333,1.9213711405637e-31,4.23916409169607e-30,"","Os02g0752701",""
"Os02g0752800",3046.81293152837,-1.91244806407211,0.124708439719445,-15.3353539533853,4.43846836657699e-53,2.20827170117828e-51,"","OsERF#049",""
"Os02g0753500",7.58768673589939,-3.08822604546203,0.799014249398062,-3.86504501989613,0.000111068711027144,0.000334890829482686,"","OsSTA78",""
"Os02g0753700",11.1179559931588,-2.70663007885901,0.749160383620115,-3.61288468802895,0.000302809387355051,0.000851226252609041,"","OsVQ9",""
"Os02g0755500",839.602495582814,-6.35572560069148,0.2821323465915,-22.5274615884224,2.23397004560783e-112,4.81313702782828e-110,"","Os02g0755500",""
"Os02g0755600",919.235098988065,-2.43991783538446,0.313610653843247,-7.78008592974655,7.24753035675008e-15,6.21141679865779e-14,"","Os02g0755600",""
"Os02g0755900",1210.94678771528,-2.53683242869974,0.168116792160921,-15.0897027958486,1.89293024916924e-51,8.71768267354392e-50,"","Os02g0755900",""
"Os02g0757700",164.097389982745,-1.48427083507575,0.269040291767294,-5.51690910430459,3.45013762167535e-08,1.63511973703615e-07,"","OsFbox110",""
"Os02g0758200",11.991863176486,-4.19900169676252,0.979785265497665,-4.28563466366246,1.82218228746778e-05,6.16526157812224e-05,"","Os02g0758200",""
"Os02g0759000",13.8788615743066,-4.48259880301594,0.791786256660722,-5.66137485376526,1.50164998731301e-08,7.38514921311124e-08,"","OsbHLH048",""
"Os02g0759900",7676.9086955769,-1.21861859393919,0.24145367939138,-5.0470077615338,4.48783126135527e-07,1.87544265749029e-06,"","Os02g0759900",""
"Os02g0760300",5685.01728390259,-1.34418987708919,0.147375002819826,-9.12088109496107,7.45160162258877e-20,8.92786912006199e-19,"","OsFKBP12",""
"Os02g0761700",1605.29524457707,-1.93865557658558,0.122760216533568,-15.7922137263049,3.52006463668812e-56,1.95992452816228e-54,"","Os02g0761700",""
"Os02g0761900",1183.66707018471,-1.26729944960773,0.197524956008656,-6.41589536439231,1.39997582134669e-10,8.44793008414687e-10,"","Os02g0761900",""
"Os02g0762100",791.851995090961,-1.31268630705274,0.27073772308707,-4.84855339730614,1.24365056472349e-06,4.90199332519151e-06,"","Os02g0762100",""
"Os02g0764500",2711.18598146606,-3.57919934734719,0.182255356543206,-19.6383766997745,7.26846389580592e-86,8.49484575218789e-84,"","Os02g0764500",""
"Os02g0767500",3329.33086466861,-1.2353356483273,0.159369663871488,-7.75138516526861,9.08955229999253e-15,7.73657977797715e-14,"","OsPT15",""
"Os02g0768300",117.289046680733,-7.16948509120409,0.699858699604677,-10.2441894274571,1.25673836114528e-24,1.94979376168419e-23,"","Os02g0768300",""
"Os02g0768400",2.69996184541489,-3.63735454233655,1.49023157733081,-2.44079819382937,0.0146548415589897,0.0292825007505717,"","Os02g0768400",""
"Os02g0769200",16.0572691609322,-1.26920987523123,0.450080558995578,-2.81996155991198,0.00480294026411723,0.0107112917123342,"","LYP5",""
"Os02g0771100",2535.32453853775,-2.51529843255983,0.147359037769351,-17.0691833404669,2.51695991698741e-65,1.8560332102142e-63,"","PPS",""
"Os02g0771700",49.9176335138665,-6.65999375807985,1.2107880509634,-5.50054466822711,3.78619815647426e-08,1.78516901470909e-07,"","Gns9",""
"Os02g0775300",332.278078076727,-1.62681831942915,0.184663057073244,-8.80965768255364,1.25528597907759e-18,1.39722464975765e-17,"","Os02g0775300",""
"Os02g0775600",202.781826997658,-2.72269605040036,0.331191227072653,-8.22091839347872,2.01950654868595e-16,1.94168854314287e-15,"","Os02g0775600",""
"Os02g0776400",121.780634627697,-1.88308725185046,0.244110649916524,-7.71407250152503,1.21865187437456e-14,1.02632690317398e-13,"","OsHAP2K",""
"Os02g0777800",535.809277880881,-3.2524831812356,0.211033917194229,-15.4121348097904,1.35655336747502e-53,6.91591003825689e-52,"","OsRLCK86",""
"Os02g0779000",2.92142729681959,-5.30958335476539,1.73765256135601,-3.05560701422496,0.00224605433847045,0.00536597129922691,"","OsSub21",""
"Os02g0779300",72.0748834453501,-1.29743141441336,0.292537467892065,-4.43509484020031,9.20317638494726e-06,3.24086272441498e-05,"","Os02g0779300",""
"Os02g0782300",1463.92546923477,-1.0564090011293,0.214250025514093,-4.9307298731678,8.19229516904424e-07,3.30587129321513e-06,"","OsDjC23",""
"Os02g0782366",8.62461922410164,-3.29551951478634,0.856032707759354,-3.84975887593395,0.000118234161670628,0.000354831373996263,"","Os02g0782366",""
"Os02g0784700",1111.74636884739,-1.17645717480544,0.151385777216087,-7.77125299641702,7.77135013682533e-15,6.64426302070812e-14,"","OsRpt1b",""
"Os02g0786900",10.9615020436975,-7.20492277002174,1.16180476097273,-6.2014918616699,5.59304130819042e-10,3.18571918374791e-09,"","OsPR1#022",""
"Os02g0787200",13.8811299665615,-2.82264035220282,0.576565235616083,-4.89561315500876,9.79996813849512e-07,3.92077846871457e-06,"","OsRLCK87",""
"Os02g0787600",191.712011138682,-3.46794405586224,0.338834230849889,-10.2349282927043,1.38297594694402e-24,2.14028701045796e-23,"","OsGLR1.2",""
"Os02g0789100",20.7353754796738,-1.8905463059839,0.42101785314028,-4.49041837984479,7.10834103846873e-06,2.54697564584439e-05,"","OsCNGC5",""
"Os02g0792600",8.60903009796563,-5.38421499746173,1.17292302600017,-4.59042484298622,4.42344717990277e-06,1.6294937671194e-05,"","Os02g0792600",""
"Os02g0793700",2817.93085403604,-2.86736921255871,0.214273362046015,-13.3818277044766,7.72247608386465e-41,2.48816371820435e-39,"","OsSBP",""
"Os02g0793900",990.245482345199,-1.03491260018466,0.13631668183813,-7.59197323636123,3.15070106519547e-14,2.57046164940231e-13,"","HDR1",""
"Os02g0798200",1285.19691763047,-1.1167204440588,0.229863853952445,-4.85818202756591,1.18468472812442e-06,4.68223536588589e-06,"","Os02g0798200",""
"Os02g0798501",1.57286147686606,-4.42292210836602,1.93371591426142,-2.28726571247947,0.0221803185197061,0.0423684952557828,"","OJ1695_D07.8",""
"Os02g0798600",1156.23325799001,-1.15371664734354,0.145905792286131,-7.90727104980878,2.63092383849687e-15,2.3297498193866e-14,"","Os02g0798600",""
"Os02g0801700",10.277364323533,-7.12623603956201,1.26356681988632,-5.63977775247622,1.7026978959058e-08,8.32598100786617e-08,"","Os02g0801700",""
"Os02g0802200",58.769165658902,-4.10563141061713,0.540109776638526,-7.60147582620942,2.92772467673949e-14,2.39327727863987e-13,"","Os02g0802200",""
"Os02g0803600",60.7654894852833,-1.88625516372353,0.381644957203042,-4.94243439648022,7.71530709875101e-07,3.12254433168497e-06,"","OsVAMP7112",""
"Os02g0804600",517.325517938574,-2.51701495407425,0.166936435127062,-15.0776848215217,2.27093437966701e-51,1.04391356447142e-49,"","OsStr15",""
"Os02g0805800",4166.22879581954,-2.50714420231716,0.157354649119518,-15.933079933424,3.73497955708936e-57,2.18258463410385e-55,"","Os02g0805800",""
"Os02g0806700",2794.06873470675,-2.13401069870344,0.143053294399555,-14.9175921299864,2.53248323364902e-50,1.12048816214503e-48,"","Os02g0806700",""
"Os02g0809800",73.5913176649674,-2.22325732282659,0.45487125541189,-4.8876628196992,1.02040096757556e-06,4.07059648585084e-06,"","Pho1",""
"Os02g0810200",44.1253230106657,-2.30646922686136,0.37923002592723,-6.08197945619406,1.18707781551727e-09,6.53459831927825e-09,"","STD1",""
"Os02g0810600",24.0728790581977,-5.56611542585503,0.746067482037272,-7.46060585653157,8.61255286874145e-14,6.80246166492849e-13,"","Os02g0810600",""
"Os02g0814600",33.9113163070068,-1.36499466902755,0.329989691336396,-4.13647669871013,3.52679149484869e-05,0.000114465958695135,"","Os02g0814600",""
"Os02g0814800",944.465587461995,-1.27829579671674,0.202930418691085,-6.29918276896008,2.99219008854898e-10,1.74646628560608e-09,"","Os02g0814800",""
"Os02g0815100",3.17780868627149,-3.89817876066032,1.46202649647873,-2.66628461936157,0.00766947318359891,0.0163112907356249,"","Os02g0815100",""
"Os02g0815300",3887.93074263863,-1.40953627080069,0.196865139388401,-7.1599079206186,8.0731268809742e-13,5.90924268035149e-12,"","Os02g0815300",""
"Os02g0815400",5994.64135544309,-1.37065047660473,0.0994176119198411,-13.7867974309206,3.06047742514788e-43,1.05465158780096e-41,"","Os02g0815400",""
"Os02g0815700",129.463905554446,-2.90492085838699,0.370948449735098,-7.83106348189743,4.83760318922529e-15,4.19976503922337e-14,"","OsCttP2",""
"Os02g0816100",449.307203300843,-1.89146561218001,0.164571360870277,-11.4932853576568,1.42584157255236e-30,2.99390480026525e-29,"","Os02g0816100",""
"Os02g0816200",8.79015700440155,-3.50237900442836,0.860102144312519,-4.07205007868898,4.66011565548962e-05,0.000148525450985421,"","OsGELP45",""
"Os02g0816600",6840.43810755205,-2.51457451989459,0.209837287377405,-11.9834494208457,4.3388695570718e-33,1.01610747651766e-31,"","Os02g0816600",""
"Os02g0817600",1449.72922492132,-1.24484328900025,0.143535986168584,-8.67269123394719,4.22025186714344e-18,4.57415487804956e-17,"","OsIAA10",""
"Os02g0817900",1791.04590184981,-1.492374391756,0.309382664890812,-4.82371690825886,1.4090737321609e-06,5.52152773394761e-06,"","CYP97A4",""
"Os02g0819500",3342.00001690437,-1.41575864191651,0.199852114250856,-7.08403134599536,1.40020214458532e-12,1.00239261879198e-11,"","OJ1202_E07.21-2","P0474F11.2-2"
"Os02g0820900",482.044683135937,-1.21823764690992,0.20304459449794,-5.99985264282561,1.97496673175491e-09,1.06493472715324e-08,"","ETR3",""
"Os02g0821400",47.0884930495346,-3.38548092069699,0.39992584232287,-8.46527171395895,2.55556204941921e-17,2.61757589493426e-16,"","OsRLCK90",""
"Os02g0821600",2.44410004347197,-5.04581355442723,1.59430397711182,-3.16490056279482,0.00155135959500714,0.00382925250901494,"","Os02g0821600",""
"Os02g0822100",796.432981017031,-1.3294634718345,0.236008078930542,-5.63312695844521,1.76971077145274e-08,8.63492000478231e-08,"","SIET3",""
"Os02g0822500",2140.48680440796,-1.47265771419865,0.14968169136263,-9.83859616224459,7.67746081400658e-23,1.07714862167973e-21,"","OJ1119_A01.22-1",""
"Os02g0822900",6.06236635257485,-2.89951814870137,0.947828525702739,-3.05911678122539,0.00221990596528676,0.00531067008804771,"","OsPUB62",""
"Os02g0823100",1472.40523448366,-1.24098318327386,0.365101679249045,-3.39900705421668,0.000676309719903591,0.001793988715124,"","OsPIP1",""
"Os02g0823400",514.124771381551,-3.01414324308158,0.201213745783344,-14.9798078225085,9.95043429906289e-51,4.4825801932342e-49,"","OsCOMTL4",""
"Os02g0823900",427.156051509415,-4.27426877561076,0.204558321299209,-20.8951107364572,5.93189486313322e-97,9.42144609127256e-95,"","OsSTA83",""
"Os02g0824000",177.014009170139,-1.67484281532278,0.218575734854026,-7.66252858050007,1.82307544294406e-14,1.51782057291078e-13,"","Os02g0824000",""
"Os02g0826200",397.195770091639,-1.09381703655509,0.229310274307461,-4.77003064890362,1.84197891124237e-06,7.11659308963858e-06,"","Os02g0826200",""
"Os02g0826300",10.520877188245,-2.28881973702167,0.739450693995048,-3.09529730056213,0.00196615710609625,0.00475829992359317,"","OsCLE206",""
"Os02g0827400",126.320662833848,-10.01709527561,1.04146318260098,-9.61829034665728,6.69343859335279e-22,8.95966115761762e-21,"","Os02g0827400",""
"Os02g0828100",288.016096172107,-1.24582773456158,0.210852966570433,-5.90851414056549,3.45207186142124e-09,1.81288648813976e-08,"","Os02g0828100",""
"Os02g0828500",1.88739671532388,-3.88438169464808,1.51593504402892,-2.56236684411261,0.0103961443992247,0.0215012746059759,"","Os02g0828500",""
"Os02g0828900",89.6760914147446,-2.10221302108963,0.283940753708064,-7.40370303887774,1.32438412651163e-13,1.03027521201189e-12,"","JMJ720",""
"Os02g0829200",2617.75574944466,-1.51601915623554,0.150866507142093,-10.0487456424486,9.30441797348535e-24,1.36330907231843e-22,"","OsNTMC2T5",""
"Os02g0829400",401.38601160185,-1.72865322520217,0.160483721788913,-10.7715175466574,4.69202903420449e-27,8.16393282166325e-26,"","Os02g0829400",""
"Os02g0829600",2211.70636699317,-1.94549157431013,0.122688766892745,-15.8571287623331,1.25501839271142e-56,7.16488265350482e-55,"","OJ1124_D06.12-1",""
"Os02g0829850",4176.44670920753,-6.41959031282407,0.208555876519728,-30.7811528495425,4.68453835004612e-208,7.73792044660619e-205,"","Os02g0829850",""
"Os02g0829900",249.107676669545,-1.13144149360027,0.181263748837293,-6.2419623386245,4.32115010293969e-10,2.48526314068098e-09,"","Os02g0829900",""
"Os02g0832100",32.819592961547,-1.7164300530261,0.40909632181107,-4.19566239419474,2.72075262211024e-05,8.99067587597033e-05,"","Os02g0832100",""
"Os02g0834700",1822.35449413199,-1.44538830692937,0.193731201739782,-7.46079255147969,8.60035691257887e-14,6.79499500073236e-13,"","P0264G11.15-1",""
"Os03g0100100",35.8036748953001,-1.46141759165333,0.415611187639292,-3.51630955835021,0.000437590459846964,0.0011975015267979,"","PMEI12",""
"Os03g0100200",2239.73686504186,-3.15422557068204,0.207161699994288,-15.2259108260311,2.38020501719142e-52,1.1473606947656e-50,"","Os03g0100200",""
"Os03g0101700",332.673869393684,-1.90636785298721,0.28399032366072,-6.71279157829589,1.90935750246562e-11,1.24103228852546e-10,"","Snf2P",""
"Os03g0103200",356.453553758089,-2.30333471399165,0.815423844633759,-2.82470856003257,0.00473236386940895,0.0105719754388554,"","OsHyPRP04",""
"Os03g0103950",157.551667612891,-1.048726257279,0.358161993415045,-2.92807801095666,0.00341064459175988,0.00785659548624345,"","Os03g0103950",""
"Os03g0109300",755.660196316051,-1.35881006620189,0.273118608143055,-4.97516472949427,6.51921768873149e-07,2.66633635975075e-06,"","LOGL3",""
"Os03g0109700",1222.18905511174,-2.02350702527419,0.223690925599504,-9.04599513749197,1.48308062325533e-19,1.74070528670759e-18,"","Os03g0109700",""
"Os03g0109800",799.525243731897,-5.86035529189264,0.273989481406515,-21.3889791017112,1.69221734810172e-101,2.95268093196594e-99,"","Os03g0109800",""
"Os03g0110900",5756.74537818359,-1.29623279205501,0.129107745916012,-10.039930469379,1.01745850502998e-23,1.48641328886367e-22,"","Os03g0110900",""
"Os03g0111200",13.0121579609093,-2.08446737763114,0.690001185086164,-3.02096202540701,0.00251972959269992,0.00595491607385787,"","OsREM1.3",""
"Os03g0111400",93.9287418683098,-1.6845768337138,0.294439269551759,-5.72130489346182,1.05709001919288e-08,5.28054826724638e-08,"","Os03g0111400",""
"Os03g0113000",14.374134118098,-3.21194758357385,0.6048665137101,-5.31017589959239,1.0951948097087e-07,4.90166940031657e-07,"","OsRLCK95",""
"Os03g0113900",3.44605202757316,-4.01202827543227,1.61177675770457,-2.48919601070935,0.0128032356680828,0.0259744346309742,"","OsS40-4",""
"Os03g0114100",17.5606664118566,-3.1167226993382,0.526289835404307,-5.92206516195372,3.1792359290707e-09,1.67706895070438e-08,"","Os03g0114100",""
"Os03g0114400",22.2369499641583,-1.77143898144702,0.389452527841434,-4.54853635503496,5.40203121154406e-06,1.96890330556505e-05,"","OSJNBa0090O10.13",""
"Os03g0115700",3.15268615104147,-5.41813444240065,1.37438817252775,-3.94221556231506,8.07323662812548e-05,0.000248516068996229,"","OSJNBa0090O10.25",""
"Os03g0116300",97.340058493872,-1.56737547005984,0.233473675603703,-6.71328562420159,1.90290108463957e-11,1.23716032994266e-10,"","Os03g0116300",""
"Os03g0116800",285.351235928761,-1.05712569215927,0.215959804873071,-4.89501133222728,9.83000638351261e-07,3.93216125547775e-06,"","Os_F0716",""
"Os03g0117100",18871.6120331942,-1.62578041284416,0.152210218303043,-10.6811515742479,1.24714875007245e-26,2.13549444233208e-25,"","PEX11-1",""
"Os03g0118200",474.73752726437,-2.39366545145365,0.237566185400093,-10.0757835018582,7.06950751540167e-24,1.04386881829027e-22,"","Os03g0118200",""
"Os03g0119300",160.647685220443,-2.64719282342159,0.415009285025527,-6.37863517501485,1.78673099352467e-10,1.06777216175978e-09,"","OsSub25",""
"Os03g0120400",32.3619645691129,-1.39398416069397,0.40715844927338,-3.42368963036796,0.000617771331806244,0.00165094046037922,"","Os03g0120400",""
"Os03g0120900",47.6091695512317,-1.58320458912262,0.408142459519369,-3.87904897468158,0.000104865642700467,0.000317286119085295,"","Os03g0120900",""
"Os03g0121200",31.5682569984371,-1.54250256165464,0.377809993063877,-4.08274685681446,4.45064952490273e-05,0.000142343801831051,"","prx33",""
"Os03g0121800",1359.66730845922,-1.36900639206166,0.156976306673647,-8.7211020635606,2.75506951663294e-18,3.01645414996086e-17,"","DCL1",""
"Os03g0123800",231.015741906461,-3.70304949736941,0.213790449350201,-17.3209304186624,3.27027189903612e-67,2.56416224184867e-65,"","OJ1126B12.18",""
"Os03g0124000",498.792806277182,-1.06898678478167,0.160299206865138,-6.6686966560042,2.58085060008556e-11,1.65662526731399e-10,"","Os03g0124000",""
"Os03g0124200",435.885722839942,-1.09763618401791,0.145963272217407,-7.51994777414299,5.47981272548011e-14,4.40393512485309e-13,"","OsCrRLK1L6",""
"Os03g0124500",490.349771948026,-2.36916426946927,0.311370843456818,-7.60881861373712,2.76612630695971e-14,2.26716214050747e-13,"","Os03g0124500",""
"Os03g0125800",1159.13156000856,-1.03284295765807,0.138194533617381,-7.47383366492408,7.78915874211134e-14,6.18564058183631e-13,"","OsCBSDUF3",""
"Os03g0125900",919.078028115291,-1.09695349238654,0.145029454732683,-7.56366004690866,3.91883108490073e-14,3.17933457074608e-13,"","Os03g0125900",""
"Os03g0127500",15.1114695412122,-3.06348117037947,0.615494804658718,-4.97726568476581,6.44887759867439e-07,2.63931021246045e-06,"","OsbZIP25",""
"Os03g0127900",1205.26337048776,-2.19049861233118,0.172037486611166,-12.7326820187863,3.89235135330299e-37,1.0763480968838e-35,"","Os03g0127900",""
"Os03g0127950",342.887051191825,-2.44678104346645,0.161562527178437,-15.1444836014735,8.23992997730869e-52,3.8740179325954e-50,"","Os03g0127950",""
"Os03g0128000",10.6879398064606,-2.70273283797539,0.725472308508515,-3.72548036124479,0.000194943630435526,0.000564992201579252,"","OsFLA2",""
"Os03g0128800",4233.5400495882,-4.54846928686754,0.336276708575763,-13.5259718287708,1.09881866501771e-41,3.65933199773438e-40,"","Os03g0128800",""
"Os03g0129300",116925.528049724,-3.38796153446429,0.219042745235629,-15.4671250619133,5.78327877739929e-54,3.0103424005803e-52,"","GADPH",""
"Os03g0129400",2683.01497629368,-4.64466086040994,0.866027009118395,-5.36318245448043,8.17683371011186e-08,3.71057525339637e-07,"","Os03g0129400",""
"Os03g0129800",440.546439302659,-3.46808933816995,0.257071514594023,-13.4907570122924,1.77270974843976e-41,5.84074859535796e-40,"","Os03g0129800",""
"Os03g0130100",56.6340704222656,-4.76058235772293,0.455670228489476,-10.4474289959737,1.50551174322707e-25,2.45408318828534e-24,"","Os03g0130100",""
"Os03g0130950",7.96078790936864,-2.34901020805225,0.664651262299145,-3.53419957396398,0.000409012116595965,0.00112401211323184,"","Os03g0130950",""
"Os03g0131200",90688.0043472602,-1.91166983012223,0.203608125408072,-9.38896631109814,6.05919699526722e-21,7.71870046024349e-20,"","CATC","CAT1"
"Os03g0132000",639.637936955182,-1.47418535695077,0.169368727553538,-8.70399971851224,3.20387839455405e-18,3.50319924897907e-17,"","OsACS4",""
"Os03g0132900",747.627175287053,-2.23421128445662,0.367595274049071,-6.07791079533402,1.21758453113819e-09,6.69212332032184e-09,"","Cht11","MIRCH38"
"Os03g0133000",81.4202708745871,-2.40741860928105,0.398468019491452,-6.04168588574194,1.52512163422734e-09,8.30869365242984e-09,"","NAC22",""
"Os03g0133900",1285.35788734816,-1.89885765236926,0.129061653034609,-14.7127950690363,5.33571994974405e-49,2.2369396479663e-47,"","OsSAT",""
"Os03g0137600",904.667026505713,-1.13656283063199,0.395860551991964,-2.87111919819447,0.00409021259516711,0.009259314524482,"","Os03g0137600",""
"Os03g0138600",48.2689363537349,-5.07935295759176,0.561164699541192,-9.05144775098049,1.41085168662491e-19,1.65749986910884e-18,"","OsSTA89",""
"Os03g0138900",704.515647161697,-1.02522385864217,0.205248373741758,-4.99504010653988,5.88235414605212e-07,2.41863738262086e-06,"","Os03g0138900",""
"Os03g0140700",790.590332002487,-2.68754692774189,0.26306923394667,-10.2161202487354,1.67928059714079e-24,2.58753329324362e-23,"","Os03g0140700",""
"Os03g0140900",28.9800071567104,-2.1790516941041,0.379574466173275,-5.74077523199193,9.42441115750632e-09,4.7384057477584e-08,"","Os03g0140900",""
"Os03g0145600",158.368227627874,-2.71272710716512,0.273492952601469,-9.9188190458351,3.44811644363586e-23,4.92414876795191e-22,"","OsWD40-62",""
"Os03g0146500",2227.93057599504,-2.13396017861523,0.126464002687116,-16.8740521671993,6.98369063775567e-64,4.90183860996238e-62,"","Os03g0146500",""
"Os03g0147400",1086.23389931914,-1.6316370097022,0.206132097392629,-7.91549220301364,2.46276830360541e-15,2.18788132873543e-14,"","SIET4",""
"Os03g0149300",411.141425777388,-9.4459376018088,0.990528196572692,-9.5362632123876,1.48071740603055e-21,1.94115000895339e-20,"","Os03g0149300",""
"Os03g0149700",5.93399836823644,-6.31958207965712,1.24537884736166,-5.07442541925711,3.88668633038612e-07,1.63470424729209e-06,"","Os03g0149700",""
"Os03g0150600",459.397758593277,-1.48132359094759,0.2159220818543,-6.860454374218,6.86418651205873e-12,4.64302345643677e-11,"","PT1",""
"Os03g0152000",49.0186889038288,-1.7437010041377,0.5389166750903,-3.23556698973088,0.00121401394686805,0.00306403418167971,"","Os03g0152000",""
"Os03g0152300",3.95679330133475,-3.15728373423974,1.17088482917106,-2.69649384429634,0.00700736927529958,0.0150256675494676,"","prx36",""
"Os03g0152600",1614.84546861219,-1.38094209110206,0.185818247971608,-7.43168179754371,1.07225498785384e-13,8.40900941542779e-13,"","Os03g0152600",""
"Os03g0153400",125.31782909564,-1.99296396117691,0.32653083836291,-6.10344790454954,1.03804412615633e-09,5.74740096397217e-09,"","Os03g0153400",""
"Os03g0160400",135.986021672719,-1.43638017899616,0.174187801157102,-8.24615828120291,1.6356798457127e-16,1.5830952944228e-15,"","Os03g0160400",""
"Os03g0161900",6482.27439135009,-5.08461142464205,0.333760741718652,-15.2343004706293,2.09355848643541e-52,1.01115201985205e-50,"Heat stress transcription factor A-2d [Source:NCBI gene (formerly Entrezgene);Acc:4331707]","HSFA2D",""
"Os03g0165900",13.2720828668789,-2.99413824351968,0.802524927013808,-3.73089749954666,0.000190798844945547,0.000554081455838702,"","Os03g0165900",""
"Os03g0169100",20298.0825835739,-2.21991040512531,0.201521515481871,-11.015748863426,3.20857265605816e-28,5.98635577553863e-27,"","RPE","RPE2"
"Os03g0169600",971.473833971907,-2.74280153969484,0.162382629004689,-16.8909787734477,5.24260301314584e-64,3.70074002440782e-62,"","RDD4",""
"Os03g0169700",27.867250341817,-2.33573809224003,0.557732869197549,-4.18791543629234,2.81528369865802e-05,9.28270841094561e-05,"","OsDof12os",""
"Os03g0169900",542.564544036997,-1.04730464807392,0.125350196357206,-8.35502997609554,6.54160985047423e-17,6.5408178880226e-16,"","Os03g0169900",""
"Os03g0170500",1879.47220698982,-2.52032149434254,0.206793848925172,-12.1876037775887,3.61906952994394e-34,8.93124359994233e-33,"","OSJNBa0091P11.4",""
"Os03g0170600",5.0932363235699,-3.5191083209301,1.19734537829728,-2.93909208213135,0.00329175260449943,0.00760534821724005,"","Oshox21",""
"Os03g0170701",6.38865535383998,-4.95333880387964,1.35348174300884,-3.65970123310874,0.000252509481975964,0.000719046941146818,"","Os03g0170701",""
"Os03g0172200",35.7339907612931,-7.47277408977609,1.06046974557834,-7.04666410421803,1.83257972497832e-12,1.30139947967291e-11,"","Os03g0172200",""
"Os03g0175800",29.862315729306,-2.73161328861166,0.55975233770753,-4.88003908978567,1.06064815853087e-06,4.21892429345312e-06,"","BG1",""
"Os03g0176700",1207.36932482981,-3.36671074033595,0.189764144284675,-17.7415536166062,2.0031903640846e-70,1.69976190585356e-68,"","Os03g0176700",""
"Os03g0176900",211.184046491379,-2.28934517679246,0.300566087266965,-7.61677805240565,2.60085977173517e-14,2.13949211700804e-13,"","Os03g0176900",""
"Os03g0178066",567.068623916728,-3.92656898225173,0.249237681312429,-15.7543151644459,6.41505237645038e-56,3.51649895423255e-54,"","Os03g0178066",""
"Os03g0178100",1873.43874273944,-4.49118175053648,0.22812115664583,-19.6877037473086,2.74870378337768e-86,3.27426123272831e-84,"","OsHMA6",""
"Os03g0178400",138.38332463853,-2.56251900941931,0.216840569123888,-11.8175257507061,3.16880276994412e-32,7.18329608699958e-31,"","OSJNBa0050H14.5",""
"Os03g0178500",48.8788296376621,-4.29800765794285,0.537573618480574,-7.99519825785157,1.29365528794072e-15,1.17238101936018e-14,"","Os03g0178500",""
"Os03g0179400",48.8730974971299,-1.25995554367654,0.291631480113586,-4.32036878592738,1.55768657516291e-05,5.31462410807097e-05,"","RLCK103",""
"Os03g0180100",184.805270648114,-1.37802557721743,0.186759156463555,-7.3786239095931,1.59933903477714e-13,1.23756474905288e-12,"","Os03g0180100",""
"Os03g0180300",3198.95005446078,-1.71920379710097,0.143631776241435,-11.9695226369067,5.13230535163655e-33,1.20078498297921e-31,"","Os03g0180300",""
"Os03g0180800",7.15048318641238,-4.04115880612022,1.17688483858676,-3.4337759087567,0.000595236070714132,0.0015943961215226,"","TIFY11A","JAZ9"
"Os03g0181750",4.60628687566731,-3.41531527828988,1.04922148936642,-3.25509467057547,0.00113354573168174,0.00287853465141728,"","OsABCB12",""
"Os03g0183000",108.788634573816,-2.25504782358418,0.536832440931411,-4.20065490019873,2.66144004639068e-05,8.8052477005504e-05,"","OsLG3",""
"Os03g0183200",102.460633156318,-2.23356229884177,0.28509794627135,-7.83436825151983,4.71205868053945e-15,4.09651501500793e-14,"","OsERF#069",""
"Os03g0184400",28.4267665106307,-1.7656183448324,0.39900307545703,-4.42507452557856,9.64089946450027e-06,3.38298493176495e-05,"","Os03g0184400",""
"Os03g0185700",4.68744093460635,-2.28073968187369,0.909066880842702,-2.50887996245056,0.012111463375825,0.0246679595612672,"","Os03g0185700",""
"Os03g0185950",9.83385157307118,-1.63033335092412,0.631928722194712,-2.57993234626511,0.00988196727257784,0.0205303960349372,"","Os03g0185950",""
"Os03g0186100",687.505283305126,-1.13466739299599,0.195323857800696,-5.80915923826252,6.27873493418631e-09,3.2069308485742e-08,"","UROS","HEMD"
"Os03g0186500",1572.36244131243,-1.69503730028308,0.191056274204906,-8.8719269091638,7.18909622585758e-19,8.12240023657425e-18,"","Os03g0186500",""
"Os03g0187500",76.4872890579892,-2.24101902582402,0.302609151667862,-7.40565516103004,1.30504550558251e-13,1.01682743684962e-12,"","Os_F0701",""
"Os03g0189400",65.2229733961568,-1.15081696804588,0.399193352264366,-2.88285604336354,0.00394087494326588,0.0089498678706965,"","Os03g0189400",""
"Os03g0189600",119.192595017108,-1.92746124561503,0.314872888285306,-6.12139475110528,9.27597808210734e-10,5.16590040324508e-09,"","Os03g0189600",""
"Os03g0191100",1421.68857191022,-2.41348346081021,0.155630900664494,-15.5077394688677,3.0751599601275e-54,1.6074522854869e-52,"","Os03g0191100",""
"Os03g0191200",465.514174871193,-1.46615293595056,0.216663094885124,-6.76697125889355,1.31506187393137e-11,8.67038000276675e-11,"","Os03g0191200",""
"Os03g0191800",10.4766706484324,-7.15239391601044,1.20898978446295,-5.91600856179907,3.2984804794774e-09,1.73664366425864e-08,"","OsSTA93",""
"Os03g0192100",8.15922820597389,-5.29085585016874,1.22565205566392,-4.31676822612006,1.58330254582815e-05,5.39385221751466e-05,"","OsSCP11",""
"Os03g0192300",3.19329496913494,-5.43362215368003,1.58935321975484,-3.41876310825241,0.000629064671029252,0.00167703199419967,"","OsDSR4",""
"Os03g0192500",7845.10692139375,-3.77320044255731,0.3054132519075,-12.3544097022355,4.61128501920177e-35,1.18397729451567e-33,"","OsBIPP2C1",""
"Os03g0193075",117.957352486933,-1.18561428696762,0.253651772913876,-4.67418095819965,2.95129028870755e-06,1.11029637842859e-05,"","Os03g0193075",""
"Os03g0194600",107.371497174945,-1.35045065446869,0.433897104986375,-3.11237535108952,0.0018558836858781,0.00451524254566001,"","Os03g0194600",""
"Os03g0195450",21.2986266285342,-3.61190598328968,0.634092213983033,-5.69618409379543,1.2251858392521e-08,6.06885836448409e-08,"","OsSultr2",""
"Os03g0195475",178.387618073161,-5.71795640317865,0.36319067941395,-15.7436760557986,7.59031156201298e-56,4.13329999059331e-54,"","Os03g0195475",""
"Os03g0196250",32.5721990305437,-5.30248906480347,0.59628717900209,-8.89250893114521,5.97443525424007e-19,6.79030194010579e-18,"","Os03g0196250",""
"Os03g0196400",222.270457367131,-1.39616867834609,0.251366842414035,-5.55430726239705,2.78714847665229e-08,1.3352122545633e-07,"","Os03g0196400",""
"Os03g0196600",513.249186908567,-5.04105856888868,0.23488185338595,-21.4621031647148,3.52015122541993e-102,6.27473287138343e-100,"","SAT4",""
"Os03g0197000",2378.08374700158,-2.85646815413885,0.202117358822546,-14.1327205677903,2.38739854845928e-45,8.89512388498883e-44,"","Os03g0197000",""
"Os03g0197050",105.80298664022,-2.89419323346307,0.334040718705582,-8.66419293036538,4.54722758750904e-18,4.91136259527949e-17,"","Os03g0197050",""
"Os03g0197100",3991.42096147918,-3.80044639391866,0.26931069623458,-14.1117543679302,3.21479646637715e-45,1.1906279827717e-43,"","Os03g0197100",""
"Os03g0197175",24.1725975986043,-4.67454656285945,0.782103446273002,-5.9768903782937,2.27437130143103e-09,1.21921457671044e-08,"","Os03g0197175",""
"Os03g0197200",5.96572640649487,-3.75505098532352,1.10580842606619,-3.39575182898701,0.000684403828911144,0.00181266420833045,"","Os03g0197200",""
"Os03g0197900",100.643617922266,-1.57931612444561,0.349540353717402,-4.51826550968836,6.23482710788183e-06,2.25452876900158e-05,"","OsOFP8",""
"Os03g0198300",5318.76587595302,-2.12409849273067,0.152962500009944,-13.8864002130756,7.65888993687697e-44,2.69169242504966e-42,"","OsDjC25",""
"Os03g0199100",18.738556990675,-1.1451030405204,0.469909318184663,-2.43685961568952,0.0148154298178741,0.029577141616104,"","Os03g0199100",""
"Os03g0201901",48.0402367649923,-2.23734945813678,0.349014278596953,-6.41048116177651,1.45061078689015e-10,8.74070609600611e-10,"","Os03g0201901",""
"Os03g0202001",131.196736709602,-1.54296138960693,0.258470133288723,-5.96959257912935,2.3784676997292e-09,1.27281412950735e-08,"","Os03g0202001",""
"Os03g0203200",17490.31738073,-1.37954103434892,0.322115672978567,-4.28275042189803,1.84597190628331e-05,6.24149098280316e-05,"","D14","D88"
"Os03g0203700",50.8147293387183,-1.99141255498194,0.421578631169842,-4.72370373577985,2.3158772398599e-06,8.82098237847942e-06,"","osACA1",""
"Os03g0206300",255.40418124373,-1.08790502404608,0.14077656905113,-7.72788420245528,1.0934874135606e-14,9.25635040853808e-14,"","OsISC35",""
"Os03g0206400",501.982121459282,-1.17228979172438,0.232297587393071,-5.04650007294629,4.49976721278752e-07,1.87979653062277e-06,"","OSJNBa0014O06.1",""
"Os03g0206600",301.378903553643,-1.1357632120883,0.165222413586767,-6.87414732318898,6.23617348825205e-12,4.23673349378725e-11,"","Os03g0206600",""
"Os03g0206700",965.024428456835,-6.28067481391514,0.240621204922434,-26.1019173931066,3.46757537308818e-150,1.75339010242869e-147,"","OSJNBa0014O06.3",""
"Os03g0209500",141.393271997431,-1.10862499251988,0.217402309379535,-5.09941681707009,3.40701553407928e-07,1.4398025565049e-06,"","Os03g0209500",""
"Os03g0209800",4.80921030783931,-3.10591025679781,1.10995754670932,-2.79822436993728,0.00513844046727719,0.0113817348246704,"","Spin6.3",""
"Os03g0210883",21.0950389397599,-1.91247800040057,0.618635340005199,-3.09144640909861,0.00199183933255918,0.00481527984611366,"","Os03g0210883",""
"Os03g0210900",42.607429364306,-1.87031111268511,0.352002980166763,-5.31333885809444,1.07634617953862e-07,4.82515456675021e-07,"","Os03g0210900",""
"Os03g0211500",124.222972383695,-1.46356960685557,0.342602415250348,-4.27191853211574,1.93798382233027e-05,6.53298301576559e-05,"","Os03g0211500",""
"Os03g0214400",657.020564448908,-1.44074263868456,0.193446605766339,-7.44775351822308,9.49429868519994e-14,7.47981680518915e-13,"","Os03g0214400",""
"Os03g0215400",125.978883205692,-3.21498115119908,0.258516697884436,-12.4362610907101,1.6609853544853e-35,4.31386101971512e-34,"","LHS1",""
"Os03g0216700",4.03272533124293,-4.22976977427539,1.38757727149297,-3.04831295609531,0.00230130125581108,0.0054840260320332,"","OsFRDL1",""
"Os03g0218400",4271.74993854897,-3.71889466659697,0.249686569646662,-14.894251908942,3.59182309485943e-50,1.57512567825367e-48,"","OsMST4",""
"Os03g0219100",6.60517833516288,-6.4745753195581,1.27595796825516,-5.07428573717981,3.88954219813289e-07,1.63562775022299e-06,"","Os03g0219100",""
"Os03g0219200",2964.51307219412,-1.10475708992741,0.179272394627985,-6.16244956296778,7.16281494305651e-10,4.03256227775758e-09,"","OsSOD2",""
"Os03g0219400",215.100598979901,-1.6302849180022,0.250312431974446,-6.51300019396812,7.36644153109955e-11,4.56295804540134e-10,"","Os03g0219400",""
"Os03g0221700",21.5081312189939,-1.83605337896635,0.510995163573035,-3.5930934573394,0.000326775318251519,0.000913312133143587,"","OJ1743A09.6",""
"Os03g0222100",6.37066506571473,-4.95273404612887,1.2865704257123,-3.84956310758255,0.000118328694875991,0.000355072068904253,"","Os03g0222100",""
"Os03g0222600",12.8157417333691,-3.53396979181172,0.697718781633174,-5.06503463120147,4.0832611290297e-07,1.71360028783823e-06,"","Os03g0222600",""
"Os03g0223100",875.764894535705,-1.45217521421631,0.257570523973601,-5.63797127021083,1.72065206152603e-08,8.41211446890891e-08,"","Os03g0223100",""
"Os03g0223400",1040.02035028225,-4.98410858524285,0.271274673003064,-18.3729226546208,2.16436805303042e-75,2.02364329245037e-73,"","GLN1",""
"Os03g0226300",144.177987742558,-10.9304439719427,1.04742585180002,-10.435530069416,1.70658593152882e-25,2.77454590718436e-24,"","OsRLCK104",""
"Os03g0226400",684.473690344366,-5.98129748978672,0.265022430510478,-22.5690236040237,8.73535781455088e-113,1.91536248293033e-110,"","OsMTP8.1",""
"Os03g0226501",11.0041045370219,-6.48853833612653,1.14898536655345,-5.64718970755027,1.63091832223258e-08,7.98759898595705e-08,"","Os03g0226501",""
"Os03g0226901",126.808617075097,-10.7430571987871,1.04205360636027,-10.309505320279,6.38290143621538e-25,1.00475952277705e-23,"","OsCMT1",""
"Os03g0227400",233.262862048912,-4.02725384476703,0.264212217255856,-15.2424966816245,1.84676375115984e-52,8.93696591064206e-51,"","Os03g0227400",""
"Os03g0227601",6.96526183739368,-2.74795989772665,0.918431244652394,-2.99201482280439,0.00277142806206519,0.00649939829586591,"","Os03g0227601",""
"Os03g0227700",149.424811154321,-2.30088050823064,0.307805883599968,-7.47510242923401,7.71437423206949e-14,6.13018121706176e-13,"","OsDWF4",""
"Os03g0228200",7300.97355189927,-5.41300579706313,0.220128830289037,-24.5901719913546,1.60922530860028e-133,5.69596792445561e-131,"","Os03g0228200",""
"Os03g0228400",640.58883649982,-1.01926290013748,0.172844180789961,-5.89700443184768,3.70159922873509e-09,1.93694876642808e-08,"","Os03g0228400",""
"Os03g0229500",759.192275945566,-4.59841633803783,0.326343013000759,-14.0907454881748,4.32966750457527e-45,1.59637160358425e-43,"","OJ1781E12.3",""
"Os03g0230000",6.03871866171665,-2.35686360748822,1.02479827152372,-2.29983175516476,0.0214577536433587,0.0411373229666898,"","Os03g0230000",""
"Os03g0230500",2142.0317160152,-3.41319544414706,0.173681583151969,-19.6520286273563,5.55477946910129e-86,6.52278535099159e-84,"","DSM3",""
"Os03g0232400",7147.41823978788,-1.36964937917465,0.181221610000528,-7.55787005297361,4.09723061305169e-14,3.31972148134669e-13,"","OJ1175C11.17",""
"Os03g0232600",1824.31267642213,-3.42397813865448,0.163971140048888,-20.8815901239304,7.87278078140443e-97,1.24244515554686e-94,"","ELF1",""
"Os03g0232800",628.17715996853,-1.91230184634315,0.261917970797253,-7.30114791483109,2.85322863168477e-13,2.16257099440971e-12,"","Os03g0232800",""
"Os03g0233000",614.446421358095,-8.17063493589079,0.405277024349965,-20.1606171704303,2.17156529655134e-90,2.8170090760551e-88,"","OJ1175C11.12",""
"Os03g0238800",330.954442254706,-1.65916350053732,0.225805634181075,-7.34775067307145,2.01570037194416e-13,1.54718116839097e-12,"","Os03g0238800",""
"Os03g0241600",554.696977057723,-3.1303182193732,0.189083776873964,-16.5551919425628,1.4687232416432e-61,9.62713115296129e-60,"","OsRLCK105",""
"Os03g0242300",361.957850363123,-1.25340654371212,0.196085974045585,-6.392127482921,1.63593413559749e-10,9.80729254239029e-10,"","Os03g0242300",""
"Os03g0244000",3937.2209939195,-2.97265872024395,0.217930342643844,-13.6404076833948,2.30269668800419e-42,7.79425079763386e-41,"","Os03g0244000",""
"Os03g0244700",12.9724399288238,-3.04389718682732,0.643941714212639,-4.72697624590008,2.27887912285921e-06,8.69610165209959e-06,"","Os03g0244700",""
"Os03g0244950",371.107074806762,-1.77110951246136,0.34395080514497,-5.14931055827844,2.61445685474444e-07,1.12150965183523e-06,"","Os03g0244950",""
"Os03g0246900",1.6841441185423,-4.52385347394505,1.9435307052548,-2.32764703007455,0.0199308539790135,0.0385440812549187,"","Os03g0246900",""
"Os03g0249100",252.54878384806,-2.1486323068432,0.281831813012732,-7.62381039909835,2.46295050810633e-14,2.03144223499835e-13,"","Os03g0249100",""
"Os03g0249200",1383.32173320939,-1.09843216108064,0.117872021943816,-9.3188539821961,1.17603647301056e-20,1.47836913707674e-19,"","Os03g0249200",""
"Os03g0250400",12.3245710494564,-7.37286615766255,1.20778114263874,-6.10447199196574,1.03141074644888e-09,5.71450448675399e-09,"","Os03g0250400",""
"Os03g0251350",6996.02803030757,-2.63990514568062,0.30353584854779,-8.69717747775344,3.40241076856698e-18,3.70556182913336e-17,"","NFYC2","HAP5C"
"Os03g0251425",31.2172718952648,-2.04986331337151,0.570629095834308,-3.59228670310692,0.000327788927060985,0.000915873245168101,"","Os03g0251425",""
"Os03g0252100",618.012440196767,-2.39286555970568,0.287941528208683,-8.31024817639875,9.55021277158082e-17,9.41606135461432e-16,"","Os03g0252100",""
"Os03g0253600",91.7954860718181,-3.08579998955189,0.293023364657186,-10.5309008145546,6.2236019962289e-26,1.03421989711981e-24,"","Os03g0253600",""
"Os03g0254000",53.6674844997125,-1.29327103799682,0.348052629478918,-3.71573414035983,0.000202614540088033,0.000585648677060335,"","Os03g0254000",""
"Os03g0254200",696.640024794969,-4.73983262222694,0.667492160244462,-7.1009562426786,1.23896604459074e-12,8.90825934034383e-12,"","Os03g0254200",""
"Os03g0254250",220.013899311579,-4.85284165580344,0.42023156794683,-11.5480178690846,7.55425756491016e-31,1.61077314703769e-29,"","Os03g0254250",""
"Os03g0254400",185.839770238805,-1.19143919552768,0.213455910317395,-5.58166411862797,2.38228107425615e-08,1.14927510445467e-07,"","OspPLAIIIalpha",""
"Os03g0254900",1648.20690788423,-1.8137089874367,0.119252889812028,-15.2089311235607,3.0853968199624e-52,1.47296487491731e-50,"","Os03g0254900",""
"Os03g0255500",6877.03348453302,-1.84531138243053,0.252772290606175,-7.30029141250128,2.87145126499843e-13,2.17505191051257e-12,"","Os03g0255500",""
"Os03g0255900",8.51181937906337,-3.45016032272538,1.01750517254245,-3.39080371857415,0.000696879911224919,0.00184255613706326,"","Os03g0255900",""
"Os03g0259900",538.050707998418,-1.37501181095462,0.136849139536641,-10.0476467415892,9.40873587832117e-24,1.3777792485648e-22,"","Os03g0259900",""
"Os03g0261100",210.392743852048,-3.92793910354231,0.351883549548787,-11.1626107801261,6.21394718813834e-29,1.20566146813237e-27,"","PLA2-II",""
"Os03g0261800",730.834367654866,-1.91241643232393,0.354448514225264,-5.39547030265875,6.83442965423061e-08,3.13006771798284e-07,"","Os03g0261800",""
"Os03g0263400",623.524754566844,-2.30487743531053,0.157145321516156,-14.6671718449701,1.04615416294828e-48,4.33454208952668e-47,"","OsPT16",""
"Os03g0263900",2429.66751097576,-3.11070919791992,0.136996918873281,-22.7064172209395,3.8714918334341e-114,8.6417975817114e-112,"","Os03g0263900",""
"Os03g0267300",23381.5974371049,-3.43903588603031,0.283194758861477,-12.1437130399454,6.19496742017621e-34,1.51972977989808e-32,"","OsCFR",""
"Os03g0267600",414.231034880701,-1.86749601373826,0.201941408818747,-9.24771211938227,2.29349086969261e-20,2.8341292181544e-19,"","Os03g0267600",""
"Os03g0267800",99.9258718997232,-1.22081879717073,0.276378020880271,-4.417206524898,9.99846878915474e-06,3.50002912106368e-05,"","Os03g0267800",""
"Os03g0269601",13.1801179150631,-2.0956988227442,0.695291750623974,-3.01412870332987,0.0025771845123167,0.00608083998301788,"","Os03g0269601",""
"Os03g0270600",57.7960372370176,-1.20184429169895,0.291736072465475,-4.11962868198681,3.7948344540218e-05,0.000122763563477345,"","Os03g0270600",""
"Os03g0271500",538.896311165028,-1.31407049339206,0.276260107818645,-4.75664222304113,1.96839576152571e-06,7.5778343355069e-06,"","Os03g0271500",""
"Os03g0274300",2701.62181942789,-1.86407557931812,0.166779401656095,-11.176893314211,5.29098796612291e-29,1.03387073215006e-27,"","Os03g0274300",""
"Os03g0276300",33.7095436040259,-1.10148616445844,0.346822785231599,-3.17593367956751,0.00149355092062614,0.00369761302561489,"","OsDof14",""
"Os03g0277100",1599.0850252948,-1.24930649310622,0.252643726885428,-4.94493375516414,7.6169761860167e-07,3.08627667965553e-06,"","Os03g0277100",""
"Os03g0278700",566.166992923295,-1.01562293348412,0.144444554495911,-7.03123033629395,2.04720216398309e-12,1.44800251261801e-11,"","Os03g0278700",""
"Os03g0278900",35978.2213773946,-1.85137423927211,0.203445874180258,-9.10008249974021,9.02632389121621e-20,1.07418456797629e-18,"","Os03g0278900",""
"Os03g0280800",8.05540595018262,-1.68746583904922,0.685770831340033,-2.46068476804681,0.0138672147748593,0.0278886347789521,"","OsUXS1",""
"Os03g0281000",2665.79756327883,-1.35104635287427,0.138078435601782,-9.78462963449766,1.3107427852142e-22,1.81533113411136e-21,"","Os03g0281000",""
"Os03g0281100",6.36872179032205,-2.40767581180828,0.773466028021717,-3.11283976875669,0.00185296588529793,0.00450902924180188,"","OsSTA96",""
"Os03g0281300",48.6139214928818,-1.87461928577536,0.318412407826139,-5.88739395733268,3.92332739710502e-09,2.04692109745359e-08,"","Os03g0281300",""
"Os03g0283100",3908.46872594012,-1.14958752676755,0.159602700781773,-7.20280747842354,5.8985230714734e-13,4.35481841900764e-12,"","OsGSTL2",""
"Os03g0283200",36.3217555992153,-5.88436567005313,0.747095838181284,-7.87631970267418,3.37164866162084e-15,2.95819188700353e-14,"","OsGSTL1",""
"Os03g0284500",359.910604775172,-3.33042627470236,0.187989081578855,-17.7160622666554,3.15220176410415e-70,2.64752891895622e-68,"","Os03g0284500",""
"Os03g0284600",3080.49668887975,-2.67806102616973,0.124714459788225,-21.4735406841941,2.75229423553007e-102,4.9415648024441e-100,"","Os03g0284600",""
"Os03g0285300",88.3164168120096,-2.04108081906182,0.357877146984686,-5.70330024216149,1.17509730844395e-08,5.8382566696041e-08,"","Os03g0285300",""
"Os03g0288101",205.536898669668,-2.28932243879884,0.263152756316753,-8.69959513569835,3.33070324922637e-18,3.63225503547895e-17,"","Os03g0288101",""
"Os03g0290300",6368.2256250164,-6.72414387748467,0.207958804435633,-32.3340187290118,2.32736623637033e-229,6.40723924872751e-226,"","OsFAD7",""
"Os03g0292200",794.274576345126,-2.60645583655847,0.165477518526857,-15.7511174917422,6.74782736704745e-56,3.68261935403821e-54,"","Os03g0292200",""
"Os03g0292700",124.641995267323,-6.16637311268108,0.455486171155708,-13.5380029146332,9.3290820548526e-42,3.11518417888252e-40,"","Os03g0292700",""
"Os03g0293100",10739.5931236761,-1.73847114391605,0.202368510480353,-8.59062084209404,8.65006400767814e-18,9.15126541068494e-17,"","Os03g0293100",""
"Os03g0293500",19.1452449324769,-1.41371326864725,0.403692559039525,-3.50195523051203,0.000461857218684519,0.00125973539270655,"","pdc2*",""
"Os03g0294200",271.634772576753,-1.29214038819947,0.20854648471019,-6.19593463776248,5.7940168953046e-10,3.29564638693669e-09,"","OsF2KP2",""
"Os03g0294800",752.031601490027,-1.02075625076399,0.17234244864715,-5.92283711167329,3.16434241627602e-09,1.66992357929864e-08,"","Os03g0294800",""
"Os03g0295300",234.343926143073,-1.31563342153788,0.192830129451295,-6.82275858695712,8.93086698693494e-12,5.96924983370075e-11,"","Os03g0295300",""
"Os03g0296800",3701.36032272364,-1.3082634031747,0.206163009078039,-6.34577177072283,2.21313127821071e-10,1.30933031710188e-09,"","MIT",""
"Os03g0297600",568.215550039412,-4.76652198322482,0.30606733323056,-15.573442395547,1.10307428730502e-54,5.82747795662188e-53,"","OsPYL/RCAR4",""
"Os03g0298700",458.320742882558,-1.37843029615199,0.198351064038195,-6.94944744983349,3.66719691306927e-12,2.54159826335992e-11,"","OsSCAR2",""
"Os03g0299200",4.14527328731047,-4.29812594851399,1.35222192353239,-3.17856549558527,0.00148005775659376,0.00366823957538497,"","Os03g0299200",""
"Os03g0299600",1305.51065236988,-1.29265636000384,0.21603162726519,-5.98364404493902,2.18199890866122e-09,1.17197890656621e-08,"","Os03g0299600",""
"Os03g0300000",12.7826472222546,-1.44291524902018,0.513009495771367,-2.81264822759391,0.00491353713246455,0.0109392316947681,"","OsXXT1",""
"Os03g0300500",5.69000398386762,-6.27605217884135,1.27245207153837,-4.93225035285903,8.12876371969334e-07,3.28130300884395e-06,"","OsPME10",""
"Os03g0302500",156.694210783161,-1.4912886301366,0.171682057829941,-8.6863394403962,3.74305360038025e-18,4.07118696473316e-17,"","Os03g0302500",""
"Os03g0303100",193.062857739423,-1.16992334655248,0.367945981968961,-3.17960625712491,0.00147475289581898,0.00365582316155147,"","Os03g0303100",""
"Os03g0304800",43.2401242596173,-3.5249604433704,0.420257477636977,-8.38762099651515,4.96078498823627e-17,5.00257914747782e-16,"","Os03g0304800",""
"Os03g0305000",971.437770509622,-5.60531238035747,0.204935781191977,-27.3515554372938,1.03485964779668e-164,6.74755723512061e-162,"","Os03g0305000",""
"Os03g0305050",1.60978876026814,-4.43147775902115,1.79447712625092,-2.46950919250754,0.0135298542312532,0.0272810219960743,"","Os03g0305050",""
"Os03g0307300",8.16452889180101,-3.59903402121501,1.29228776329582,-2.78500975048788,0.00535261134664813,0.0117988489827262,"","OsNAS1",""
"Os03g0307500",38.5485305915684,-1.82862797093235,0.334878354077292,-5.46057381335042,4.74598114090628e-08,2.21233183092276e-07,"","Os03g0307500",""
"Os03g0308800",9513.84002605242,-3.16515563749159,0.173132078533978,-18.2817399542189,1.15676225258515e-74,1.057605104513e-72,"","Os03g0308800",""
"Os03g0309400",51.1946961438048,-9.43394400003549,1.05561033314029,-8.93695685222297,4.00034483337019e-19,4.59298164672906e-18,"","OsPME11",""
"Os03g0310600",14.4825864856345,-3.21953966723862,0.70105285322174,-4.59243501034621,4.3810396396388e-06,1.61531278499004e-05,"","Os03g0310600",""
"Os03g0310701",47.3961062525339,-3.63228981535295,0.397054774960997,-9.14808244205035,5.79530639966808e-20,6.99416983266323e-19,"","Os03g0310701",""
"Os03g0310800",4182.52319041775,-4.5026235680654,0.186761752230095,-24.1089169184816,2.01550174350031e-128,6.40231880752656e-126,"","Os03g0310800",""
"Os03g0311300",14135.3132054865,-2.21443582546781,0.218263814961276,-10.1456845966918,3.46341447141318e-24,5.23889013175851e-23,"","Os03g0311300",""
"Os03g0311401",21.335258255239,-2.48897921632723,0.491743009550014,-5.06154468490534,4.15873240013761e-07,1.74261648364975e-06,"","Os03g0311401",""
"Os03g0313800",307.646654856866,-1.22879418845633,0.272383713840163,-4.51126159905946,6.44431846869146e-06,2.32451417526231e-05,"","Os03g0313800",""
"Os03g0314700",3350.20191661618,-1.27295588227898,0.157614981499342,-8.07636349140007,6.67267825841375e-16,6.19209547598193e-15,"","OsISC11",""
"Os03g0317300",3.2840948475235,-3.92665053432946,1.58557009823057,-2.47649128771502,0.013268086322041,0.0268230560379577,"","Os03g0317300",""
"Os03g0319000",39.9475520596103,-5.26762957479538,0.573365335502335,-9.18721319310369,4.03150217337746e-20,4.91335609197114e-19,"","OsVQ10",""
"Os03g0319400",4372.27784351171,-1.72598024808263,0.213469532874899,-8.08537042658036,6.19755373457636e-16,5.76847441328319e-15,"","CK1",""
"Os03g0321100",59.8325724614394,-4.84295144216934,0.470965312731207,-10.2830321283838,8.40412488184219e-25,1.31374764793315e-23,"","Os03g0321100",""
"Os03g0321300",193.498525059646,-2.17879986575368,0.260845599454375,-8.35283351649861,6.66445542009017e-17,6.66096054633216e-16,"","OsFbox137",""
"Os03g0322700",96.7959497423995,-2.17697385291289,0.307706763487914,-7.07483263687962,1.49629235403591e-12,1.06994619497685e-11,"","OsbZIP29",""
"Os03g0323100",638.922318226836,-1.75271086069965,0.33005961706257,-5.31028568807733,1.09453524214051e-07,4.89971637394891e-07,"","Os03g0323100",""
"Os03g0323200",53563.5244162475,-4.40118427959185,0.311140615203128,-14.1453222901116,1.99600105531758e-45,7.44802984150658e-44,"","OsChlH",""
"Os03g0325500",967.981238293751,-2.05155363002391,0.183591372353151,-11.1745644892158,5.43161481858974e-29,1.05967811307242e-27,"","Os03g0325500",""
"Os03g0326200",17.1003444834815,-2.06433020975562,0.557937175301142,-3.69993307694798,0.000215656329178712,0.000620594293619158,"","Os03g0326200",""
"Os03g0328100",13.8682575756772,-1.18911270806988,0.5040911450006,-2.35892401575208,0.0183280081227705,0.0357681992169097,"","Os03g0328100",""
"Os03g0328900",322.598046759464,-1.26274019736726,0.177509799880294,-7.11363653284949,1.13024565860422e-12,8.16057097705691e-12,"","OsC3H22",""
"Os03g0329700",793.814584410538,-2.04429772084345,0.213367795635235,-9.58109781636543,9.60188218545083e-22,1.27018598456442e-20,"","Os03g0329700",""
"Os03g0331700",385.165948724754,-2.0207450122591,0.283100458884389,-7.13790793636375,9.47620613502593e-13,6.88741447367373e-12,"","OsCML27",""
"Os03g0332100",82.35840429649,-5.95555208072537,0.481838557871691,-12.3600570843301,4.29851379542889e-35,1.10481614428778e-33,"","CYP714B2",""
"Os03g0333400",15397.1570384871,-2.23250387252186,0.275548163317652,-8.10204592054649,5.4042535912585e-16,5.07201481934136e-15,"","Os03g0333400",""
"Os03g0334700",1329.93796945831,-1.03606708574982,0.183081349334067,-5.65905314505475,1.52210419324776e-08,7.48128855308464e-08,"","osALA1",""
"Os03g0336000",893.848583102006,-1.08611708848801,0.186339321211697,-5.82870583312947,5.58588688918117e-09,2.86664290499672e-08,"","Os03g0336000",""
"Os03g0336900",9.163919409985,-2.87397348823647,0.774831444562088,-3.70915959646005,0.000207948325948378,0.00060015558206441,"","OsOFP9",""
"Os03g0337000",13.1040965288299,-6.01056465749636,1.12619771059964,-5.33704215603142,9.44750804848055e-08,4.25988911587266e-07,"","OsTHI28",""
"Os03g0337500",598.469072215405,-3.01064561356566,0.293791324285603,-10.2475647328473,1.21362696077001e-24,1.88526866501558e-23,"","OsHAK8",""
"Os03g0339700",13.7046229757873,-3.99543010354784,0.75029297420611,-5.32515995871537,1.00864238684337e-07,4.53724263231995e-07,"","Os03g0339700",""
"Os03g0340900",8141.60361899539,-1.05777199723793,0.132421894402975,-7.98789355798676,1.37263885056255e-15,1.24168940490647e-14,"","RSH1",""
"Os03g0341600",38.5154795794165,-3.39754022738893,0.614587491293265,-5.52816364719619,3.23600128100111e-08,1.53863756936029e-07,"","Os03g0341600",""
"Os03g0342100",16.8721802243263,-6.37821451390187,1.28878811359292,-4.94900166026556,7.45951108046827e-07,3.02792113435063e-06,"","Os03g0342100",""
"Os03g0342850",32.1544810603925,-1.79741599023803,0.518518574376203,-3.46644475060588,0.000527390110831839,0.00142365769648928,"","Os03g0342850",""
"Os03g0343400",3026.72211862221,-1.12629627213612,0.271127483884787,-4.15412062251397,3.26540895872827e-05,0.000106582845172455,"","Os03g0343400",""
"Os03g0343900",14855.7648146076,-2.77812145750793,0.287424862345408,-9.66555723411764,4.22315285480433e-22,5.69918618101781e-21,"","PsbX",""
"Os03g0344232",2.27231243842358,-4.94327512482033,1.50296265569285,-3.28902059282473,0.00100536667578429,0.00258402179729329,"","Os03g0344232",""
"Os03g0344650",5.40979719639585,-2.47243911576962,0.996587881594679,-2.4809042548394,0.0131049568715937,0.0265353983075926,"","Os03g0344650",""
"Os03g0345700",221.539990319362,-2.01792386782324,0.215227200552821,-9.3757845785296,6.86631757887315e-21,8.72892512322935e-20,"","Os03g0345700",""
"Os03g0345901",571.693385615051,-2.26607349599249,0.30953935941889,-7.32079274263111,2.46510318241449e-13,1.87989724686623e-12,"","Os03g0345901",""
"Os03g0346500",13.3894073297953,-1.18202425997833,0.497762438349459,-2.37467548555458,0.0175643847887609,0.0344379806845873,"","Os03g0346500",""
"Os03g0348200",458.468022307132,-7.97529385853084,0.461078447679961,-17.2970432659792,4.9515790396107e-67,3.85802748001366e-65,"","OsTPS10",""
"Os03g0351100",4425.08606483569,-1.08541291892294,0.111155467366781,-9.76481809339518,1.59397800726771e-22,2.19533035497899e-21,"","OsP",""
"Os03g0351200",3300.62506000185,-2.16798022447861,0.23942602726986,-9.05490622385449,1.36685184187742e-19,1.6080953507216e-18,"","OsDVR",""
"Os03g0351500",4019.39462075662,-1.13756324509865,0.25293445406056,-4.49746259094574,6.87692560507336e-06,2.46941428575221e-05,"","SODCC1","SODCC.1"
"Os03g0351700",11.9606695698055,-1.80194090731113,0.727756784804289,-2.47602075986927,0.0132855852896883,0.0268452900605616,"","Os03g0351700",""
"Os03g0351800",1398.95640307829,-2.20439289853941,0.129406527604471,-17.0346344913689,4.5457285685585e-65,3.32240462369244e-63,"","OsRFP",""
"Os03g0355900",1373.81682588576,-2.19167081099216,0.15081066673847,-14.5325981138514,7.53090125278076e-48,3.02420000551295e-46,"","Os03g0355900",""
"Os03g0356526",19.1232226923268,-1.60173018509948,0.629364340998329,-2.54499672250057,0.0109278763936967,0.0224883715454007,"","Os03g0356526",""
"Os03g0356582",81.4725208643175,-1.71014574329795,0.353744845876683,-4.83440469375521,1.33544665373449e-06,5.24462858449508e-06,"","Os03g0356582",""
"Os03g0359600",35.5417862980942,-8.90865680474616,1.08470754110654,-8.21295737988346,2.15806163704619e-16,2.0708866452786e-15,"","Os03g0359600",""
"Os03g0360600",3303.66985086977,-1.40718960078564,0.243591886968957,-5.77683279314214,7.61198630989912e-09,3.85926304072786e-08,"","Os03g0360600",""
"Os03g0360800",21.3590916046667,-1.37026125480728,0.456436064655112,-3.00208804894211,0.00268134609091026,0.00630499308099872,"","Os03g0360800",""
"Os03g0363500",961.043209942486,-1.68209335523768,0.163312822186103,-10.2998241823342,7.05901992502117e-25,1.10907632645688e-23,"","Os03g0363500",""
"Os03g0364400",1973.91296374186,-3.14686694345279,0.215048115659722,-14.6333155898571,1.7218736807483e-48,7.08685451626254e-47,"","OsBBS1",""
"Os03g0364500",224.478837331402,-1.04069087279225,0.175106381224409,-5.94319216418818,2.79524424841797e-09,1.48500450211603e-08,"","Os03g0364500",""
"Os03g0366350",105.899583568815,-5.00490893200333,0.496938692058503,-10.0714816776918,7.38569354265684e-24,1.08925791015719e-22,"","OsFbox141",""
"Os03g0370000",1046.2182593323,-1.68611759866181,0.135436555496123,-12.4495014841844,1.40721362534184e-35,3.66630199738114e-34,"","Ospdhk1",""
"Os03g0370200",179.719324913371,-1.32250594185176,0.233583696637976,-5.66180756999263,1.49786739724369e-08,7.36800883492297e-08,"","Os03g0370200",""
"Os03g0370400",38.8923134885075,-1.58889451442907,0.666483087800844,-2.38399824918567,0.017125683847403,0.0336550657270862,"","Os03g0370400",""
"Os03g0375200",1010.44983986382,-5.95194665775181,0.260421294890388,-22.8550689768169,1.30125230394068e-115,3.01318956399422e-113,"","Os03g0375200",""
"Os03g0375300",19.3851431809242,-2.81824711542446,0.493197428723216,-5.71423724312656,1.10197173270511e-08,5.48925484946413e-08,"","OsLAT3",""
"Os03g0387900",17603.1116112608,-2.02811388104947,0.203231594711664,-9.9793237558701,1.87741921908805e-23,2.70446604600841e-22,"","Os03g0387900",""
"Os03g0388100",637.246801698287,-2.91583491850588,0.225086186635795,-12.9543041360592,2.22141315246802e-38,6.47528866808238e-37,"","Os03g0388100",""
"Os03g0388800",619.633884148714,-3.76518293771469,0.291236851304026,-12.92825039433,3.11834408372897e-38,9.05782079279632e-37,"","Os03g0388800",""
"Os03g0388900",2899.6212939291,-3.9144790737538,0.238313022080084,-16.4257875611949,1.25049638819536e-60,7.92418133256175e-59,"","OsMC1",""
"Os03g0389000",34.1864947021496,-4.08183954550837,0.500358638107886,-8.15782767525291,3.41103702032139e-16,3.23937386939452e-15,"","OsMC3",""
"Os03g0389100",523.005178623635,-1.83632025109767,0.21893606070442,-8.38747278629825,4.9670411085538e-17,5.00685018497305e-16,"","OsMC8",""
"Os03g0389400",48.4721538434417,-1.35144445184097,0.277195147278401,-4.87542608559324,1.08573845380947e-06,4.31526173725333e-06,"","OsMC2",""
"Os03g0389501",71.7302130557715,-1.83393271246543,0.358720411191677,-5.11242922133443,3.18042166252029e-07,1.34933745774427e-06,"","OsMC2",""
"Os03g0393900",74.1712825975966,-1.19124968050318,0.398499551381852,-2.9893375698225,0.00279583056009603,0.00655243036204118,"","OsMATL",""
"Os03g0399000",20.8116241447174,-1.19798944283197,0.512941486426595,-2.33552846578614,0.0195158306308119,0.0378300528508548,"","OsPME12",""
"Os03g0399466",50.7039451448856,-2.3974410736571,0.43090960089576,-5.56367523181981,2.64151351187785e-08,1.26887902837917e-07,"","Os03g0399466",""
"Os03g0399532",948.300659138851,-2.76057554608662,0.184781456879847,-14.9396784325695,1.81850640922586e-50,8.08925193920809e-49,"","Os03g0399532",""
"Os03g0399600",550.030709905456,-1.05088819088436,0.178296442065193,-5.8940502609699,3.76842464171076e-09,1.97066815845647e-08,"","Os03g0399600",""
"Os03g0400700",17.8147249267642,-2.80656573625966,0.691202011897909,-4.06041314687925,4.89859574241603e-05,0.000155625729849778,"","OsLEA11",""
"Os03g0400800",151.078817513635,-1.1546389769114,0.305336371483671,-3.78153107440445,0.000155866761045694,0.000459447766215354,"","Os03g0400800",""
"Os03g0402200",68.7886252594177,-1.5459652589176,0.289666766258126,-5.33704739031045,9.44723542407338e-08,4.25988911587266e-07,"","Os03g0402200",""
"Os03g0405500",144.368308076477,-1.44992752317439,0.296346272348823,-4.89268014637857,9.94719954436299e-07,3.97583099065465e-06,"","Os03g0405500",""
"Os03g0411100",2043.64464258913,-1.08083157725699,0.158328935281023,-6.82649431917537,8.70147391704718e-12,5.82220953936478e-11,"","HAP2E",""
"Os03g0411800",1019.98180547311,-1.57075945866467,0.586860939027004,-2.67654456823952,0.00743856717644568,0.0158651440932078,"","OsZIP2",""
"Os03g0412400",67.6871318540819,-1.72872795720137,0.381479323208499,-4.53164261344913,5.85268049032119e-06,2.12440469541002e-05,"","Os03g0412400",""
"Os03g0413000",1578.98308870403,-1.12402125219257,0.213354285429461,-5.26833220120246,1.3766880333468e-07,6.10200347088257e-07,"","NFYB8","HAP3I"
"Os03g0413100",360.131702608613,-2.69769011899646,0.180362746420729,-14.9570250649412,1.40152603925224e-50,6.25686678820771e-49,"","OsACR7",""
"Os03g0417700",121.281090856915,-6.90841475766182,0.535531720783809,-12.9001037465168,4.49491627807418e-38,1.29500628630051e-36,"","GL3.2",""
"Os03g0421000",16.9019007057753,-3.46456498065889,0.700874947472105,-4.94319991484184,7.68506055034824e-07,3.11081106446624e-06,"","OSJNBb0021K20.13",""
"Os03g0426300",6.38910835434541,-2.58982958898159,0.822645425537883,-3.14817235783964,0.00164294788624143,0.0040388252582006,"","OsRLCK113",""
"Os03g0426800",1191.77829140927,-2.11956405588831,0.16869470799876,-12.5644964269056,3.30975616756085e-36,8.81783102835003e-35,"","MUB1",""
"Os03g0426900",9938.66434874779,-1.26029058825631,0.173875960864841,-7.24821638360909,4.22295590614382e-13,3.16300418641249e-12,"","ClpB-c",""
"Os03g0427300",3.01780657014864,-2.70363062704091,1.18641314858182,-2.27882726204838,0.022677335646619,0.0432112854969068,"","Glua3*",""
"Os03g0431100",1030.60479688707,-2.10305911557424,0.167117086861049,-12.5843452340863,2.57468738475644e-36,6.8890960401847e-35,"","Os03g0431100",""
"Os03g0431200",1049.23433550759,-3.41468594038299,0.149926615192078,-22.7757155459574,7.98265925718245e-115,1.81455365518541e-112,"","Os03g0431200",""
"Os03g0431600",127.218568050502,-2.1781997197974,0.508859074972546,-4.28055590816558,1.86427044427128e-05,6.29734543936053e-05,"","Os03g0431600",""
"Os03g0431800",1356.36617566487,-1.35364504835771,0.258347229069723,-5.23963447656094,1.60894965060157e-07,7.07703630267266e-07,"","Os03g0431800",""
"Os03g0432000",68.1573158498565,-3.11525327171851,0.34139820491201,-9.12498433470501,7.17466342308406e-20,8.60438701034626e-19,"","Os03g0432000",""
"Os03g0434800",1.78295073526118,-4.59556127256429,1.88389929227027,-2.43938797122548,0.014712163575269,0.0293875586024218,"","Os03g0434800",""
"Os03g0438000",84.8572070917166,-1.28742856350258,0.283542370502536,-4.5405156245989,5.61168198068036e-06,2.04231263859162e-05,"","Os03g0438000",""
"Os03g0438100",2208.83526459373,-1.10349343409794,0.179554400807911,-6.14573315459123,7.95949997050589e-10,4.46182196310462e-09,"","AOC","AOC3"
"Os03g0439700",5935.24575388657,-2.5991986279428,0.169996324413547,-15.2897342746057,8.95146359825859e-53,4.40935215852988e-51,"","Os03g0439700",""
"Os03g0439800",1079.77572955026,-2.66000525408154,0.201779118192698,-13.1827578488139,1.10284318484874e-39,3.42850007415274e-38,"","OSJNBa0054H04.31",""
"Os03g0563300",8438.76513104519,-1.28643582509459,0.204044378642269,-6.30468642975935,2.88777939891263e-10,1.68711412796176e-09,"","ELL",""
"Os03g0565200",6802.07528686219,-2.53521898749527,0.177240912663105,-14.3038023749864,2.07173629699519e-46,7.93375737722565e-45,"","Os03g0565200",""
"Os03g0568800",11.0365679736826,-7.22615357048908,1.18471396485954,-6.0994921853106,1.06405961772278e-09,5.88486722060657e-09,"","RHS10",""
"Os03g0570800",29.4874344228814,-3.93348288450431,0.523341640523555,-7.51609002595173,5.64386972562542e-14,4.52697184175529e-13,"","Os03g0570800",""
"Os03g0572250",150.390648382176,-1.11475262773975,0.204336190411412,-5.45548307177157,4.88398846439026e-08,2.27121963555175e-07,"","Os03g0572250",""
"Os03g0572900",1281.50911882824,-2.00024936058085,0.159727453353687,-12.5228902019221,5.59596763598909e-36,1.47658455928543e-34,"","PEZ2",""
"Os03g0572925",6.19642679205614,-4.89538354764309,1.23381673348571,-3.96767478895583,7.2577279675953e-05,0.000224696646074108,"","Os03g0572925",""
"Os03g0574900",2270.78953909121,-1.80816624162272,0.179719724795203,-10.0610338886463,8.2131236610641e-24,1.20769474747884e-22,"","OsHAK27",""
"Os03g0576600",27.7225471019445,-2.60466484154578,0.49253559464437,-5.28827737501174,1.23473646161575e-07,5.50234987580099e-07,"","OsACBP3",""
"Os03g0577500",288.130335543954,-1.2253494161424,0.151955680271491,-8.0638605542954,7.39220762395768e-16,6.83165715400222e-15,"","Os03g0577500",""
"Os03g0578500",10.5363034688498,-7.15755100433357,1.15094727556381,-6.21883482962094,5.00860193574013e-10,2.86865765515102e-09,"","Os03g0578500",""
"Os03g0579200",6.24751768162435,-4.90663682368194,1.20375091613666,-4.07612302338211,4.57927980746466e-05,0.000146099428006119,"","Os03g0579200",""
"Os03g0579900",20.3576702895834,-3.20991157039325,0.591959259610636,-5.4225210912396,5.87642782324972e-08,2.7068275176921e-07,"","Os03g0579900",""
"Os03g0580200",62.4176708465232,-2.07403799008104,0.520633459495193,-3.98368170976186,6.78557426171466e-05,0.000211028208212005,"","Os03g0580200",""
"Os03g0582900",103.496133840587,-4.33007201765161,0.766693616822314,-5.64772149218914,1.62588290850394e-08,7.96608677555904e-08,"","Os03g0582900",""
"Os03g0583800",12261.8358224282,-3.72839379551864,0.130195988383476,-28.6367793801535,2.34210746111546e-180,2.14927394681696e-177,"","OJ1785_A05.29",""
"Os03g0584100",4.22877254434075,-2.08897745068493,0.905468281781447,-2.30706861048187,0.0210509955214719,0.0404451392707437,"","Os03g0584100",""
"Os03g0584400",139.003513315145,-1.07023972888227,0.190179426499358,-5.62752632386284,1.82812271501599e-08,8.90940135915641e-08,"","Os03g0584400",""
"Os03g0585600",35.2672890655926,-1.20297212033453,0.402097906381269,-2.99173932826665,0.00277393011672094,0.00650356420344386,"","OsDof11",""
"Os03g0587000",354.014746511033,-1.11400657668406,0.206943931590634,-5.38313236885695,7.3200666309233e-08,3.34013427098318e-07,"","OsIMP-1",""
"Os03g0587100",781.269294680849,-1.42679766503052,0.184512306873545,-7.73280486926206,1.05202489061313e-14,8.92060941640022e-14,"","OSJNBa0010D22.29",""
"Os03g0589100",8.11863722092833,-2.83400413787827,0.794320400264223,-3.5678350158646,0.00035994301587787,0.00099869071717872,"","Os03g0589100",""
"Os03g0589400",4.01623670083405,-4.23542151965301,1.29680853293179,-3.2660345857516,0.00109064927831293,0.0027801457992551,"","Os03g0589400",""
"Os03g0592500",126682.251494907,-3.16370301345803,0.225313371534431,-14.0413460235961,8.70435271440761e-45,3.18094022426073e-43,"","LHCB",""
"Os03g0594100",1.83658175492138,-3.82434097072017,1.61644549672737,-2.36589540350285,0.017986525192526,0.0351738070004118,"","Os03g0594100",""
"Os03g0594900",9.69108004300589,-6.30408556620091,1.18707127462107,-5.31062093825265,1.09252356454988e-07,4.89324952256911e-07,"","Os03g0594900",""
"Os03g0595300",5535.9833360757,-1.44277799912967,0.158225408236972,-9.11849756120611,7.617296398259e-20,9.11317010428118e-19,"","Os03g0595300",""
"Os03g0597600",95.7493767803309,-3.3582764002961,0.375834999595644,-8.93550734739775,4.05314066520487e-19,4.65144355080042e-18,"","OsASNase1",""
"Os03g0598100",112.163674213315,-3.13559838834574,0.418427086588866,-7.4937748746335,6.69204687806157e-14,5.34005943631986e-13,"","OsACR5",""
"Os03g0603200",10.1274462740082,-4.63531675090344,1.2534710191908,-3.69798477981233,0.000217317916033788,0.000624940344193264,"","Os03g0603200",""
"Os03g0603600",70.8283680646868,-2.35635404950942,0.298886743497709,-7.8837690221195,3.17651214423463e-15,2.79589489867501e-14,"","OSJNBa0004G03.4",""
"Os03g0605300",1015.34313788581,-3.2469145097901,0.2015872346141,-16.1067466201701,2.28746514844931e-58,1.36241644190213e-56,"","OsSub30",""
"Os03g0606600",4.6291770182318,-2.75578325843067,0.919947564193749,-2.99558732007282,0.0027391686257503,0.00642997451825819,"","Os03g0606600",""
"Os03g0607400",22.1697471868786,-3.34246072985799,0.604273549010462,-5.53137024668958,3.17738855457608e-08,1.51280084966817e-07,"","Os03g0607400",""
"Os03g0607500",4653.00143266221,-1.34348750429705,0.172047565354807,-7.80881439110416,5.77284399429727e-15,4.98201865714746e-14,"","Os03g0607500",""
"Os03g0607700",837.868399415362,-1.74118369612871,0.196627104859813,-8.85525775996194,8.34906498511797e-19,9.38587945264373e-18,"","Os03g0607700",""
"Os03g0611100",4.64206132557837,-3.82029565983517,1.15716523395232,-3.30142623347478,0.0009619462603751,0.0024791078108294,"","OsmiR1428e",""
"Os03g0617500",56.6705018097828,-1.09928494730929,0.411226346316552,-2.67318705903898,0.00751343413456081,0.0160110396105628,"","CycD5",""
"Os03g0618300",3222.19632883905,-2.6485745579548,0.255212875574803,-10.3779033561279,3.1256409091947e-25,5.00284268779827e-24,"","Os03g0618300",""
"Os03g0621600",3.62563078936555,-5.62298136629622,1.60657068428484,-3.49999002303423,0.000465275571825841,0.00126822143488766,"","Os03g0621600",""
"Os03g0624600",4.85678636184325,-3.42567224808583,1.17755270619297,-2.90914557800221,0.0036241805590922,0.00830371016391969,"","ONAC006",""
"Os03g0625201",18.6943453160737,-1.56596787267081,0.572005235976218,-2.73768101090584,0.00618740591733532,0.0134596449880436,"","Os03g0625201",""
"Os03g0625300",196.065197178806,-1.97549060287972,0.266277966677148,-7.41890374007146,1.1809369903751e-13,9.23905140843825e-13,"","OsWD40-77",""
"Os03g0626400",12.3726811229512,-3.85494585760417,0.850616371884073,-4.53194411138086,5.8443314081207e-06,2.12168497141402e-05,"","Os03g0626400",""
"Os03g0626500",197.355181085541,-3.48502891287081,0.274238484083291,-12.7080228164197,5.336673351266e-37,1.46755555631873e-35,"","Os03g0626500",""
"Os03g0626600",66.8256558172129,-1.21356257936697,0.289782610142425,-4.18783783737235,2.81624619692272e-05,9.28394518642287e-05,"","Os03g0626600",""
"Os03g0628800",452.781218518894,-1.80139883948912,0.263225743426389,-6.84355115134428,7.72537216273431e-12,5.1999876684615e-11,"","Os03g0628800",""
"Os03g0633500",10.8741566578637,-3.66362372305859,0.86692035676574,-4.22602110386084,2.37859693960531e-05,7.90748643131634e-05,"","IAA11",""
"Os03g0637800",22.9661972632566,-1.82407278473228,0.45685960693397,-3.99263309132059,6.53436356050612e-05,0.000203804035673036,"","OsCR4",""
"Os03g0638000",29.1103390561756,-1.01395665045203,0.451731638923764,-2.24459958763957,0.0247938492627912,0.0467685415296017,"","Os03g0638000",""
"Os03g0638200",618.041568546715,-1.14210149146023,0.376438742202558,-3.03396373279156,0.00241363443737593,0.00572292225496022,"","Os03g0638200",""
"Os03g0638900",57.4400680909658,-1.70728265018462,0.323014218753524,-5.28547212804698,1.25380962704294e-07,5.58332874357349e-07,"","OsFbox157",""
"Os03g0639300",371.342078525652,-1.08615378185191,0.1629307267822,-6.66635326130867,2.62237622394245e-11,1.68284422949034e-10,"","OsPIL12",""
"Os03g0641250",10.2474044211683,-3.5525040262057,0.732259230554004,-4.8514294910533,1.2257478654417e-06,4.83527381978172e-06,"","Os03g0641250",""
"Os03g0641300",25.1854673165426,-2.54382333273195,0.433998806964504,-5.86136019710306,4.59090903456447e-09,2.37620541360777e-08,"","Os03g0641300",""
"Os03g0648100",483.110182176233,-1.56790224816511,0.187762053897558,-8.35047452676751,6.79892556022605e-17,6.78714659974701e-16,"","Os03g0648100",""
"Os03g0648900",404.423429819396,-1.01722018164703,0.215072966944688,-4.72965150431314,2.24905565779065e-06,8.59155905536214e-06,"","Os03g0648900",""
"Os03g0649000",123.443101461521,-2.21431526293303,0.313760896703312,-7.05733342235716,1.69728037027771e-12,1.20843436018307e-11,"","Os03g0649000",""
"Os03g0650000",318.379775132542,-2.00677846153354,0.193209396559158,-10.3865469137216,2.85502966589194e-25,4.58748832891081e-24,"","OsSh1",""
"Os03g0650200",247.165137629321,-2.77362273100038,0.301248577291626,-9.20708989213036,3.35086049548272e-20,4.09996397513952e-19,"","Os03g0650200",""
"Os03g0650300",7.56796353389034,-6.68361970541694,1.21932579447758,-5.48140598327992,4.21958940974362e-08,1.97971533431581e-07,"","Os03g0650300",""
"Os03g0651900",293.920401129579,-1.90647551601005,0.213784227736782,-8.91775570252717,4.75832646038643e-19,5.4405655149513e-18,"","Os03g0651900",""
"Os03g0655100",13.8205241025344,-4.73491243648517,0.82733474548347,-5.72309148423137,1.04602900420838e-08,5.22936229666338e-08,"","Os03g0655100",""
"Os03g0657400",20.6572649734939,-8.12485695659327,1.09168413298196,-7.44249798190253,9.87989689910383e-14,7.77124461806653e-13,"","OsWRKY60",""
"Os03g0660000",161.063996489816,-2.0328793291513,0.348518309454557,-5.83291974626189,5.44657688359605e-09,2.79862786073951e-08,"","Os03g0660000",""
"Os03g0660050",82.4394911619659,-1.89186543515461,0.431781307851466,-4.38153621000523,1.17845453651195e-05,4.08886263144608e-05,"","Os03g0660050",""
"Os03g0663700",299.405154359236,-1.76447671382634,0.166785550731225,-10.5793140118582,3.71669374603158e-26,6.23061711403413e-25,"","Os03g0663700",""
"Os03g0664800",19.2480101411921,-1.36000005910703,0.52840130270096,-2.57380148791325,0.0100587967688583,0.0208680237412713,"","OSJNBb0031A14.3",""
"Os03g0665200",96.3585336707271,-3.34165695785998,0.301064635939673,-11.0994668883315,1.26194356043888e-28,2.39411758016801e-27,"","OSJNBb0031A14.9",""
"Os03g0665700",110.774446587264,-5.2135818190323,0.371972634527008,-14.0160359529184,1.24370093533457e-44,4.49856614230431e-43,"","Os03g0665700",""
"Os03g0667100",321.77333474001,-3.52951397160933,0.232714543315378,-15.1667099156157,5.87487480348745e-52,2.77260520011445e-50,"","OsNPR3",""
"Os03g0667500",13.1009053216061,-7.46346688077278,1.1431686657557,-6.52875389638064,6.63191164100701e-11,4.12240026917287e-10,"","OsZIP10",""
"Os03g0668400",146.208602451363,-1.70167303163176,0.274209184747574,-6.20574775129523,5.44374360318047e-10,3.10282114690597e-09,"","Os03g0668400",""
"Os03g0668500",265.088613887725,-1.47731512839344,0.161561870960749,-9.14395902701785,6.0206898402184e-20,7.26264031991682e-19,"","SIP31",""
"Os03g0673000",101.222244925687,-1.24105551177947,0.215536233320037,-5.75799016556397,8.51213130460523e-09,4.29599118758287e-08,"","OsH10",""
"Os03g0673400",22.6527522355917,-2.6556754312672,0.493635194182803,-5.37983406078569,7.45545275860602e-08,3.39815586828516e-07,"","Os03g0673400",""
"Os03g0675500",15.9759836199017,-3.16947151872069,0.529833707126844,-5.98201185784865,2.20398223093026e-09,1.18276083464932e-08,"","Os03g0675500",""
"Os03g0680800",8357.13280971853,-1.16540700752883,0.172590934218472,-6.75242307949742,1.45396152306702e-11,9.54805318235664e-11,"","OsBIHD1",""
"Os03g0682100",231.675483528741,-2.34830560810681,0.231778607519811,-10.131675365709,3.99740800252671e-24,6.03189878676031e-23,"","OsMFS1",""
"Os03g0684000",624.778355475928,-1.3970878922232,0.125447359343697,-11.1368457616991,8.30073714690893e-29,1.58939230516973e-27,"","OsTIFY1A",""
"Os03g0684400",5069.14433890599,-3.61854642526713,0.154136940023048,-23.4761791996523,7.14421213096892e-122,1.92404504314149e-119,"","OsMRS2-6",""
"Os03g0684700",697.631538823579,-3.4272419131322,0.324213432368212,-10.5709436160555,4.06384863844387e-26,6.79878310025144e-25,"","Os03g0684700",""
"Os03g0685300",222.923316691127,-2.23217387966646,0.196513558849348,-11.3588797268574,6.69982604835098e-30,1.36066877049174e-28,"","Os03g0685300",""
"Os03g0686500",1190.5607118348,-1.9985061041232,0.18629008486257,-10.7279252441027,7.52671058943367e-27,1.29957706114563e-25,"","Os03g0686500",""
"Os03g0686700",205.916297349696,-1.47600902727602,0.214519847839387,-6.8805243064554,5.96326694674716e-12,4.06134868442975e-11,"","Os03g0686700",""
"Os03g0687700",3.34477120896184,-5.49052923152324,1.49778544451819,-3.66576484744077,0.000246600448183236,0.000704000380762304,"","OsEnS-52",""
"Os03g0688300",85.9050416146669,-2.09020608329022,0.296699601220613,-7.04485639579959,1.85652874995117e-12,1.31727413624113e-11,"","CDPK9",""
"Os03g0689100",3127.23487820795,-1.46722851272397,0.202545168789357,-7.24395709605818,4.35779324749823e-13,3.26005565498985e-12,"","OSJNBa0022C08.16",""
"Os03g0689688",17.3106459906977,-1.36475566564627,0.463427364260785,-2.94491817034411,0.0032304008682432,0.0074745910116082,"","Os03g0689688",""
"Os03g0692400",51.6922790990611,-1.76826272967237,0.338964122151356,-5.21666634937485,1.82171973222038e-07,7.96765221627966e-07,"","OsDSR5",""
"Os03g0702600",12.4522806414242,-2.6453512322989,0.669547431949317,-3.95095419094841,7.78402240656669e-05,0.000240120422270297,"","OSJNBa0004L11.20",""
"Os03g0703200",1494.38562732794,-1.20589810221898,0.189258655423555,-6.37169327616865,1.86952495001404e-10,1.11429443556646e-09,"","TMS10L",""
"Os03g0703300",5596.12628552444,-4.04293839512298,0.175430288271211,-23.0458402306943,1.61919515429789e-117,3.89502896485814e-115,"","OSJNBa0004L11.13",""
"Os03g0704100",3769.01626495235,-3.10024694059574,0.134429879347814,-23.062186439775,1.11001895199044e-117,2.72306332410567e-115,"","Os03g0704100",""
"Os03g0705800",155.829759417143,-3.62251346874788,0.330349819355168,-10.9656892678764,5.58731801131547e-28,1.02470006192719e-26,"","Os03g0705800",""
"Os03g0707200",1818.60215106811,-2.15973101882872,0.144186602776988,-14.9787218592643,1.0114347849217e-50,4.54815238947461e-49,"","Os03g0707200",""
"Os03g0707600",3329.37215611664,-1.07308404270676,0.150772044521559,-7.11726133390279,1.10092625379906e-12,7.96893070125017e-12,"","SLR1","GAI"
"Os03g0708400",1834.49609929253,-1.40111694860015,0.167480605726375,-8.36584595884048,5.96851315552017e-17,5.99197125017517e-16,"","Os03g0708400",""
"Os03g0708700",110.550748942385,-1.46881374293256,0.285516431935599,-5.14441054399232,2.68362090020485e-07,1.15038192118297e-06,"","Os03g0708700",""
"Os03g0710000",405.039203626917,-1.92085060804147,0.195711682456759,-9.81469569894412,9.73312018027755e-23,1.35710477606492e-21,"","Os03g0710000",""
"Os03g0710550",49.5568672213165,-4.88873596288988,0.533362150369912,-9.16588467985461,4.91422105900811e-20,5.95110729125337e-19,"","Os03g0710550",""
"Os03g0710600",6079.7132056344,-1.1105871239374,0.182794739564796,-6.07559674081168,1.23527481424464e-09,6.78333423593515e-09,"","Os03g0710600",""
"Os03g0710800",2631.99281981522,-1.09639174723231,0.141478643584417,-7.7495211959543,9.22396831696947e-15,7.8482919982676e-14,"","GF14F",""
"Os03g0711100",4398.3163384708,-1.59250793373308,0.302976372441754,-5.25621163425618,1.47053060083997e-07,6.49587033286004e-07,"","OsCOL10",""
"Os03g0711150",37.8081409834488,-2.48331875372601,0.543304495723848,-4.57076790873498,4.85940237173309e-06,1.78082254939256e-05,"","Os03g0711150",""
"Os03g0717700",1687.27766777003,-1.21635428054762,0.127110221613101,-9.56928770252614,1.07644723967314e-21,1.42094476597663e-20,"","HK4","OHK4"
"Os03g0719000",72.771932492382,-5.20695497842909,0.539772350106577,-9.64657596373914,5.08244299536482e-22,6.84389620087794e-21,"","Os03g0719000",""
"Os03g0721900",24.927329875312,-2.91754474309136,0.499449983285206,-5.84151534834535,5.17281118184887e-09,2.66303911972735e-08,"","Os03g0721900",""
"Os03g0725200",150.136372458014,-5.15099099041622,0.536236019131663,-9.60582804332561,7.55482173680269e-22,1.00745865539699e-20,"","OSJNBb0122C16.3",""
"Os03g0726500",4575.29952360949,-1.72040203124537,0.305189356722603,-5.63716261183086,1.72874855446341e-08,8.44836349781855e-08,"","OSJNBb0122C16.14",""
"Os03g0728900",62.2344955630579,-2.67517169189784,0.33114522285339,-8.07854532475691,6.55439129876359e-16,6.08916959915506e-15,"","OsbHLH084",""
"Os03g0729100",5088.68739193688,-2.15899731174967,0.192359586767615,-11.223757276823,3.11738151731924e-29,6.17420958070494e-28,"","Os03g0729100",""
"Os03g0729200",3777.24988762438,-1.21783721980279,0.145836579934524,-8.35069788628864,6.78607949223684e-17,6.77705326800291e-16,"","Os03g0729200",""
"Os03g0729300",1565.66062216911,-2.35918076084031,0.177045178999187,-13.3253035986433,1.64960358539617e-40,5.27383587553045e-39,"","Os03g0729300",""
"Os03g0730000",1711.53483418829,-4.3598999886676,0.29596368863128,-14.7311989819781,4.0643045837911e-49,1.72729459129661e-47,"","Os03g0730000",""
"Os03g0730100",2.88672459208792,-5.29898096988467,1.86308630077964,-2.84419512272041,0.00445237727373952,0.00999787490587676,"","Os03g0730100",""
"Os03g0730500",2.61800650422514,-3.55615844864138,1.51598880137596,-2.34576828365336,0.0189879079057667,0.0369135656477978,"","OsSCP20",""
"Os03g0731900",36858.9399211196,-3.39134290879162,0.114107983181672,-29.7204701566958,4.17693848272912e-194,4.4996523820252e-191,"","OsHDR",""
"Os03g0732100",4086.60289865725,-1.27849087760598,0.130592340775909,-9.78993767942194,1.24372521268401e-22,1.72444205901912e-21,"","Os03g0732100",""
"Os03g0732700",1.80354353990126,-4.61119999291767,1.85286993647544,-2.48867980538838,0.0128218383794993,0.0260065598081708,"","Os03g0732700",""
"Os03g0733400",146.57836132356,-1.17281398770817,0.264763502877556,-4.42966638136133,9.43789758576538e-06,3.31833104132977e-05,"","Os03g0733400",""
"Os03g0734900",517.972216733915,-2.11025908780976,0.139706284227897,-15.1049689673758,1.50177089232191e-51,6.94204802221266e-50,"","OsTIFY1b",""
"Os03g0735000",1682.18767196046,-3.11455498606373,0.267925498572137,-11.6247053851247,3.08656355845393e-31,6.73202335280044e-30,"","OsAGPL1",""
"Os03g0736600",6205.38738624006,-2.34717966334337,0.210718017963911,-11.1389604269406,8.10599952488749e-29,1.55571146574855e-27,"","OSJNBb0016H12.16",""
"Os03g0736700",449.78512233649,-1.88734678281002,0.189871528866236,-9.94012527354561,2.78476709775706e-23,3.99526197921984e-22,"","OSJNBb0016H12.17",""
"Os03g0736900",1112.55451435015,-2.26163613911634,0.517371634598639,-4.3713957006376,1.2345482076368e-05,4.27271978497234e-05,"","Os03g0736900",""
"Os03g0737300",8.52393248024197,-1.96388605739245,0.854008056912141,-2.29961069043461,0.0214702858938377,0.0411581643010921,"","OSJNBb0016H12.22",""
"Os03g0738400",99787.0619036072,-3.02573147647672,0.203022474264342,-14.9034311961794,3.13079972770193e-50,1.38028158101905e-48,"","OsSHM1",""
"Os03g0738700",13.8406802134915,-6.09357189724333,1.11643607891627,-5.45805712688756,4.81372795487036e-08,2.24191235973351e-07,"","OsWD40-89",""
"Os03g0739700",44.8582770741505,-4.00606143542086,0.472425376880559,-8.47977613284244,2.2562764934361e-17,2.32351465826543e-16,"","OSJNBa0057G07.10",""
"Os03g0741100",266.078590852784,-1.77265942225337,0.444874796871745,-3.98462541532649,6.7586654502715e-05,0.00021024413541918,"","OsbHLH148",""
"Os03g0744700",8864.75227291576,-3.17894245543419,0.141235481709627,-22.5081007757664,3.45768495768317e-112,7.32231283730906e-110,"","OSJNBb0036F07.14",""
"Os03g0745700",4.76528360782701,-3.05219285191155,1.14517583200854,-2.66526132197382,0.00769285179527688,0.0163596076672882,"","OsSTA114",""
"Os03g0746700",515.061282064414,-2.04731732627612,0.228257554431323,-8.96932998067365,2.98323569739701e-19,3.45400144272924e-18,"","OJ1124_H03.7",""
"Os03g0746900",103.777646161358,-1.18561390441239,0.357569083816339,-3.31576178722815,0.000913936964215973,0.00236373863907924,"","OJ1124_H03.16",""
"Os03g0748600",38.3228715974554,-1.3774826426721,0.361791853643385,-3.80738988122676,0.000140441241572916,0.000416881830891594,"","OSJNBa0069E14.10",""
"Os03g0749500",63.5539813623011,-1.05944671507355,0.315650669680925,-3.35638988551646,0.000789671595801888,0.00206650751258802,"","Os03g0749500",""
"Os03g0750500",15.86417694715,-1.56566950816001,0.469057002744121,-3.33790882344873,0.000844114431328925,0.0021959915229984,"","Os03g0750500",""
"Os03g0751100",83.3005660315492,-3.40014260788764,0.373293436682933,-9.10849823158193,8.35301553266432e-20,9.96450004106036e-19,"","OPT",""
"Os03g0752300",651.384291759656,-2.85518172664126,0.247127470964732,-11.5534777072547,7.08925500201686e-31,1.51422819987045e-29,"","TPKA","KCO1"
"Os03g0752400",192.286404555529,-6.13427819879304,0.410773953886304,-14.933464356143,1.99619903224635e-50,8.84791116672052e-49,"","Os03g0752400",""
"Os03g0752500",384.119940371445,-6.48284248046207,0.7555611417467,-8.58016925734838,9.47336410191414e-18,9.98390226938012e-17,"","Os03g0752500",""
"Os03g0752800",11198.5112461483,-1.30820624726572,0.144010979844595,-9.08407295525262,1.04586124856535e-19,1.23987101223463e-18,"","MADS14","AGL10"
"Os03g0753100",31.795245959245,-1.61661141649649,0.33625324456822,-4.80771990340902,1.52661452349592e-06,5.952931704227e-06,"","MADS34",""
"Os03g0756400",1619.65016741937,-1.17337801460813,0.0944969087473996,-12.4171047514866,2.11062258478256e-35,5.4644614193477e-34,"","OSJNBb0081K01.6",""
"Os03g0757000",52.2521817224755,-2.07646319716219,0.360435975683523,-5.7609765318915,8.36286685081779e-09,4.22439861289933e-08,"","Os03g0757000",""
"Os03g0757100",332.274916817903,-4.07218056569937,0.241277947733985,-16.8775497468548,6.58205653634991e-64,4.6330572386688e-62,"","Os03g0757100",""
"Os03g0757200",4878.07286102258,-2.6095838172364,0.253094739028565,-10.3106995714434,6.30407445370417e-25,9.93541097756788e-24,"","Os03g0757200",""
"Os03g0758551",119.891261035565,-1.23499055118889,0.254348886513691,-4.85549816284497,1.2008446779063e-06,4.74232205681932e-06,"","Os03g0758551",""
"Os03g0760200",3196.92367751443,-1.46044697754905,0.23101686886168,-6.32181963484007,2.58501005793335e-10,1.51774393851694e-09,"","bel",""
"Os03g0761500",104.457060250577,-2.76246478755288,0.387118993621363,-7.1359577625241,9.61155234821881e-13,6.98168960808612e-12,"","OsSub31",""
"Os03g0762700",467.757352192542,-1.03427424874209,0.138854981719353,-7.44859302803059,9.43408968321652e-14,7.4371123156556e-13,"","Os03g0762700",""
"Os03g0764000",1408.8095958208,-3.00233988345532,0.221756434343189,-13.5389076413851,9.21490152392398e-42,3.08120938000357e-40,"","Os03g0764000",""
"Os03g0764100",922.28184967282,-1.31537966298612,0.360293174254563,-3.65085923625282,0.000261364463062374,0.000742329676500064,"","WZF1",""
"Os03g0765200",2946.46708176927,-2.22457037369864,0.103302199784865,-21.5345885986115,7.38473381324899e-103,1.35534481252496e-100,"","OsSigP2",""
"Os03g0765900",19083.066689158,-2.52577820631338,0.269542212995304,-9.37062205672914,7.21062916321807e-21,9.15724032686079e-20,"","OSJNBa0079B15.15",""
"Os03g0772300",3575.20108749285,-1.14972848560522,0.18349326969888,-6.26578014273753,3.70963427303221e-10,2.14952311466134e-09,"","Os03g0772300",""
"Os03g0772600",1228.92787362006,-1.08401490167955,0.248706708647302,-4.35860740377865,1.30892680985307e-05,4.50872786983587e-05,"","Os03g0772600",""
"Os03g0773100",258.17107905135,-1.03407376411661,0.213594848605618,-4.84128606503019,1.29001507643851e-06,5.07505613669689e-06,"","Os03g0773100",""
"Os03g0773700",888.236554831714,-2.90970793671965,0.285493704749829,-10.1918462239626,2.15629713832407e-24,3.30201323833471e-23,"","OsRLCK117",""
"Os03g0773800",57013.0237231622,-2.27737184409372,0.180448706474585,-12.620604982915,1.62567560666306e-36,4.37819179416203e-35,"","Os03g0773800",""
"Os03g0774300",2234.7808373903,-3.83302110837742,0.147373938130555,-26.0088123924722,3.9366030742074e-149,1.95074428739273e-146,"","Os03g0774300",""
"Os03g0774400",322.917081170021,-1.96037002861094,0.177684475644552,-11.0328717323203,2.65257200759546e-28,4.96770798429272e-27,"","Os03g0774400",""
"Os03g0775000",935.091158592866,-4.71731839210485,0.292512099030606,-16.126917169369,1.65056370130919e-58,9.90218325117137e-57,"","Os03g0775000",""
"Os03g0775600",368.952238918395,-1.57847949340814,0.224519281493689,-7.03048523452765,2.05816505267363e-12,1.45534119606434e-11,"","Os03g0775600",""
"Os03g0776100",239.152771497586,-1.36218984293002,0.191866267945304,-7.09968384499115,1.25042605704073e-12,8.98544269585215e-12,"","Os03g0776100",""
"Os03g0776150",935.659365065927,-1.86441969154204,0.211366375448173,-8.8207960589228,1.13648841519984e-18,1.26898483386239e-17,"","Os03g0776150",""
"Os03g0776400",12.9572944732761,-2.63692788012999,0.851697556255142,-3.09608482584404,0.00196094255625907,0.00474660743614997,"","Os03g0776400",""
"Os03g0777000",122.397666522796,-2.45212002468904,0.315053280864357,-7.78319152227706,7.07174514327095e-15,6.07126228048594e-14,"","ONAC066",""
"Os03g0778100",55808.2062564448,-1.72175731547373,0.169903211818843,-10.1337537827686,3.91331499382659e-24,5.90860485082519e-23,"","OsPS1-F",""
"Os03g0781400",917.341988830948,-1.81644900734383,0.195210973989303,-9.30505580820143,1.33921985904725e-20,1.67924344370515e-19,"","Os03g0781400",""
"Os03g0782200",2622.63785221958,-12.0760512721555,1.04605525547026,-11.5443722585444,7.88147779386118e-31,1.67910038949698e-29,"","Os03g0782200",""
"Os03g0782400",26.0531253561661,-7.72979512115015,1.11841622785232,-6.91137604109477,4.7997484419188e-12,3.29416478283804e-11,"","Os03g0782400",""
"Os03g0782500",9694.233290578,-5.7389657496811,0.25900536304136,-22.1577101041134,8.79086569217234e-109,1.77082340857686e-106,"","PIL13","BHLH152"
"Os03g0784100",21.2993417854932,-2.34515635990089,0.523578821887259,-4.47908941665687,7.49621296943417e-06,2.67512125512992e-05,"","OspPLAIIIgamma",""
"Os03g0785200",4492.86967416188,-1.60425111956196,0.270705313315002,-5.92618999574343,3.10043848225087e-09,1.63794380116695e-08,"","Os03g0785200",""
"Os03g0785900",36.1518507391335,-1.40365779928888,0.374012668170318,-3.75296859904672,0.000174752752210653,0.000510836354592183,"","OsGSTU1",""
"Os03g0786100",15278.2571494385,-1.42638605400393,0.127770362516841,-11.1636691475766,6.1403900298888e-29,1.19232322704197e-27,"","OsGLO1",""
"Os03g0786250",22.3263202019146,-1.85148361329221,0.41383884159426,-4.47392421204257,7.67969715061847e-06,2.7354780951822e-05,"","Os03g0786250",""
"Os03g0786400",1163.03078557414,-2.52087120457797,0.343718121955358,-7.33412364246939,2.23176989648344e-13,1.70826576228515e-12,"","DST",""
"Os03g0788500",16.2033350334567,-1.55805036368129,0.527384176302223,-2.95429865682665,0.00313380568406636,0.00726685104671148,"","CDPK10",""
"Os03g0788800",1549.81182367986,-1.11757406549919,0.122591554769431,-9.1162402467373,7.77757216865045e-20,9.29594334889784e-19,"","OsRFPH2-19",""
"Os03g0789200",433.948361759972,-1.66553701718248,0.139213055457409,-11.96394268993,5.48923373232388e-33,1.28308249231876e-31,"","Os03g0789200",""
"Os03g0792050",3.43805911013774,-2.56021902136802,1.03202914402385,-2.48076232749184,0.0131101756170145,0.0265428028487309,"","Os03g0792050",""
"Os03g0793100",177.634200073502,-1.50746201396925,0.271790712443612,-5.54640738241561,2.91598975684047e-08,1.39450836142127e-07,"","OSJNBb0060J21.15",""
"Os03g0793600",6.68730981737375,-6.49023226033387,1.28943223142773,-5.033403153842,4.81848294176459e-07,2.00281080100824e-06,"","Os03g0793600",""
"Os03g0794500",297.838964928747,-1.51475640162656,0.209984593584775,-7.2136549437615,5.44696791425671e-13,4.03707819358476e-12,"","OsGDH1",""
"Os03g0795000",1523.67863006415,-1.45485409102525,0.125583176546132,-11.5847849293,4.92200416107234e-31,1.06323014035649e-29,"","Os03g0795000",""
"Os03g0795100",808.484139096414,-1.95899699832678,0.158670419098294,-12.3463277494289,5.09860890620875e-35,1.303696933634e-33,"","OSJNBb0021G19.16",""
"Os03g0795600",4.98555633400148,-6.08591940098013,1.43112032039009,-4.25255606692891,2.113442798767e-05,7.08589610623139e-05,"","OSJNBb0021G19.11",""
"Os03g0796600",1559.22259158674,-2.47856497193687,0.186851316687932,-13.2649050371768,3.69889121072296e-40,1.16897228989902e-38,"","Os03g0796600",""
"Os03g0797300",1.76466509536784,-4.58363307734507,1.85467948052417,-2.47138825089586,0.0134589608534021,0.0271579666963713,"","Os03g0797300",""
"Os03g0799000",1629.24374201784,-3.41161676660577,0.341822596146763,-9.98066483919917,1.85221509015766e-23,2.67126503427452e-22,"","OSJNBa0052F07.24",""
"Os03g0800000",910.8219108155,-2.30911755676621,0.24086957050075,-9.58658892431174,9.104530196499e-22,1.20632590737249e-20,"","OSJNBa0052F07.13",""
"Os03g0800400",40.9495716698877,-1.25143181251325,0.320421014710968,-3.90558594804429,9.39973410878284e-05,0.000286607447715127,"","Os03g0800400",""
"Os03g0802500",107.978161755358,-1.9813595543903,0.34474395489557,-5.74733661389507,9.06601323332778e-09,4.56747885079631e-08,"","AAA1",""
"Os03g0804200",765.071421952461,-1.08868104394122,0.218998177545744,-4.9711876881433,6.65439905092736e-07,2.71803569543072e-06,"","OsLTPG10",""
"Os03g0804500",11.8636721747852,-3.4200340707069,0.732511029428929,-4.66891819140687,3.02789912418337e-06,1.13790772940833e-05,"","GER7",""
"Os03g0805600",6238.55988065945,-2.04182612887811,0.10575323982856,-19.3074569837121,4.64907175759335e-83,5.09690490875621e-81,"","Os03g0805600",""
"Os03g0808000",1.79071151132851,-4.60084785334378,1.8833760280357,-2.44287268440085,0.0145708765396106,0.0291335222742036,"","OsPGL11",""
"Os03g0810100",39.6113377265037,-9.0615170636164,1.10538597730703,-8.19760450163506,2.45224603117633e-16,2.34230146162128e-15,"","OsIPT4",""
"Os03g0810300",301.641472860142,-2.18802010971508,0.245888034968055,-8.89844074763271,5.66367114417046e-19,6.44597059894862e-18,"","OSJNBa0028F23.8",""
"Os03g0815700",548.740941152162,-1.21627729276714,0.144762623376796,-8.40187380137031,4.39409921731511e-17,4.44559396926976e-16,"","SPIN1",""
"Os03g0816500",82.28492838529,-1.43564085725718,0.313068297468124,-4.58571138907272,4.52443240311608e-06,1.66397300952957e-05,"","Os03g0816500",""
"Os03g0816900",70.3335624042265,-1.10812863424614,0.378258293566797,-2.92955542044303,0.00339447275681438,0.00782152436488327,"","OsSCAR3",""
"Os03g0817100",158.720163036302,-3.32966856624564,0.304105352902492,-10.9490626668228,6.71387588820189e-28,1.22405962385562e-26,"","Os03g0817100",""
"Os03g0821250",1605.47470495623,-1.27446945232364,0.175662748342863,-7.25520615125583,4.0105054036048e-13,3.01268182217895e-12,"","Os03g0821250",""
"Os03g0821300",91.2435713967273,-1.55532472508554,0.26630115966261,-5.84047297073755,5.20528304168015e-09,2.67874261666245e-08,"","XB15",""
"Os03g0822800",668.295686037558,-1.03876157662988,0.186753670069451,-5.56220167584164,2.66392174614474e-08,1.27815625685957e-07,"","OsDjC36",""
"Os03g0823000",230.411625424976,-2.75816849835182,0.218232972807838,-12.6386423777515,1.29266653629955e-36,3.49273705233305e-35,"","ZFP182/ZOS3-21",""
"Os03g0823100",1086.43486284795,-1.38918654210294,0.156564949973295,-8.87290892591152,7.12596081683854e-19,8.05841767041572e-18,"","Os03g0823100",""
"Os03g0823200",350.087120397245,-1.31465444501509,0.150311126514363,-8.74622175684025,2.20615343293637e-18,2.42941616034953e-17,"","Os03g0823200",""
"Os03g0823500",30.3063828532122,-1.39178219727801,0.400351481134304,-3.47640076998021,0.000508192249063171,0.00137566692396353,"","OSJNBb0081B07.12",""
"Os03g0825600",197.377536227455,-3.16879818624364,0.425490420474907,-7.44740194786718,9.51962509599487e-14,7.49738560087301e-13,"","OJ1111_B11.17",""
"Os03g0825800",54.0772177302954,-1.03036264395948,0.310606383733729,-3.31726164663368,0.000909044425892371,0.00235157587600076,"","OsRLCK120",""
"Os03g0826200",4732.59476557316,-3.48312563584635,0.17031722088831,-20.4508130045787,5.90823130276233e-93,8.22405881958102e-91,"","Os03g0826200",""
"Os03g0827900",350.853178539001,-1.50405691515945,0.230693976379474,-6.51970605719411,7.04453037943716e-11,4.37120784400988e-10,"","Os03g0827900",""
"Os03g0828701",100.194200996486,-1.57389572411727,0.242025525414451,-6.50301542129529,7.87257218023231e-11,4.85703986328725e-10,"","Os03g0828701",""
"Os03g0829200",24.4900719897723,-2.8913958778784,0.465781525906679,-6.20762249479535,5.37921769540285e-10,3.06745401240498e-09,"","OSJNBb0027B08.31",""
"Os03g0830400",8.21428625546053,-2.42506211336094,0.7404842772807,-3.2749677309376,0.00105674043685959,0.00270204930898555,"","OSJNBb0027B08.17",""
"Os03g0830600",3.31337210107715,-5.4885319649738,1.36885473596242,-4.0095795563836,6.08269571611862e-05,0.000190459941562329,"","OSJNBb0027B08.15",""
"Os03g0830800",58.5205551497763,-6.59314998004265,0.659641511631426,-9.99505013524159,1.6020614879541e-23,2.3185909747102e-22,"","OSJNBb0027B08.14",""
"Os03g0832400",90.4659303626789,-1.23259601364841,0.26331048614855,-4.68115049908429,2.85269411213165e-06,1.07565366026915e-05,"","OsPP2C36",""
"Os03g0834050",363.433817434202,-4.87609128487585,0.219490214766595,-22.2155292438028,2.43100894576615e-109,4.93714005321703e-107,"","OsHAD1",""
"Os03g0835100",5257.0835807201,-3.4981051252572,0.151137689015407,-23.1451542500469,1.62665126363291e-118,4.03035383590326e-116,"","Os03g0835100",""
"Os03g0836300",128.348217113384,-1.75284325560093,0.257149250115818,-6.81644319324852,9.33221035326172e-12,6.22574517831895e-11,"","Os03g0836300",""
"Os03g0837900",550.805885926845,-1.69785697850882,0.204077346118306,-8.31967394129358,8.82056228356457e-17,8.73838751298998e-16,"","Os03g0837900",""
"Os03g0838100",1052.17814428753,-1.72499676572317,0.200577032024197,-8.6001709583332,7.95974401231642e-18,8.44619175131324e-17,"","OsRLCK121",""
"Os03g0838400",9.09822376434667,-2.44044350606877,0.661073468556626,-3.69163734765696,0.000222815018410763,0.000639560670894748,"","AMT3",""
"Os03g0838900",2066.41962478892,-2.58170293918912,0.236341406708454,-10.9236167083233,8.88843878944704e-28,1.60868406052688e-26,"","OSJNBa0042I09.11",""
"Os03g0839200",71.8144709680124,-4.13199601597773,0.452484367944226,-9.13179837515855,6.73706980511211e-20,8.09134166559684e-19,"","OSJNBa0042I09.8",""
"Os03g0840800",18.9986014115292,-5.54259171665906,0.853665402898445,-6.49269807332045,8.43125566145401e-11,5.18751481310767e-10,"","OsPLDdelta2",""
"Os03g0841100",561.774481247376,-1.58004426387197,0.207264606799174,-7.62331923560367,2.47234432821362e-14,2.03783351364434e-13,"","OsWAK28",""
"Os03g0841600",19.4433886662006,-2.66502661800544,0.775500269742137,-3.43652571377131,0.000589226419056642,0.00157949399382954,"","Os03g0841600",""
"Os03g0841700",291.915178642943,-1.03768720799615,0.167558221717391,-6.19299487282901,5.9031650149571e-10,3.35388029295098e-09,"","Os03g0841700",""
"Os03g0843200",741.924142706073,-3.1760291955413,0.269242217518793,-11.7961782695524,4.08443494848892e-32,9.19164802168119e-31,"","Os03g0843200",""
"Os03g0843800",538.101697455376,-6.27705513671302,0.255431639696603,-24.5743054547542,2.37840764553183e-133,8.29997270892144e-131,"","OsHOL1",""
"Os03g0844800",9.06606227457936,-3.17943609617069,0.736345834904336,-4.31785710661859,1.57551371504164e-05,5.37027147029669e-05,"","OSJNBa0032G11.19",""
"Os03g0844850",4.78857172793835,-2.79663228393711,0.962800252787265,-2.90468586380298,0.00367621861416352,0.00840739049318161,"","OSJNBa0032G11.20",""
"Os03g0844900",4405.97935907303,-3.30534243809179,0.125420492357158,-26.3540859708891,4.60778012573413e-153,2.59470382216624e-150,"","OSJNBa0032G11.21",""
"Os03g0845000",870.512309480584,-2.4026994593685,0.215802889219859,-11.1337687278164,8.59241713096346e-29,1.64397157725005e-27,"","OSJNBa0032G11.22",""
"Os03g0845600",7.19840808072727,-5.10476780644601,1.26299232067737,-4.0418043109781,5.30414892402751e-05,0.00016752185836919,"","OSJNBa0032G11.29",""
"Os03g0846900",609.064480565388,-1.56903808779862,0.208033255912856,-7.54224645917134,4.6194364483022e-14,3.73063158016896e-13,"","Os03g0846900",""
"Os03g0850400",725.863289775293,-2.45430839430245,0.357112247945499,-6.87265252990432,6.30189384487793e-12,4.27786366560385e-11,"","Os03g0850400",""
"Os03g0850700",712.137985488067,-1.09421538160713,0.21364958157196,-5.12154235714516,3.03046647105355e-07,1.2901351847645e-06,"","Os03g0850700",""
"Os03g0851200",2210.96556086825,-2.96228672504939,0.147469484662695,-20.0874555968307,9.50076394308557e-90,1.21340426916408e-87,"","OsGRX11",""
"Os03g0851700",1280.29202664824,-1.8296687449368,0.191189195780568,-9.5699379740932,1.06969828890763e-21,1.4127886196303e-20,"","Xbos251",""
"Os03g0851800",612.331068046883,-2.80525478501641,0.172180457781849,-16.292527161071,1.11523990172209e-59,6.89084764213671e-58,"","PANC",""
"Os03g0854000",449.38096405693,-1.10274925146754,0.164101935015767,-6.71990401186668,1.81844311665133e-11,1.1853608287627e-10,"","Os03g0854000",""
"Os03g0856700",195.935018577952,-2.74664900058392,0.261030905201572,-10.5223134343534,6.81786582426937e-26,1.13145520112473e-24,"","GA20OX1","20ox1"
"Os03g0857400",43752.2415516194,-1.79605546586866,0.130333270340334,-13.780483380634,3.34028090470442e-43,1.14947416633141e-41,"","Os03g0857400",""
"Os03g0857500",203.186589942282,-2.76626356755983,0.363649390867297,-7.60695229259794,2.80634841750501e-14,2.29860809059576e-13,"","Os03g0857500",""
"Os03g0857600",1098.02635540421,-4.21650096545206,0.322306042029392,-13.0822895497179,4.15726748337164e-39,1.26386032436195e-37,"","Os03g0857600",""
"Os03g0858800",108.055488796169,-1.19710132145131,0.343793937549206,-3.48203150406039,0.000497625143225395,0.00134986404354014,"","Os03g0858800",""
"Os04g0101400",10.3492595274332,-2.1267755308086,0.684391138399256,-3.10754393428147,0.00188648942764213,0.00458520193728556,"","CYP93G1",""
"Os04g0101700",23.2440380861785,-7.56730105880544,1.08774763721386,-6.95685359353041,3.47956225480295e-12,2.41560980631137e-11,"","Os04g0101700",""
"Os04g0103400",10.2335037911601,-2.87814235988,0.840626974685338,-3.42380442997008,0.000617510433659981,0.00165049147948148,"","Os04g0103400",""
"Os04g0103700",33.1924528801773,-1.66480426064103,0.534130274005744,-3.11685059181485,0.00182794186983303,0.00445250842595881,"","Os04g0103700",""
"Os04g0104900",29.0658839970547,-5.55184053589579,0.886714628284682,-6.26113561094129,3.82183979665956e-10,2.21143682022031e-09,"","OsCOMTL2",""
"Os04g0106500",25.4122542677803,-2.75899148899908,0.578422311739842,-4.76985661341501,1.84357099240478e-06,7.12163368862071e-06,"","Os04g0106500",""
"Os04g0107300",81.1998181506042,-1.12077625255799,0.360266646333177,-3.11096312679883,0.00186478223189142,0.00453600131156232,"","Os04g0107300",""
"Os04g0111100",5.50578453974578,-3.34444601578129,1.01860842898571,-3.28334806645137,0.00102581923310311,0.00263058612488055,"","Os04g0111100",""
"Os04g0111200",1316.24512513731,-4.22785512602201,0.229725332116288,-18.4039569649283,1.22113164822298e-75,1.14605980484928e-73,"","Os04g0111200",""
"Os04g0111225",39.0510720438886,-4.85692751577009,0.586104514802476,-8.28679423738432,1.16341651331806e-16,1.13981696126855e-15,"","Os04g0111225",""
"Os04g0112100",35.3164061702685,-1.30528733433512,0.359066668349994,-3.63522278559927,0.000277740511476108,0.000785568111055198,"","Os04g0112100",""
"Os04g0116600",2.98501506946742,-5.32995230659229,1.68854996656886,-3.15652625751003,0.00159660511629636,0.00393231460899353,"","Os04g0116600",""
"Os04g0120100",188.424093578014,-9.86944090533506,1.08113075127321,-9.12881341476245,6.92541655822564e-20,8.30949375608507e-19,"","OsSLPP1",""
"Os04g0121100",136.538287326224,-6.69610652932858,0.4445191335075,-15.0637082289184,2.80596571483496e-51,1.28747060215677e-49,"","OsSub34",""
"Os04g0122000",32.979583094437,-2.5033962938366,0.403815259005479,-6.19936032135585,5.66931054566689e-10,3.2284189241551e-09,"","Os04g0122000",""
"Os04g0127200",45.3692997743311,-6.23079093861706,0.719007003892667,-8.6658278777312,4.48243724655709e-18,4.84349531870672e-17,"","OsSub37",""
"Os04g0128900",8.47215338340642,-3.06298258598465,0.924356849789478,-3.31363648863774,0.000920911480142622,0.00238028622402397,"","YUCCA7",""
"Os04g0140400",7.42478099285942,-6.64402625460583,1.31753811519243,-5.04275829138763,4.58868734878326e-07,1.91371665444879e-06,"","Os04g0140400",""
"Os04g0140666",19.0498389933911,-8.01052079580531,1.1083622815028,-7.22734879153776,4.92514023462332e-13,3.66787495020324e-12,"","Os04g0140666",""
"Os04g0150500",16.3907112406591,-1.2980356685398,0.544367360928924,-2.38448474633894,0.017103057026146,0.0336132659583421,"","Os04g0150500",""
"Os04g0154800",11.069592934822,-7.22239206928133,1.23192131593996,-5.86270565808873,4.55385050016684e-09,2.35800948469454e-08,"","Os04g0154800",""
"Os04g0162500",34.6631081951992,-1.47066956518789,0.385056732001798,-3.81935814377874,0.000133799379044963,0.000398455194062145,"","Os04g0162500",""
"Os04g0165700",2307.73299788174,-2.20395134005433,0.159417431956424,-13.8250335173933,1.80028597714458e-43,6.24729490976348e-42,"","OsCAS",""
"Os04g0171600",153.093966016785,-9.57092300492604,1.05091877995828,-9.10719571050583,8.45388020618478e-20,1.00751221678038e-18,"","Os04g0171600",""
"Os04g0171800",70.9138922619546,-6.11336850045605,0.558296431143024,-10.950040443461,6.64179547566012e-28,1.21180976804441e-26,"","Os04g0171800",""
"Os04g0172400",14.7022059303253,-5.14703743507266,0.89389828537166,-5.75796767854035,8.51326501635868e-09,4.29599118758287e-08,"","OsAT19",""
"Os04g0174100",17.7134067654339,-4.6007554381725,0.77303326746019,-5.95156202434643,2.65595330888523e-09,1.41337102951567e-08,"","Os04g0174100",""
"Os04g0178300",15.0068026890655,-6.20839412130384,1.1861124401673,-5.23423742223641,1.65667394621602e-07,7.27920027760142e-07,"","OsCPS4",""
"Os04g0178400",87.0889240139175,-7.16106990766746,0.640469012629356,-11.1809779496883,5.05300619448621e-29,9.88147864883858e-28,"","CYP99A3",""
"Os04g0179100",26.3381944631968,-8.47412397946905,1.08689108924459,-7.7966634038363,6.35654955526001e-15,5.47051852485854e-14,"","OsSDR110C-MS2",""
"Os04g0179200",6.22874706116045,-6.39167121210094,1.30495543131821,-4.89799962412842,9.68172201311213e-07,3.87472179484541e-06,"","OsMAS",""
"Os04g0179700",1.98309192101697,-4.74454999991422,1.63797966329997,-2.89658663426601,0.00377246465163193,0.0086092250781509,"","OsKS4",""
"Os04g0183300",11.948933839439,-3.42951972822479,0.749301408023494,-4.5769562041411,4.71790182163393e-06,1.73178449532776e-05,"","Os04g0183300",""
"Os04g0186400",76.4743161521657,-1.01054893077764,0.342338076314008,-2.95190339812134,0.00315821718025784,0.00731797877819588,"","PT4",""
"Os04g0188433",731.159084462291,-1.6763329544217,0.203554311789323,-8.23531046670577,1.79092574369929e-16,1.72862357427492e-15,"","Os04g0188433",""
"Os04g0189400",7.7855927807815,-6.71776448793213,1.19369110417051,-5.62772434548741,1.82602588445407e-08,8.90093317708409e-08,"","DEFL9",""
"Os04g0190000",4.98879428072308,-4.58971657235405,1.28394271746649,-3.57470509386166,0.000350622876359252,0.000975014927895979,"","Os04g0190000",""
"Os04g0191000",10.1691056278163,-3.34786456880151,0.72602144262976,-4.61124750899235,4.00259617399608e-06,1.48217494250636e-05,"","Os04g0191000",""
"Os04g0191500",3244.79112031133,-2.53998174524577,0.137229772713738,-18.50896999257,1.74811337424562e-76,1.67879864626681e-74,"","Os04g0191500",""
"Os04g0193950",7.48061486637939,-3.26111648747577,0.846067656208703,-3.85443937437474,0.000115995121381193,0.00034840721571849,"","Os04g0193950",""
"Os04g0200400",323.08269192333,-2.05386639498476,0.202053736678233,-10.1649513082527,2.84264024288378e-24,4.32629590282133e-23,"","Os04g0200400",""
"Os04g0202500",40.4003459141101,-1.32100324172299,0.36806953264818,-3.58900458893911,0.000331942998673761,0.000926188252042767,"","OsRLCK135",""
"Os04g0208200",43.8139760414454,-6.17708055794801,0.766224804150813,-8.06170790150014,7.52358037112918e-16,6.94270952906769e-15,"","OsSAG12",""
"Os04g0209300",1039.0477377853,-2.39500781348686,0.19928051522806,-12.0182738926882,2.84859903755418e-33,6.72187984318857e-32,"","OsABCC10",""
"Os04g0219000",25.608442809494,-1.00789120681542,0.427087631387301,-2.35991663711147,0.0182790421326475,0.0356866934773152,"","Os04g0219000",""
"Os04g0226340",3.78078065843412,-4.91330178156983,1.34330979499698,-3.65760884039477,0.000254579166304087,0.00072427465880312,"","Os04g0226340",""
"Os04g0227000",66.125879594026,-2.1621662196527,0.278497640499878,-7.76367877218567,8.25006955953983e-15,7.03413535707909e-14,"","Os04g0227000",""
"Os04g0227500",272.785347835071,-3.67028952174573,0.250075103071385,-14.6767490112681,9.08425959956213e-49,3.78286890921598e-47,"","Os04g0227500",""
"Os04g0228400",32.0639038111348,-2.71895665772,0.627696463402412,-4.33164246773348,1.48001133532974e-05,5.06425091223105e-05,"","OsEXP1",""
"Os04g0229100",33.1234268652248,-2.09343469976468,0.422087638929142,-4.95971572414637,7.05964121912552e-07,2.87550107654567e-06,"","OsCAD6",""
"Os04g0234600",51318.9060575089,-3.13543554295614,0.189146512571267,-16.5767557663785,1.02621303640733e-61,6.7803947741505e-60,"","Os04g0234600",""
"Os04g0247700",23.1780123467686,-1.90410853227631,0.549299225534731,-3.46643221719946,0.000527414698957707,0.00142365769648928,"","Os04g0247700",""
"Os04g0253000",2085.88557842167,-1.73995182851925,0.296751827277638,-5.86332304835776,4.53694308263136e-09,2.34974579344392e-08,"","H1",""
"Os04g0259200",37.6732468553021,-1.0743243746477,0.405822087418119,-2.64727920917922,0.00811423269828918,0.0171629113509912,"","Os04g0259200",""
"Os04g0266400",948.536631238755,-1.10584892466794,0.164665226101164,-6.71574048055871,1.87113557102822e-11,1.21746654525646e-10,"","Os04g0266400",""
"Os04g0267600",3.89027518187466,-4.20864780898971,1.33917368456435,-3.14271991564622,0.00167385921863564,0.00410869921340749,"","OsFbox194",""
"Os04g0268700",12.724212653363,-3.26147062221098,0.778041940497677,-4.19189564527173,2.76633243689639e-05,9.13600877754147e-05,"","Os04g0268700",""
"Os04g0271000",1752.28584376216,-1.40549653941348,0.139466432975984,-10.0776689374102,6.93518832642981e-24,1.02525752484458e-22,"","osSRT701",""
"Os04g0271200",60.1555726877627,-1.44549231411197,0.339767929767791,-4.25435183096849,2.09655431862443e-05,7.0340320044086e-05,"","OsPAS2",""
"Os04g0271450",98.9626510667828,-1.92849626071,0.320986590688199,-6.00802748979413,1.87794005986116e-09,1.01504626664878e-08,"","Os04g0271450",""
"Os04g0272400",2.09218726612119,-4.82797196618366,1.56072861775054,-3.09340900863481,0.00197871220858707,0.00478634700694735,"","Os04g0272400",""
"Os04g0278900",671.659545463899,-1.01742662927823,0.133680519532944,-7.61088177120299,2.72232175988135e-14,2.23347570346292e-13,"","Os04g0278900",""
"Os04g0280500",6.00783412025997,-1.95903269524644,0.882305678581173,-2.22035598637055,0.0263946122629451,0.049394207555815,"","Os04g0280500",""
"Os04g0282200",404.696484481129,-2.33852100821757,0.225697534638124,-10.3613050624017,3.71853317500165e-25,5.93265270296303e-24,"","Os04g0282200",""
"Os04g0282400",4305.59675703111,-4.89945397753267,0.621010478259486,-7.88948681069672,3.03431697019031e-15,2.67358718244685e-14,"","Os04g0282400",""
"Os04g0284900",250.784442047981,-1.83550674864561,0.173035176196529,-10.6077087271602,2.74395452492004e-26,4.61867943369183e-25,"","Os04g0284900",""
"Os04g0288500",42.9795960442546,-3.37053016900156,0.500834805832964,-6.72982414510081,1.69868261701677e-11,1.11050815835948e-10,"","Os04g0288500",""
"Os04g0291000",28.660169699048,-1.06580594627406,0.364503463367542,-2.92399401758049,0.00345571388167348,0.00795154372643238,"","Os04g0291000",""
"Os04g0295400",661.12357542979,-2.19417903342148,0.250878537282061,-8.74598145059567,2.21085432702211e-18,2.43351122437258e-17,"","Os04g0295400",""
"Os04g0295500",7.95316736392973,-6.74281459665532,1.20032600203343,-5.6174860706446,1.9375578866976e-08,9.4149581797816e-08,"","Os04g0295500",""
"Os04g0300600",291.400076650821,-3.21430627412633,0.323229009557436,-9.9443619820119,2.66878666987134e-23,3.83108501271159e-22,"","OsbHLH007",""
"Os04g0304200",17858.5698131784,-1.36498608369801,0.104962798358047,-13.0044749668526,1.15388666045635e-38,3.41167658545667e-37,"","PHOT2",""
"Os04g0306400",2379.34507541808,-1.30214150034528,0.310287146571683,-4.19656925764553,2.70988620234414e-05,8.95927162823556e-05,"","OsRPI",""
"Os04g0306750",898.254828683986,-1.30102216307513,0.155784493768543,-8.35142273535985,6.74455594157289e-17,6.73830090985288e-16,"","Os04g0306750",""
"Os04g0307500",134.312517667214,-2.3575408332767,0.332627059107956,-7.08763995208085,1.36418321534456e-12,9.77736983702405e-12,"","OsWAK32",""
"Os04g0308000",14.9926528918466,-2.61472010172073,0.525502398190089,-4.97565779095628,6.5026438662543e-07,2.66005965225037e-06,"","OsWAK35",""
"Os04g0312500",123.241704162858,-1.01740986275989,0.303893543421058,-3.34791536307904,0.000814218733403501,0.00212647808132587,"","Os04g0312500",""
"Os04g0314100",3.00974633181085,-5.34998737956107,1.43471879874931,-3.72894492232542,0.000192283169776431,0.00055780354730718,"","Os04g0314100",""
"Os04g0317500",2.377413650649,-3.4145328827426,1.50053056325995,-2.27555037287906,0.0228729344993536,0.0435471567612174,"","Os04g0317500",""
"Os04g0320100",7920.40053059018,-1.08222567031816,0.1725497020751,-6.27196487332755,3.56520025194355e-10,2.07067432354443e-09,"","OsHCAR",""
"Os04g0321100",58.1903628528085,-2.13055348576102,0.394979687443468,-5.39408367947013,6.88741173098329e-08,3.15316704468908e-07,"","Os04g0321100",""
"Os04g0321800",2055.65633718523,-1.69855717171498,0.145731071589814,-11.6554222320952,2.15310501623118e-31,4.7377871214174e-30,"","OsPP2C38",""
"Os04g0338100",1304.97203207684,-3.53837034275144,0.250722117703716,-14.1127171992573,3.17119594780644e-45,1.17623835327545e-43,"","Os04g0338100",""
"Os04g0338950",79.0169066418369,-10.059952774097,1.10634972582348,-9.09292291513802,9.64116034628184e-20,1.1462525427055e-18,"","Os04g0338950",""
"Os04g0340800",1271.58608183561,-1.01843738559078,0.188158793869287,-5.41264835221191,6.20993678719752e-08,2.85355348249987e-07,"","Os04g0340800",""
"Os04g0347800",416.136928490917,-1.30044263682274,0.15532252023598,-8.37253113616099,5.63936167984856e-17,5.67301925869297e-16,"","OsSTA121",""
"Os04g0350100",6.14772205240222,-4.8738412767065,1.38308972686234,-3.52387931313989,0.000425277906009173,0.00116573854156315,"","Os04g0350100",""
"Os04g0364800",1341.37512476857,-5.18814019203696,0.2565039837058,-20.2263532795169,5.73938835381861e-91,7.604536109228e-89,"","Os04g0364800",""
"Os04g0365100",5.05306979866088,-6.09989930128027,1.33486301665886,-4.56968185136194,4.88465162307328e-06,1.78928168635255e-05,"","OsWAK37",""
"Os04g0366000",2.55952114285156,-5.11972525896132,2.10951769467265,-2.42696483271537,0.0152257316587829,0.0302961735712868,"","Os04g0366000",""
"Os04g0367000",91.3277557050433,-8.82108925841442,1.11362781420975,-7.92103891969873,2.35534194803973e-15,2.09620357207545e-14,"","Os04g0367000",""
"Os04g0367900",1.69944488310566,-4.51853741163703,1.63174048056434,-2.76915199779458,0.00562024087638804,0.0123297953067351,"","Os04g0367900",""
"Os04g0368000",6.24937714789893,-6.39882557943714,1.56698898820923,-4.08351662174077,4.43592547804597e-05,0.000141946177927864,"","OsWAK43",""
"Os04g0368800",11.0900964512668,-4.70429748745356,1.16008705235182,-4.05512455114178,5.01075960648153e-05,0.000159025990482635,"","OsWAK45",""
"Os04g0369000",12.8539100000771,-2.68133847842734,0.682298728262469,-3.92985999732931,8.49953357388395e-05,0.000260828515432404,"","OsRLCK144",""
"Os04g0369600",5.24385160248631,-4.67312555483759,1.3286553040002,-3.51718428456814,0.000436150859557115,0.0011939575568718,"","Os04g0369600",""
"Os04g0370100",28.8782923870669,-2.76253503205571,0.567450572668149,-4.86832715502654,1.12546899495235e-06,4.46100548519188e-06,"","OsWAK46",""
"Os04g0370900",123.726102195598,-1.28913549552195,0.455845728628793,-2.8280082812221,0.00468385948894572,0.0104730607849118,"","Os04g0370900",""
"Os04g0371000",4.83347357973895,-4.50555705880143,1.39458018356836,-3.23076228379563,0.00123460572911047,0.00311061888856722,"","Os04g0371000",""
"Os04g0374400",5.82765176302152,-6.30456936251449,1.262096128575,-4.99531629942708,5.87394141681687e-07,2.41557919476301e-06,"","Os04g0374400",""
"Os04g0378575",44.4452530080172,-1.08778325506911,0.307675510096369,-3.53548858902809,0.000407021823738474,0.00111916321460084,"","Os04g0378575",""
"Os04g0379700",871.202550525741,-1.41640601086528,0.20446100496112,-6.9275117332746,4.28307029972703e-12,2.95438844143476e-11,"","RVDE1",""
"Os04g0380200",10.2589509000573,-2.73600344841442,0.817342929414248,-3.34743636967067,0.000815627097376487,0.00212925851772176,"","Os04g0380200",""
"Os04g0380300",118.807019368358,-3.75463327498626,0.336710231511945,-11.150933127653,7.08593423585843e-29,1.36735352462511e-27,"","OsFbox203",""
"Os04g0385900",915.223854039423,-1.41422483258224,0.119456915301732,-11.8387857999689,2.45988371404639e-32,5.59160906265388e-31,"","Os04g0385900",""
"Os04g0387600",182.390624652075,-1.25200136080481,0.187084374509226,-6.69217492956941,2.19877795405463e-11,1.42280285629698e-10,"","Os04g0387600",""
"Os04g0387900",569.056173567492,-3.23357723837882,0.285378436870488,-11.3308394069251,9.23157518257558e-30,1.86566670716701e-28,"","Os04g0387900",""
"Os04g0391900",580.933056862251,-1.0685580109943,0.178554300412734,-5.9844988808687,2.17057082066918e-09,1.16634641560877e-08,"","Os04g0391900",""
"Os04g0394300",2169.87225306575,-1.02356321178384,0.13048233135405,-7.8444583351788,4.34826233456289e-15,3.78821715413026e-14,"","OsC3H27",""
"Os04g0394766",16.2171891019218,-5.28742232371926,0.978740165547823,-5.40227376972904,6.58014193182595e-08,3.01587197419063e-07,"","Os04g0394766",""
"Os04g0397500",251.572425108965,-1.40147503469477,0.187163958481358,-7.48795358928235,6.99557533945536e-14,5.56970983887164e-13,"","Os04g0397500",""
"Os04g0400000",225.516615318978,-3.35431372641753,0.186650230447483,-17.971120198329,3.28023799159269e-72,2.86177664498916e-70,"","Os04g0400000",""
"Os04g0401000",147.621493616533,-2.50598552743971,0.444335903152297,-5.6398447878311,1.70203516172179e-08,8.32438318238864e-08,"","PI21","rMg40"
"Os04g0401100",3.60862302099104,-5.61033876733852,1.52830726945296,-3.67094947428123,0.000241651111232071,0.000690587033794352,"","Os04g0401100",""
"Os04g0403400",85.8137088591193,-1.16007627687437,0.268931842167763,-4.31364418405576,1.60585325870196e-05,5.46616653260868e-05,"","Os04g0403400",""
"Os04g0403500",3506.20631150696,-5.87889006155853,0.213688257221543,-27.5115260800857,1.27810503448593e-166,8.5588130917454e-164,"","Os04g0403500",""
"Os04g0403600",53.1417169555702,-1.61404355607697,0.309134517337557,-5.22116899134406,1.77797199173067e-07,7.78043306942966e-07,"","Os04g0403600",""
"Os04g0403701",7163.17092673752,-1.41628719191563,0.182950609102372,-7.74136363286514,9.83561511686834e-15,8.35437215463308e-14,"","OsPP2C39",""
"Os04g0403900",4064.11285975791,-2.18928709069239,0.196342658478194,-11.1503384321117,7.13345341087434e-29,1.37545194678003e-27,"","Os04g0403900",""
"Os04g0404800",3294.94192998896,-3.95385363028823,0.186200795260124,-21.2343541538835,4.5997124838885e-100,7.70047812252063e-98,"","Os04g0404800",""
"Os04g0405000",483.791644484344,-1.12799243587707,0.139843332191587,-8.06611526055251,7.25703016457341e-16,6.71173708053884e-15,"","ClpD2",""
"Os04g0405500",19.1081349731017,-2.85660954659591,0.585798682677377,-4.87643559309463,1.08019935406307e-06,4.29393540760799e-06,"","Os04g0405500",""
"Os04g0410600",7.3077102123512,-3.4811949688421,0.907159998203527,-3.83746524949954,0.000124310819013486,0.000371941693357944,"","OsPAP21a",""
"Os04g0412000",176.876448656304,-2.28307387354995,0.252732897254082,-9.03354449838275,1.66199359440227e-19,1.94425001362158e-18,"","Os04g0412000",""
"Os04g0412100",573.088775185724,-2.10306974544075,0.198914928594852,-10.5727094507032,3.98803328706986e-26,6.67645275363041e-25,"","Os04g0412100",""
"Os04g0412300",367.811038741972,-4.5055207759328,0.584081033142087,-7.71386249557731,1.22065986261655e-14,1.02766868556066e-13,"","OSJNBa0073L04.8",""
"Os04g0412500",2572.1093605348,-5.44815604945135,0.316554931988374,-17.2107760736182,2.20457469649239e-66,1.65023405604205e-64,"","OsalphaCA2",""
"Os04g0413100",394.914210961446,-7.93463492734576,0.400036232068282,-19.8347906796387,1.49135890015571e-87,1.86623229642212e-85,"","Os04g0413100",""
"Os04g0414700",56254.5448735832,-2.89041250882272,0.193243287036497,-14.9573760266084,1.3941557121708e-50,6.23519784845775e-49,"","Os04g0414700",""
"Os04g0415000",91.9474981549492,-1.34115033654882,0.282092936048829,-4.75428543278612,1.99149516353732e-06,7.66318926338939e-06,"","Os04g0415000",""
"Os04g0416700",137.241904219182,-2.46315824260326,0.361945419093557,-6.80533061800287,1.00817434254343e-11,6.71132071069282e-11,"","OJ991214_12.17",""
"Os04g0417600",92.7690048031746,-1.58521632594558,0.309309823692541,-5.12501124930746,2.97519982188838e-07,1.26813222065936e-06,"","OsVQ15",""
"Os04g0417750",5.30169614097692,-3.56513265721505,1.1808725242032,-3.01906648189705,0.00253554884512225,0.00599058775012817,"","Os04g0417750",""
"Os04g0417800",593.978198666691,-1.8418436189597,0.139050070828066,-13.2459020552181,4.76521676373886e-40,1.49832202734972e-38,"","OsWD40-100",""
"Os04g0418100",7.08835248554489,-6.57499729623841,1.23523133041502,-5.32288740929955,1.02132964735469e-07,4.58931531964222e-07,"","Os04g0418100",""
"Os04g0418500",300.28061294186,-1.02244017825633,0.188395027213205,-5.42710810036002,5.72744428491308e-08,2.64114809319359e-07,"","OsPUB46",""
"Os04g0419550",148.47203706558,-4.2688129870677,0.257353471031197,-16.5873534557854,8.60285781283872e-62,5.69927828953756e-60,"","Os04g0419550",""
"Os04g0419600",1.65610925935189,-4.4866593124982,1.89613063053302,-2.36621846630734,0.0179708364612236,0.0351478359623234,"","Os04g0419600",""
"Os04g0419700",25.7077666739572,-1.34652710841567,0.371087897213786,-3.62859343709592,0.000284969611275936,0.00080482070655236,"","Os04g0419700",""
"Os04g0419900",66.7938754562962,-2.99575591800029,0.515944594843199,-5.80635197643796,6.3848667856508e-09,3.25845199481091e-08,"","YK18",""
"Os04g0420033",35.2418797884423,-1.01722558791738,0.397795270134423,-2.55715857952166,0.0105531096329887,0.0217775185159627,"","Os04g0420033",""
"Os04g0420300",6.03027261639409,-3.22216455476659,1.07700006269192,-2.99179606982837,0.00277341461847642,0.00650297094747707,"","OsRLCK150",""
"Os04g0420500",17.3086294325856,-4.35790619523061,0.858755229792127,-5.074677910591,3.88152915660833e-07,1.63281235845984e-06,"","Os04g0420500",""
"Os04g0420600",51.3623905383163,-4.15611267766082,0.415403835126305,-10.0049935176866,1.449011807257e-23,2.09954184493606e-22,"","Os04g0420600",""
"Os04g0422700",2.3349043692252,-4.19712285893968,1.67838747416358,-2.50068766810316,0.0123952440575578,0.0252169276635281,"","Os04g0422700",""
"Os04g0432100",4.40912711216688,-5.90610142062761,1.34393949372741,-4.39461854361244,1.10967436515105e-05,3.86211571082282e-05,"","OSJNBa0084A10.13",""
"Os04g0435700",3443.50788405815,-1.45863586209387,0.109138678977537,-13.3649763379864,9.68658076138421e-41,3.11289768514678e-39,"","Os04g0435700",""
"Os04g0437300",9.50843158796622,-3.43586612955305,0.696215370412636,-4.93506215974041,8.01252369231776e-07,3.23701776495283e-06,"","OsPUB38",""
"Os04g0437500",26.9158076787734,-4.67212069846076,0.662134013256466,-7.05615571005427,1.71172011532649e-12,1.21766549806042e-11,"","Os04g0437500",""
"Os04g0442000",1193.20393341226,-2.57871193231376,0.25496635857836,-10.1139301149066,4.79224107757341e-24,7.17013026443456e-23,"","OsARF9",""
"Os04g0442200",2438.15310541171,-2.99954866376558,0.213928406885761,-14.0212733195707,1.15523158973564e-44,4.18467442966082e-43,"","Os04g0442200",""
"Os04g0444800",31628.1188936055,-5.49236285370979,0.250111851858516,-21.9596265146873,7.00725877019296e-107,1.38895080439257e-104,"","OsFRO7",""
"Os04g0444900",729.675193465008,-2.43316517228571,0.222500052108209,-10.9355712469784,7.79137209043618e-28,1.41633768367379e-26,"","Os04g0444900",""
"Os04g0445200",15759.0244938658,-1.78927405120349,0.160318493261627,-11.1607464291942,6.34565324162745e-29,1.2292904641736e-27,"","Os04g0445200",""
"Os04g0447100",431.222196799798,-3.12149775621349,0.210073293421122,-14.8590889654689,6.07456364912191e-50,2.64051690411041e-48,"","SPH",""
"Os04g0447700",7.7245921433281,-3.53823206072592,0.990872634052669,-3.5708242806692,0.000355859580245457,0.00098835700254923,"","Os04g0447700",""
"Os04g0447800",11.1849792941384,-3.06335705700266,0.683981260548634,-4.47871489131952,7.50937506620602e-06,2.67904659489397e-05,"","OsGAD2",""
"Os04g0447950",8.01137062845697,-5.28243466008347,1.2106869558247,-4.36317136702376,1.28190449468007e-05,4.42179418971016e-05,"","Os04g0447950",""
"Os04g0448300",141.674880703467,-3.4097160972818,0.338742613704308,-10.065802055416,7.82469204560467e-24,1.1519453048957e-22,"","Os04g0448300",""
"Os04g0448600",4408.45885987449,-2.5203257261684,0.133189497591349,-18.9228563193567,7.3936863836642e-80,7.53882170897317e-78,"","Os04g0448600",""
"Os04g0448900",21767.3791502824,-1.48533380427201,0.20052557280451,-7.40720389673215,1.28990066410415e-13,1.00565980977056e-12,"","OsABA1",""
"Os04g0449500",16.0894348970593,-1.24931032423074,0.504904288754596,-2.47435078698243,0.0133478565249844,0.0269579264036143,"","Os04g0449500",""
"Os04g0450000",36.745670283869,-2.83718835585064,0.383563062142285,-7.39692800449635,1.393710625406e-13,1.08352582885737e-12,"","Os04g0450000",""
"Os04g0450100",2806.29183789114,-3.04422778944708,0.154733322485788,-19.6740284545153,3.6001026726239e-86,4.24760685331439e-84,"","Os04g0450100",""
"Os04g0450400",90.5789453107027,-2.69629603045334,0.271125262275924,-9.94483512093136,2.65613511288662e-23,3.81513389518793e-22,"","Os04g0450400",""
"Os04g0452100",5522.2987494412,-1.66284559516149,0.13493213531454,-12.3235698544696,6.7632714147088e-35,1.72046792445832e-33,"","OsCRY1b",""
"Os04g0452700",75.473219817421,-4.15660735141874,0.462060913304259,-8.99579954013919,2.34518924348652e-19,2.72290318115584e-18,"","OsMST1",""
"Os04g0453200",111.824811939712,-5.08185712745322,0.429085949825306,-11.8434479840745,2.32686137131114e-32,5.30383111287728e-31,"","Os04g0453200",""
"Os04g0455700",31.4779630103105,-1.59709867854537,0.524130429195452,-3.04713977587018,0.00231030251613214,0.00550248634453581,"","Os04g0455700",""
"Os04g0457000",2829.25179668807,-4.44544430109332,0.510894084655131,-8.70130313623446,3.28094554917964e-18,3.58114484017727e-17,"","CP24",""
"Os04g0457500",567.780798640806,-1.47003100976384,0.249093641305186,-5.90151961351265,3.6016859684411e-09,1.88586164919833e-08,"","Os04g0457500",""
"Os04g0458900",165.774438152189,-11.1295987758017,1.03723143028744,-10.7301017408597,7.35151902788581e-27,1.27021329814454e-25,"","OsPME14",""
"Os04g0459500",136621.971508876,-5.1310608964742,0.340727070284318,-15.0591524535829,3.00616183037328e-51,1.37677766490127e-49,"","Os04g0459500",""
"Os04g0459900",1236.38905754208,-2.0727332819711,0.145755526231813,-14.2206154068874,6.82500910196782e-46,2.56217046241601e-44,"","OsDegp5",""
"Os04g0460350",109.674903487696,-1.35657914751084,0.32362872149986,-4.19177612303311,2.76779054132374e-05,9.1387988062871e-05,"","Os04g0460350",""
"Os04g0461600",68.596643830202,-1.75761563039364,0.306035429794835,-5.74317696343831,9.29165323634535e-09,4.67450339567368e-08,"","Os04g0461600",""
"Os04g0461800",3.57194099498546,-4.05429377131115,1.36493627025388,-2.97031726657616,0.00297492333604457,0.00692825223208725,"","dw2(fh2)",""
"Os04g0462300",408.762227166527,-2.44593264135227,0.227840345828308,-10.7352919978248,6.9498909460011e-27,1.20165699908632e-25,"","Os04g0462300",""
"Os04g0462500",257.347670366187,-1.29585546741824,0.282438375017154,-4.58809985484278,4.47298687204015e-06,1.6465190273145e-05,"","GF14B",""
"Os04g0462600",35.2601818857987,-1.0984808531614,0.326499278151438,-3.36442046481922,0.000767045887855865,0.00201303844544061,"","Os04g0462600",""
"Os04g0464100",3.38058765799079,-3.98381692871457,1.51669117139687,-2.62665004177843,0.00862299669016536,0.0181368411708173,"","Os04g0464100",""
"Os04g0465432",122.571599651416,-1.47169175199671,0.326257772708394,-4.51082510549748,6.45759478398691e-06,2.32887951421018e-05,"","OsTBL53",""
"Os04g0465500",951.056910137478,-1.72152675633361,0.139876848695729,-12.3074459596842,8.25957536787762e-35,2.0925102135982e-33,"","Os04g0465500",""
"Os04g0465600",4.93207320695878,-4.56831177002245,1.54006756974809,-2.96630606329156,0.00301400382582945,0.00701267469176226,"","Os04g0465600",""
"Os04g0468600",39.1578964518889,-6.27558672106072,0.794123404956399,-7.90253338699326,2.73291100046061e-15,2.41660727546083e-14,"","Os04g0468600",""
"Os04g0469000",65.0949333290279,-3.82191089469091,0.875582734791455,-4.36499115711916,1.27127901209501e-05,4.38963464577766e-05,"","Os04g0469000",""
"Os04g0470600",5.79425139963391,-4.77844866611516,1.30962340393553,-3.64871966380222,0.000263550501080647,0.000747908689185111,"","OsMYB80",""
"Os04g0470801",29.4117637885808,-2.67275690533554,0.405709373847531,-6.58786086204649,4.46208492783976e-11,2.80958267489417e-10,"","Os04g0470801",""
"Os04g0471700",20.0581056300211,-2.0787033910343,0.49126239841283,-4.23135049161135,2.32292375165573e-05,7.73070272596026e-05,"","OsWRKY35",""
"Os04g0472300",8.50231379503252,-2.48562847552758,0.908016585594818,-2.73742629260379,0.00619219944643169,0.0134688876787563,"","Os04g0472300",""
"Os04g0474500",59.7613265203431,-1.23272069938532,0.368212084082896,-3.34785508861193,0.000814395831672099,0.00212671643353073,"","Os4bglu10",""
"Os04g0474700",51.723666475839,-1.91667310365945,0.330350195399425,-5.80194330244609,6.55507287762574e-09,3.3411857784187e-08,"","Os4bglu11",""
"Os04g0474800",189.240697905819,-3.33512648247928,0.256598815203154,-12.9974352369429,1.26515470828942e-38,3.73620240849665e-37,"","Os4bglu12",""
"Os04g0477000",84.576950700291,-2.05004186855408,0.262791910321276,-7.80100828084016,6.14144820804317e-15,5.29091315197099e-14,"","Os04g0477000",""
"Os04g0477025",3.45875566861498,-2.92556895642171,1.03986176591217,-2.81342102606821,0.00490174249209691,0.0109168965147582,"","Os04g0477025",""
"Os04g0480100",1225.89090649013,-1.15583479533854,0.149910050339666,-7.71018882803155,1.2563171457489e-14,1.05697011613652e-13,"","Os04g0480100",""
"Os04g0480200",8.51067350283699,-6.85388569164887,1.22676636934767,-5.5869527099063,2.31088618797219e-08,1.11633509610815e-07,"","OsNAR2.2",""
"Os04g0480500",27.7549564053782,-4.22370249609818,0.597664177451601,-7.06701632028166,1.58300341206756e-12,1.13097103635519e-11,"","Os04g0480500",""
"Os04g0480900",23.0710783070459,-2.32766073446941,0.538633449862142,-4.32141883328107,1.5502908028411e-05,5.29157669403417e-05,"","Os04g0480900",""
"Os04g0481300",629.098666083366,-1.39660182033231,0.264775381843427,-5.27466643843112,1.32997767511867e-07,5.90447175352363e-07,"","Os04g0481300",""
"Os04g0482000",1696.61404865988,-1.86471583244698,0.170807470582718,-10.9170625036798,9.5535811694977e-28,1.72654325774358e-26,"","OsMSRA2.1",""
"Os04g0484300",5.58045171575143,-6.24597470539538,1.30930296326016,-4.77045793117501,1.83807572326059e-06,7.10372830997156e-06,"","Os04g0484300",""
"Os04g0485300",2169.04140475089,-1.00046221584961,0.166784489198209,-5.99853272123312,1.99108402711621e-09,1.07315834108894e-08,"","OsG6PDH2",""
"Os04g0486600",4948.66030897374,-1.05392839902744,0.120026339043724,-8.78080934088558,1.62302473781407e-18,1.79926997444381e-17,"","GAPDH",""
"Os04g0488650",31.1154279461104,-2.71298661822082,0.432055066881026,-6.27926120113734,3.40185657933054e-10,1.9795162157368e-09,"","Os04g0488650",""
"Os04g0488700",430.370403905307,-3.96521420775429,0.194020434557239,-20.4370957976826,7.82597446115588e-93,1.07724538457811e-90,"","OsOxi1",""
"Os04g0489800",283.714164815827,-10.4623503784788,1.03367227314922,-10.1215352779116,4.43405054462132e-24,6.6664120354419e-23,"","OsPUB27",""
"Os04g0490500",1644.03789416127,-1.0416491012656,0.182769519967496,-5.69924953269478,1.20335979330234e-08,5.96790344248438e-08,"","OsRLCK152",""
"Os04g0490800",25345.9394075946,-4.15095012478038,0.237416494558407,-17.4838320837864,1.90271386165933e-68,1.55077438652412e-66,"","Os4NPP1",""
"Os04g0490866",54.2541054849485,-7.48804248959103,0.948518663454258,-7.894459833106,2.91575277799375e-15,2.57186210681208e-14,"","Os04g0490866",""
"Os04g0491700",1230.7565967371,-1.25143844361911,0.163165662029413,-7.66974146431324,1.72343372520431e-14,1.43873037093623e-13,"","Os04g0491700",""
"Os04g0493000",38646.6016560341,-2.75317543532782,0.210453824212981,-13.0820879384049,4.16831032902892e-39,1.26566452233271e-37,"","OsBBX11",""
"Os04g0495800",1457.25564518128,-1.66703503361084,0.146564805699623,-11.374047307287,5.63144065631389e-30,1.15029023199909e-28,"","Os04g0495800",""
"Os04g0495900",38.3585363407919,-2.0454797686185,0.392115241355386,-5.21652706369713,1.82308949216367e-07,7.97223585374857e-07,"","Os04g0495900",""
"Os04g0496000",151.385827902809,-1.84254666082384,0.218001770026766,-8.45198027794736,2.86402986743241e-17,2.92747805385202e-16,"","Os04g0496000",""
"Os04g0496150",55.990652823607,-1.4137614625657,0.351702093815169,-4.01976982061606,5.82550294879329e-05,0.000182753211651369,"","Os04g0496150",""
"Os04g0497700",10570.590821845,-1.93053456210221,0.159832895141983,-12.0784558171663,1.37273492907048e-33,3.30216051821157e-32,"","OsBBX12",""
"Os04g0498400",208.031520329639,-1.81499839287687,0.227876084292119,-7.96484808186447,1.65426884900696e-15,1.48614283074131e-14,"","Os04g0498400",""
"Os04g0498600",186.897258285965,-2.07666801220803,0.324725263571879,-6.39515382747039,1.60385807893292e-10,9.624313785837e-10,"","SAMDC",""
"Os04g0499200",143.988458575606,-2.74273919382198,0.230494873843931,-11.8993500726576,1.19272416006683e-32,2.7490350245559e-31,"","Os04g0499200",""
"Os04g0500300",21.1338911465094,-8.1609181134848,1.10930639551537,-7.35677550086904,1.88405811417482e-13,1.45063107193628e-12,"","Os04g0500300",""
"Os04g0501100",259.347033948995,-1.66645651111886,0.176218334343247,-9.45677143828203,3.17598008632834e-21,4.10277677783928e-20,"","OsMRS2-9",""
"Os04g0501500",161.517197772425,-1.22590518531446,0.194754832935711,-6.29460725998588,3.08179120895348e-10,1.79707085865475e-09,"","OSJNBa0029H02.24",""
"Os04g0504700",2558.08447650716,-1.46975290913048,0.225980400998165,-6.50389548225649,7.82662853708138e-11,4.82989726683102e-10,"","Os04g0504700",""
"Os04g0506000",254.772637642304,-2.60111163425198,0.240080761669512,-10.834319318899,2.36719304124497e-27,4.1894244273519e-26,"","Os04g0506000",""
"Os04g0506800",1.82958995586192,-4.62802614596477,1.59928323400005,-2.89381270782747,0.00380595105640805,0.00867445950921002,"","STLP3",""
"Os04g0507100",1980.08457694946,-3.10068374650705,0.176625287927294,-17.5551518295807,5.43215440263689e-69,4.47151128352605e-67,"","Os04g0507100",""
"Os04g0508600",4.50914689107492,-2.43849649233865,0.994886584442772,-2.45102962535617,0.014244822872136,0.0285505861899525,"","Os04g0508600",""
"Os04g0508800",391.377514217174,-1.25957501881093,0.355349892804886,-3.54460503384065,0.000393201806701966,0.00108368867237537,"","OsRFP",""
"Os04g0509100",1465.85163000733,-1.5640919206112,0.196760538702568,-7.94921548255954,1.87696326647142e-15,1.68011267533824e-14,"","Os04g0509100",""
"Os04g0509400",195.042287299282,-1.57550148948728,0.212403313535869,-7.41749958256287,1.19352064646063e-13,9.33455210143783e-13,"","Os04g0509400",""
"Os04g0509500",9.96580979526778,-1.98158561078076,0.575192251324321,-3.44508398056191,0.000570881994325324,0.00153313929908937,"","Os04g0509500",""
"Os04g0509600",1137.74068141168,-4.39842059652277,0.219336149765334,-20.0533318435133,1.88769431846381e-89,2.39853344249117e-87,"","AMT1",""
"Os04g0513700",2.4291180004256,-5.03847203508881,1.56000161096136,-3.22978643078697,0.00123882720489637,0.00312062033913352,"","Os4bglu17",""
"Os04g0515400",148.673064901643,-1.59051948586443,0.241147656490176,-6.59562489229176,4.23468374737163e-11,2.67523608385076e-10,"","Os04g0515400",""
"Os04g0515900",20.2060373141302,-5.63497569691064,0.910730061486248,-6.18731711536429,6.11967797972231e-10,3.47211498290771e-09,"","ONAC008",""
"Os04g0516600",23.5148381385913,-2.82271270409307,0.488099713798273,-5.78306568165634,7.33514063512853e-09,3.72500060497191e-08,"","Os04g0516600",""
"Os04g0516701",3.31899236699632,-3.3373536402733,1.20887703555189,-2.76070563185915,0.00576766362270215,0.0126196928275955,"","Os04g0516701",""
"Os04g0518400",49.211817339176,-2.05466709967695,0.525129898770686,-3.91268351790075,9.12761241775127e-05,0.00027892803758587,"","OsPAL07",""
"Os04g0519700",110.541051450826,-1.06772973257315,0.23443909701957,-4.55440131849687,5.25349787390715e-06,1.91815379931915e-05,"","OsARF10",""
"Os04g0523100",54.7883232542533,-1.94762335344817,0.277076541335678,-7.02918891675,2.07737553846898e-12,1.46766848350858e-11,"","Os04g0523100",""
"Os04g0523812",9.91233953949762,-3.44346707654809,1.19929823918541,-2.87123499729889,0.00408871443691865,0.00925676878687256,"","Os04g0523812",""
"Os04g0524600",70.9160662459649,-2.39274284626788,0.283774956668878,-8.43183230245312,3.40294403628312e-17,3.46261783930131e-16,"","OsYSL12",""
"Os04g0525100",55.4658254320028,-4.98061953835806,0.443256685656318,-11.2364228211998,2.70106889387128e-29,5.36253076790454e-28,"","Os04g0525100",""
"Os04g0525200",19.1999550815306,-4.51187794122928,0.723252876428538,-6.23831316580334,4.42314487546218e-10,2.5421540380266e-09,"","Os04g0525200",""
"Os04g0526300",2.16102979674734,-4.86611649164926,1.56328352517607,-3.11275364531281,0.00185350665522792,0.00450990222886991,"","Os04g0526300",""
"Os04g0529100",100.609579675287,-1.31782081081698,0.3087227470631,-4.26862232651627,1.96683956811139e-05,6.62484828427077e-05,"","OsERF#045",""
"Os04g0529400",620.155274084351,-1.49390110575196,0.195801660898865,-7.62966513610722,2.35364266093371e-14,1.94387347366515e-13,"","OsWD40-104",""
"Os04g0530900",18.3835814917357,-3.02581051424488,0.741877478232191,-4.07858521525015,4.53105942962362e-05,0.000144691402871226,"","Os04g0530900",""
"Os04g0531100",57.7826493379797,-1.17883158166042,0.361923759947392,-3.25712680988885,0.00112546141405682,0.00286029344439435,"","OsERG3",""
"Os04g0531750",3151.76522071761,-5.53159272536907,0.249759933988809,-22.1476384823874,1.09932270468577e-108,2.19660634306447e-106,"","Os04g0531750",""
"Os04g0531800",63.94006459114,-1.44588558975221,0.282521010978315,-5.11779844177037,3.09122688426233e-07,1.31442128902296e-06,"","Os04g0531800",""
"Os04g0531900",304.702244151903,-1.19439304724891,0.193371226330026,-6.17668445257953,6.54617214886793e-10,3.70222568665831e-09,"","Os04g0531900",""
"Os04g0532100",13.9081875650307,-1.4961221044533,0.615773651951625,-2.42966242500229,0.0151128915894475,0.0300969264343225,"","Os04g0532100",""
"Os04g0532400",1828.43865082224,-5.6617193243801,0.265316934612661,-21.3394570257858,4.88587350514913e-101,8.40675609979722e-99,"","Os04g0532400",""
"Os04g0532500",8.73860384543705,-4.39109128826448,0.981205126049566,-4.47520214854918,7.63390515327599e-06,2.72034039957887e-05,"","PLIM2B",""
"Os04g0534166",27.161328850069,-2.0070841285873,0.404169467128363,-4.9659469401479,6.83666466893737e-07,2.78742867372489e-06,"","Os04g0534166",""
"Os04g0534200",77.7931122867962,-2.2993119971366,0.243489939399246,-9.44314990101688,3.6173803113226e-21,4.66325868749428e-20,"","Os04g0534200",""
"Os04g0534300",522.763964885595,-1.47188330369112,0.126727550950672,-11.6145486332648,3.47619266537618e-31,7.55523032193207e-30,"","Os04g0534300",""
"Os04g0534600",2818.11326789582,-2.56173355984233,0.240301164058552,-10.6605124859825,1.55736887648367e-26,2.65384653732021e-25,"","PEX11-4",""
"Os04g0535600",179.112629549302,-1.54143804122368,0.227943352544416,-6.76237330028441,1.357493797711e-11,8.93824709696663e-11,"","OSINV2",""
"Os04g0537100",1176.96127647144,-2.4351193026182,0.198088283349387,-12.2931011438125,9.864768045377e-35,2.48899549755912e-33,"","OsSAUR19",""
"Os04g0538100",2284.60595200546,-2.26150133735064,0.232227433294025,-9.73830397758108,2.06979873453239e-22,2.83804113146148e-21,"","Os04g0538100",""
"Os04g0538166",1575.63281249424,-2.50700862745039,0.243147592956136,-10.3106454683376,6.30762459850437e-25,9.93541097756788e-24,"","Os04g0538166",""
"Os04g0539000",4309.24871726581,-2.05675666339615,0.189650638835553,-10.8449761942515,2.10690707910173e-27,3.74213883146263e-26,"","ndhM","NDH-M"
"Os04g0539100",445.929405295084,-1.9596415786294,0.178240546385127,-10.994364741203,4.06767646141967e-28,7.53249773427468e-27,"","Os04g0539100",""
"Os04g0539500",254.413363521264,-1.307116017096,0.164292837093253,-7.95601342226551,1.77671135254495e-15,1.59210044057889e-14,"","OsGATA5",""
"Os04g0540200",105.938534843061,-1.79885379941766,0.287880415753096,-6.24861470590786,4.14109047501661e-10,2.38613485347643e-09,"","OsBBX13",""
"Os04g0540900",85.7854960588183,-1.77996159556435,0.343739315236531,-5.1782310508751,2.23999704774604e-07,9.69608784975604e-07,"","STRK1","RLCK154"
"Os04g0542000",1294.94703035817,-2.21170119015446,0.224344268913393,-9.8585143309735,6.29742575836985e-23,8.88055310273932e-22,"","OsS40-5",""
"Os04g0542200",540.786826127447,-2.14904389171836,0.242771356701268,-8.85213116126703,8.58637084788193e-19,9.63953377879341e-18,"","OsYSL9",""
"Os04g0542800",1390.7422017433,-3.0141083428582,0.284606574126105,-10.5904382290295,3.3004309624509e-26,5.54781397263541e-25,"","OsYSL16",""
"Os04g0546800",728.70600427544,-1.18655112154609,0.305689507857074,-3.8815565829,0.000103789995874147,0.000314300260055456,"","OsERF1",""
"Os04g0548700",173.852876083947,-1.24143656179722,0.193256377423108,-6.42378056729928,1.32930788472385e-10,8.0351943058802e-10,"","Oshox17",""
"Os04g0550200",20.7043095041919,-2.34982916873116,0.747520089257953,-3.14349968983948,0.00166940592645639,0.0040993925312002,"","OsERF#034",""
"Os04g0553300",18.2250517100514,-1.8145634248172,0.495593616085944,-3.6613938636823,0.000250846778129125,0.00071472293257881,"","Os04g0553300",""
"Os04g0554000",3.53777779934207,-4.05073016936234,1.4256973296182,-2.84122729643263,0.00449402691726453,0.0100822623079557,"","OsTPP5",""
"Os04g0554800",2.28311874166819,-4.93787835402682,1.83569932184505,-2.68991675012648,0.00714698458369229,0.0152919548385271,"","OsHyPRP08",""
"Os04g0555000",106.855525321756,-1.43244380735268,0.204733649964428,-6.99662125694317,2.62208847127383e-12,1.84148203097369e-11,"","OsHAM3",""
"Os04g0555300",3586.84778118159,-1.93349499474834,0.238435481746687,-8.10909089781562,5.09998853062027e-16,4.79735823170761e-15,"","FCO11",""
"Os04g0556300",909.619794533649,-1.02015056488056,0.133968784730715,-7.61483779173721,2.64022827419227e-14,2.16971595189591e-13,"","OsGpx1",""
"Os04g0556400",7.86108328429048,-3.31086750522367,0.915432619236317,-3.61672441603151,0.000298354655382365,0.000839942426588893,"","Os04g0556400",""
"Os04g0556500",48.7047243729003,-1.66640319687547,0.373967789263003,-4.45600729453072,8.35001919402167e-06,2.95597121832083e-05,"","CZOGT1",""
"Os04g0556600",10.0005720873467,-6.34611356851439,1.24578507999009,-5.09406772520092,3.50461480161408e-07,1.47953383778484e-06,"","CZOGT2",""
"Os04g0558400",1705.96949160983,-1.02906614190568,0.110677449406989,-9.29788450510406,1.43267743419214e-20,1.79099136160336e-19,"","Os04g0558400",""
"Os04g0558900",20.5655293041035,-4.03224501431645,0.654462122547095,-6.16115872164365,7.2214563584841e-10,4.06252913281342e-09,"","OsSub43",""
"Os04g0559400",594.360344472887,-1.35586490152741,0.25028506917596,-5.41728240518487,6.05117235204758e-08,2.78421350727359e-07,"","Os04g0559400",""
"Os04g0560500",1202.60362431125,-2.02771187015009,0.161325078104823,-12.5691051507352,3.12237950473958e-36,8.32951595118312e-35,"","Os04g0560500",""
"Os04g0560600",197.556768018118,-1.24080518422204,0.222890743529381,-5.56687623978641,2.59346453081063e-08,1.24749117996302e-07,"","CDPK12",""
"Os04g0560700",369.905013023291,-1.9142999147102,0.155783997375019,-12.2881678925076,1.04855555861244e-34,2.64025010932322e-33,"","Os04g0560700",""
"Os04g0561200",3.2222880655763,-2.80273983287971,1.19660831700637,-2.34223663085637,0.019168557367505,0.0372384621212695,"","Os04g0561200",""
"Os04g0561500",1498.57553626768,-2.89242110277599,0.702647241640181,-4.11646261646775,3.84731698908628e-05,0.000124396415292432,"","OsPOP9",""
"Os04g0562100",195.668092228021,-3.7502224213632,0.43985469501667,-8.52604840610164,1.51431915169801e-17,1.57582047969852e-16,"","OsLHT7",""
"Os04g0565400",801.141325174835,-3.39643581757678,0.16232492706861,-20.9236860839075,3.25922660694483e-97,5.20992629937239e-95,"","CZOGT3",""
"Os04g0565500",186.838415327035,-2.1713205644978,0.315761670392793,-6.87645388307193,6.13607866043626e-12,4.16987440947968e-11,"","OsANT4",""
"Os04g0565900",9.10228345571875,-2.58628954407506,0.691079511821345,-3.74239070878961,0.000182277816449457,0.000531266610771462,"","OsbHLH075",""
"Os04g0566400",2041.27050330512,-1.19801466892589,0.124262281536362,-9.64101619665913,5.36541670177468e-22,7.2170971563448e-21,"","OsIDD10",""
"Os04g0567800",237.442539564139,-1.1783279844426,0.21041926160839,-5.59990551927502,2.1446866377122e-08,1.03868062593032e-07,"","OsDof18",""
"Os04g0569300",16.1122848372208,-2.17875938699001,0.524522513971812,-4.1537957455666,3.2700509391705e-05,0.000106709472440881,"","OsRhmbd11",""
"Os04g0569900",577.045131642881,-1.24464998668645,0.175621275304171,-7.08712531856266,1.36926383762395e-12,9.81094566362307e-12,"","Os04g0569900",""
"Os04g0572200",5.10987931499214,-6.1007529772574,1.54066404217487,-3.95982044771119,7.50061361342852e-05,0.000231868625701707,"","OsERF#023",""
"Os04g0574100",165.060431262445,-1.17990990476905,0.169463511255764,-6.96261924484891,3.34003665684281e-12,2.3213488989227e-11,"","Os04g0574100",""
"Os04g0574700",1652.86902466,-2.10197876138039,0.206371855696632,-10.185394487465,2.30423408133663e-24,3.52419801439986e-23,"","SLAC1",""
"Os04g0577500",197.665318774316,-1.01313517838296,0.230325301917609,-4.39871420963285,1.0889411158715e-05,3.79688911172927e-05,"","Os04g0577500",""
"Os04g0577800",17.3645865964534,-7.87524331752924,1.09482434429066,-7.19315692841272,6.33101040146478e-13,4.66439026812646e-12,"","Os04g0577800",""
"Os04g0578000",17.3371082649977,-4.19349214922765,0.78075229568695,-5.37109166683651,7.82614114614338e-08,3.56056370139542e-07,"","ACS2",""
"Os04g0578200",3252.82975730431,-3.46804328289072,0.219025585577775,-15.8339642089862,1.81422016173521e-56,1.02161211243894e-54,"","Os04g0578200",""
"Os04g0578400",2520.71549414803,-3.53850119963263,0.24353541743444,-14.5297190729361,7.85418741464023e-48,3.14891911929678e-46,"","OsBCH2",""
"Os04g0578600",300.559410359206,-4.36818788844863,1.09747606912847,-3.98021242678894,6.88537127658848e-05,0.000213809805890504,"","OsFRO2",""
"Os04g0578700",229.202582579678,-1.62972240290967,0.203085016428406,-8.02482837764743,1.01667978360939e-15,9.30904471488908e-15,"","Os04g0578700",""
"Os04g0580300",882.764768468393,-1.73608097711674,0.14336501708847,-12.1095160616861,9.40473903719405e-34,2.28228422257157e-32,"","Os04g0580300",""
"Os04g0580800",62.8793216029328,-3.623168199877,0.355018514151619,-10.2055753586125,1.87208268508271e-24,2.88103060175741e-23,"","OsRFPH2-6",""
"Os04g0581000",25.1050347893175,-4.73229046372226,0.901760139359951,-5.24783726532992,1.53895142937533e-07,6.78359714741728e-07,"","Os04g0581000",""
"Os04g0581100",18.2831041487105,-2.55431048143471,0.938316301461321,-2.72222754465275,0.00648434775382604,0.0140280000258926,"","OsS3H",""
"Os04g0583000",80.76517329688,-3.24034524420108,0.309302979415286,-10.4762820271784,1.11022970384023e-25,1.82535908241867e-24,"","OsFbox229",""
"Os04g0583800",33.13682524604,-1.11105394873762,0.388953353539765,-2.8565223531979,0.0042830984425888,0.00964573078640455,"","Os04g0583800",""
"Os04g0584201",2.01579684154929,-3.97915945565097,1.68166794092856,-2.36619808156289,0.0179718260405487,0.0351478359623234,"","Os04g0584201",""
"Os04g0585100",10.3302044147865,-2.91385943989111,0.786806883390988,-3.7033985103599,0.000212730309096187,0.000612885914939096,"","Os04g0585100",""
"Os04g0585200",3026.43228343037,-3.01597894267885,0.185577369415564,-16.2518681678538,2.16660379065423e-59,1.32221532317832e-57,"","OsGLR3.2",""
"Os04g0585900",8.93020565900222,-3.15708746090342,0.836146861700027,-3.77575711339097,0.00015952237883969,0.000469472144020788,"","Os04g0585900",""
"Os04g0586000",147.234375455262,-1.67023017489214,0.389263980302485,-4.29073908557954,1.78079445811796e-05,6.03842127942913e-05,"","Os04g0586000",""
"Os04g0586500",462.800075587084,-1.9045350155885,0.270147841932181,-7.04997308868609,1.78952397495371e-12,1.27155249576794e-11,"","Os04g0586500",""
"Os04g0587300",30.785111687624,-1.42331750189814,0.382922741980597,-3.71698346913609,0.000201615629689186,0.00058303343333438,"","OsPUP10",""
"Os04g0587400",424.354464457063,-2.08675202824764,0.212983179568418,-9.79773159775419,1.1514231775297e-22,1.60004554512918e-21,"","OsPUP6",""
"Os04g0588500",393.635749841592,-2.00817708420513,0.177177112627974,-11.3342917401628,8.87471153060418e-30,1.79647653262892e-28,"","Os04g0588500",""
"Os04g0589400",33.0432505887034,-3.51687240605416,0.592964370421178,-5.93100122281573,3.01092971031991e-09,1.59337474225964e-08,"","Os04g0589400",""
"Os04g0590900",79.4898365501021,-1.56404335282642,0.221339034902638,-7.06627890337738,1.59143406959878e-12,1.13633896087749e-11,"","Os04g0590900",""
"Os04g0591100",985.38989239505,-1.17608526958557,0.183179698530499,-6.42039090041276,1.35924855930603e-10,8.2101661516152e-10,"","Os04g0591100",""
"Os04g0592400",272.488275626769,-2.54049113222962,0.187297975428843,-13.5639006583645,6.55551498792827e-42,2.20089423923982e-40,"","Os04g0592400",""
"Os04g0593400",327.843146047477,-3.65267846516611,0.241799941320238,-15.1062007923671,1.47396599203809e-51,6.82625334293978e-50,"","Os04g0593400",""
"Os04g0598800",229.436380308121,-2.60816001886198,0.204585434314091,-12.7485127551055,3.17749361187103e-37,8.87584658639556e-36,"","Os04g0598800",""
"Os04g0598900",268.055420529326,-5.97006734451182,0.348412352127231,-17.1350622561502,8.12658986778278e-66,6.04662213675837e-64,"","OsWAK50",""
"Os04g0599000",441.203660129627,-1.4624975004576,0.145720825426468,-10.0362971193543,1.05562703987061e-23,1.53764086812899e-22,"","OsWAK53",""
"Os04g0602100",6270.52641352045,-1.28169591448646,0.183430331823612,-6.98737172715221,2.80083445444326e-12,1.96090068600567e-11,"","Os04g0602100",""
"Os04g0602500",29.4025999869913,-1.54270298819567,0.580796081599526,-2.65618697692833,0.00790297824503498,0.0167532590671827,"","OSJNBa0041A02.14",""
"Os04g0603000",722.094804549078,-1.44583108631308,0.159124079905767,-9.08618662347833,1.02573602601579e-19,1.21717727569891e-18,"","Os04g0603000",""
"Os04g0603100",17.6839745744125,-1.98134923452585,0.531780853456042,-3.72587546476913,0.000194638489463902,0.000564239833093144,"","Os04g0603100",""
"Os04g0603300",35.4503382162752,-2.68194230605183,0.384621852205306,-6.97293274075401,3.10401049090159e-12,2.16520461523279e-11,"","Os04g0603300",""
"Os04g0603900",43.7055826064538,-2.49406049449122,0.351978781404932,-7.0858262663906,1.38217120864885e-12,9.90056549196087e-12,"","Os04g0603900",""
"Os04g0604000",9.00192959933726,-2.42091821409719,0.68786446531212,-3.51946980281746,0.000432410257361683,0.00118437198172125,"","VLN4",""
"Os04g0604200",74.9793301564241,-2.69691348747407,0.371087439477627,-7.26759572156489,3.65942020917502e-13,2.75423616411694e-12,"","OsXTH6",""
"Os04g0604300",7.1110388365393,-2.9574663065969,1.16341976037711,-2.54204579234434,0.0110205733969997,0.0226621916389294,"","OsXTH9",""
"Os04g0605100",789.923342685078,-2.08163018890509,0.18329101736419,-11.3569678363943,6.84804004337277e-30,1.38963053361709e-28,"","OsWRKY68",""
"Os04g0605300",2046.73316519102,-3.16940421730726,0.200495046555229,-15.8078928719778,2.74495165446401e-56,1.53872550096504e-54,"","OsIRL1",""
"Os04g0607000",4397.04402898889,-1.80970614097458,0.151633380515773,-11.9347477106885,7.79950057843846e-33,1.81283513913668e-31,"","Os04g0607000",""
"Os04g0608600",150.09462408891,-2.0461447349886,0.336485211990922,-6.08093509632096,1.19483654779232e-09,6.5758474332853e-09,"","Os04g0608600",""
"Os04g0610900",48.0048979391504,-1.78545573409794,0.392049731910724,-4.55415624287308,5.2596254741825e-06,1.9195425007191e-05,"","OsCTR3",""
"Os04g0611400",118.491298014351,-5.10904386025264,0.498146782997141,-10.2561012830669,1.11102224414056e-24,1.7334885480523e-23,"","Os04g0611400",""
"Os04g0612100",2.8340783387288,-5.26616698728451,1.44298565943068,-3.64949364040268,0.000262757744514838,0.000745915288249786,"","Os04g0612100",""
"Os04g0612301",212.327409720209,-10.0466461160502,1.20499730352143,-8.33748431360831,7.58877126919988e-17,7.55128456774962e-16,"","Os04g0612301",""
"Os04g0612500",2492.35866746401,-4.87072629706749,0.364454232016163,-13.3644388490774,9.75680179667643e-41,3.13140256627269e-39,"","OSJNBa0070C17.11",""
"Os04g0615000",1399.9464480635,-2.25060871789826,0.134918820048777,-16.6812066477057,1.79555123234626e-62,1.2188595310642e-60,"Protein NARROW LEAF 1 [Source:NCBI gene (formerly Entrezgene);Acc:4336986]","NAL1","GFP"
"Os04g0616700",394.329243555353,-1.89456990328713,0.184662561918977,-10.2596318582345,1.07114313869472e-24,1.67337412026728e-23,"","Os04g0616700",""
"Os04g0617350",2.1987546589074,-4.8855638607533,1.52709108710985,-3.19926159087187,0.00137780090351208,0.00344061408852236,"","Os04g0617350",""
"Os04g0617700",101.087759098249,-1.00702575642824,0.298253370643634,-3.37641031266493,0.000734383104349073,0.00193469539356268,"","Os04g0617700",""
"Os04g0618950",2.42443135328568,-4.24890068999304,1.44397394830805,-2.94250508810883,0.00325568435725076,0.00752833330094279,"","Os04g0618950",""
"Os04g0620600",73.439990846231,-1.64976487572772,0.307160399859863,-5.37102073210087,7.82922066080505e-08,3.56131081903372e-07,"","OsSTA132",""
"Os04g0623066",189.617752764687,-1.54029425799926,0.17809143871641,-8.64889558476756,5.20002131237156e-18,5.58236256744498e-17,"","Os04g0623066",""
"Os04g0623200",23.6266647848542,-5.85548043391314,0.803408907887806,-7.2882941381711,3.13904070645514e-13,2.37194301872031e-12,"","Os04g0623200",""
"Os04g0623800",24167.6625104834,-4.28173600006168,0.237534005428536,-18.0257811606258,1.22272848836664e-72,1.08198370558073e-70,"","Amt",""
"Os04g0624600",4795.51943005086,-3.42528672778077,0.232630874459345,-14.7241278086645,4.51254057325055e-49,1.90472261981991e-47,"","SSIIIB",""
"Os04g0625000",1275.24506875891,-1.09855375079011,0.163357106915089,-6.72486047002002,1.75760784112659e-11,1.14751645532526e-10,"","Os04g0625000",""
"Os04g0625200",160.301369552927,-1.32201944210872,0.196222604133732,-6.73734531220328,1.613065189356e-11,1.05620814473239e-10,"","Os04g0625200",""
"Os04g0626300",13.1842708368545,-1.38897201566564,0.514724119552657,-2.69847858863267,0.00696572186785171,0.014945418316571,"","Os04g0626300",""
"Os04g0627000",1847.17398361588,-1.1477295682566,0.156247162932614,-7.34560261264773,2.04834112168738e-13,1.5717481564586e-12,"","Roc2(t)",""
"Os04g0627400",55.8581381393462,-4.45918149252488,0.431753472733679,-10.3280732504391,5.26066313272426e-25,8.32865498016032e-24,"","Os04g0627400",""
"Os04g0627900",17.1618042577689,-2.47994464195852,0.496190305471828,-4.99797076768828,5.7936765187638e-07,2.38415417879772e-06,"","UNP1",""
"Os04g0628900",1001.87537210043,-3.4925140725671,0.293854967313611,-11.8851626177882,1.41359689700616e-32,3.2460324668324e-31,"","CycU1",""
"Os04g0630100",418.792737993545,-1.96359434879941,0.234992492361264,-8.35598758525738,6.48875345016277e-17,6.49583209029022e-16,"","Os04g0630100",""
"Os04g0630400",1554.03482283583,-2.66910760792733,0.205798334791978,-12.9695296641991,1.82144559068619e-38,5.33451033102029e-37,"","Os04g0630400",""
"Os04g0630500",131.917746419411,-1.48808488511952,0.242803241057357,-6.12876862203,8.85618065894984e-10,4.93988266967132e-09,"","Os04g0630500",""
"Os04g0630551",160.654000528286,-1.58320460626485,0.230506107516603,-6.86838463120033,6.49329540810623e-12,4.40055744875952e-11,"","Os04g0630551",""
"Os04g0630900",23.4992609914078,-2.44578047430982,0.472289380269019,-5.17856334799796,2.23601147958254e-07,9.68052707139904e-07,"","Os04g0630900",""
"Os04g0631000",57.6323774454671,-9.6064544472095,1.05344135406529,-9.11911651288199,7.57392228251356e-20,9.06565567119992e-19,"","Os04g0631000",""
"Os04g0631100",261.376577232232,-2.11204962269395,0.309336793414417,-6.82767025345234,8.63046758334726e-12,5.77938095439446e-11,"","Os04g0631100",""
"Os04g0632100",123.031124288071,-1.95067434318288,0.267034093143554,-7.30496364797219,2.7734171358817e-13,2.10723570609447e-12,"","OsRLCK163",""
"Os04g0632300",64.0473128168051,-1.76700103589914,0.335955564397455,-5.25962723394179,1.44347722103851e-07,6.38205480115474e-07,"","OsRLCK379",""
"Os04g0632600",304.273771676653,-1.72493044440715,0.362978270640551,-4.75215896908417,2.01256037626753e-06,7.73741540445106e-06,"","Os04g0632600",""
"Os04g0632901",33.1135085840794,-4.40022928574999,0.522194599156108,-8.42641668998678,3.56411358743883e-17,3.62215104003166e-16,"","Os04g0632901",""
"Os04g0633200",3.24620619358547,-3.92792226767838,1.3519482091059,-2.9053792454639,0.00366808356072602,0.00839265919144046,"","Os04g0633200",""
"Os04g0638700",681.788003179686,-1.9816033885827,0.165938063855259,-11.9418254169289,7.16336041055152e-33,1.66654066565479e-31,"","Os04g0638700",""
"Os04g0638800",53.89918427164,-7.05986860363578,0.765959033620367,-9.21703158231158,3.05438594689017e-20,3.75017446016342e-19,"","Os04g0638800",""
"Os04g0639100",199.91659433454,-1.85574787758776,0.254182385154001,-7.30085161669806,2.8595196762995e-13,2.16667642261996e-12,"","Os04g0639100",""
"Os04g0639300",1849.09146531263,-1.39376692179227,0.19164021958828,-7.27283095785759,3.5203074178672e-13,2.65033901223019e-12,"","Os04g0639300",""
"Os04g0640500",8095.25868806089,-2.11459972780708,0.164759552650898,-12.8344590270138,1.05134770528349e-37,2.98729840525334e-36,"","Os04g0640500",""
"Os04g0641101",24.838278918001,-5.92734397041445,0.882333176754915,-6.71780697651459,1.84479837447417e-11,1.20127646056101e-10,"","Os04g0641101",""
"Os04g0641200",14.0101268200418,-7.56011940490801,1.12605613634031,-6.71380330067595,1.89615878716041e-11,1.2331004270203e-10,"","OsPME16",""
"Os04g0642000",22.860899007269,-1.08905213510702,0.472582341397538,-2.30447064925541,0.0211962381059632,0.0406831816214618,"","OsABCB16",""
"Os04g0644000",6.06872048838777,-6.35543910678414,1.33551582020587,-4.75878983283362,1.94757089119829e-06,7.4988288999565e-06,"","Os04g0644000",""
"Os04g0644600",6370.42042961537,-5.82550324734596,0.228598955118063,-25.4835077629174,3.00334758370587e-143,1.26125327256746e-140,"","Os04g0644600",""
"Os04g0645100",21213.432070034,-1.68076031049281,0.206127424268888,-8.15398686736753,3.52119124526597e-16,3.34014377809935e-15,"","FLO2",""
"Os04g0645500",4.75467685314389,-6.00429954387143,1.27053059270771,-4.72582051808392,2.29188016929979e-06,8.7389835264298e-06,"","Os04g0645500",""
"Os04g0648200",91.1021460983872,-1.05937965315919,0.270988750385845,-3.90931229304096,9.25592440671452e-05,0.000282570279725438,"","Os04g0648200",""
"Os04g0649100",971.125632013698,-2.12517686457022,0.245362293343019,-8.66138327782582,4.66073596354999e-18,5.02082847690775e-17,"","SHAT1",""
"Os04g0649600",50.3780730931841,-1.65595651278361,0.334513310182327,-4.95034565853606,7.40817877167652e-07,3.0101942152955e-06,"","Os04g0649600",""
"Os04g0650700",5333.09962987695,-4.06550293190309,0.280655018709403,-14.4857660147977,1.49051676039381e-47,5.92785453808625e-46,"","OsASNase2",""
"Os04g0652400",1611.54318159722,-5.04860315098114,0.302672476165731,-16.6800867225758,1.82953129020969e-62,1.23853269883949e-60,"","SULTR3",""
"Os04g0656100",23204.1939828715,-1.1254383841531,0.135097487071944,-8.33056490202343,8.0457511849792e-17,7.98356336044171e-16,"","AHA7",""
"Os04g0656500",186.967539746493,-2.23089678544274,0.2866995378438,-7.78130583055974,7.17797352794156e-15,6.15606265496047e-14,"","OsLG1",""
"Os04g0657300",10608.3654085639,-3.58090404728918,0.246141516368387,-14.548151405429,6.00026874841764e-48,2.42526360162388e-46,"","Os04g0657300",""
"Os04g0657500",22499.4229180314,-3.51439432584126,0.27238956109027,-12.9020888751188,4.3805953063173e-38,1.26353911413997e-36,"","Os04g0657500",""
"Os04g0657900",1403.39051194125,-1.32263658101446,0.289009572978126,-4.57644557370617,4.72942677726345e-06,1.73550069994456e-05,"","24K23.2",""
"Os04g0658800",126.201309348856,-1.83751184079064,0.270001199523596,-6.80556917536973,1.00650500784325e-11,6.70200875553139e-11,"","OsCLE404",""
"Os04g0659100",57098.5364452085,-2.95452067447819,0.226897763379179,-13.0213741663939,9.24912811595657e-39,2.75770935414026e-37,"","OsGLN2",""
"Os04g0662700",1768.3240288616,-3.91894636750521,0.165895626811771,-23.6229636839779,2.23885637300586e-123,6.16357159488514e-121,"","Os04g0662700",""
"Os04g0665600",142.270997747378,-2.00040198949,0.244580110902939,-8.17892338876181,2.86391111754243e-16,2.72919714459034e-15,"","RLI1",""
"Os04g0665800",2176.40350179537,-1.12731619584435,0.188486647209408,-5.9808809405576,2.21934051319551e-09,1.19074490895291e-08,"","Os04g0665800",""
"Os04g0667700",3238.4207419022,-2.38471243650857,0.126453430214415,-18.8584242631065,2.50577004864274e-79,2.53410059164168e-77,"","OsFbox236",""
"Os04g0667900",145.551216931215,-1.27364164353493,0.264796141421574,-4.80989502602762,1.51009580834445e-06,5.89594135571232e-06,"","Os04g0667900",""
"Os04g0668200",2.03386959932106,-4.79414988025243,1.57690221297778,-3.04023283168541,0.00236395321547234,0.00561353927733929,"","Os04g0668200",""
"Os04g0668300",2.13767290434857,-4.85274402431617,1.78563152677908,-2.71766260370052,0.00657448418797636,0.0141969665962603,"","Os04g0668300",""
"Os04g0668400",2.33612099864271,-4.9758059175298,1.58282086837315,-3.1436317380905,0.00166865287871482,0.00409794948715601,"","Os04g0668400",""
"Os04g0668800",995.924782019676,-3.51623678328022,0.230317199414603,-15.2669309639812,1.27011636853024e-52,6.21930301641774e-51,"","Os04g0668800",""
"Os04g0669100",527.032334020038,-1.10097412034474,0.155764701262431,-7.06818753813693,1.56970322426478e-12,1.12211589116008e-11,"","Os04g0669100",""
"Os04g0669300",23.8598664450368,-5.04980424943396,0.654498337218386,-7.71553411563365,1.20476628603717e-14,1.01670620807708e-13,"","Os04g0669300",""
"Os04g0669700",31.1057927020075,-1.18849250880342,0.449730407388565,-2.64267767817746,0.00822532959980039,0.0173712062303319,"","Os04g0669700",""
"Os04g0669800",1367.36902252778,-1.21326106412627,0.154716692010037,-7.84182397105263,4.44048563376159e-15,3.86584372971577e-14,"","OsMTK",""
"Os04g0669900",955.012081351858,-1.35121436795044,0.167860575425817,-8.04962311443756,8.30493796133903e-16,7.65518779271195e-15,"","OsMTK2",""
"Os04g0672100",152.389644748963,-1.68447659273424,0.200067521119863,-8.41954047966157,3.77963851600126e-17,3.83332392595019e-16,"","OSJNBb0004A17.8",""
"Os04g0672300",12.3276041240023,-2.23554922911568,0.676560768531663,-3.30428445321694,0.000952191654675289,0.00245550089799018,"","Os04g0672300",""
"Os04g0674000",747.654418044823,-1.19359559416276,0.226361769519754,-5.27295574997084,1.34243939750377e-07,5.95552747572979e-07,"","OSJNBb0004A17.21",""
"Os04g0676100",3841.71883711867,-1.31818008928516,0.168393450333162,-7.82797719672104,4.95781830413661e-15,4.298105812512e-14,"","Trx",""
"Os04g0676400",58.3568972036791,-2.04010384892858,0.306568972606181,-6.65463250108255,2.8400879432587e-11,1.81690831319703e-10,"","Os04g0676400",""
"Os04g0677500",5410.27490647628,-1.05812404843763,0.148882201489633,-7.10712252942681,1.18487237495799e-12,8.52922220637246e-12,"","Os04g0677500",""
"Os04g0678000",266.592176565066,-1.99000636924806,0.288735577347508,-6.89214120244348,5.49587791116612e-12,3.75334528679611e-11,"","Os04g0678000",""
"Os04g0678700",5126.91064557788,-2.05690005554702,0.638679779374769,-3.22054983102895,0.00127944947484203,0.00321608193549366,"","OsPorA",""
"Os04g0679900",522.813371512269,-2.2582440743206,0.177814536277277,-12.6999969833692,5.91319865475069e-37,1.62429404732548e-35,"","Os04g0679900",""
"Os04g0680400",600.542345333134,-1.07932290209658,0.264115118936587,-4.08656235372776,4.37811860787044e-05,0.000140259432049658,"","OsALN",""
"Os04g0681500",69.039991916533,-6.82821137927271,0.635859659753183,-10.7385509908321,6.70890625740772e-27,1.16080007220525e-25,"","Os04g0681500",""
"Os04g0682100",86.1811579196938,-1.83340996493071,0.224593674139013,-8.16323065179436,3.26180805335725e-16,3.10003138235645e-15,"","Os04g0682100",""
"Os04g0683700",18102.7246931392,-3.56654947244912,0.274984700546807,-12.9699923863293,1.81048326352846e-38,5.30867974206445e-37,"","OsAAE3",""
"Os04g0683800",24.3973722917162,-2.43449242803972,0.487630682179611,-4.99249230413072,5.96050894823462e-07,2.44792856307657e-06,"","Os04g0683800",""
"Os04g0683850",71.741779250217,-5.35645110045672,0.426160723275695,-12.5690867503796,3.12310623507653e-36,8.32951595118312e-35,"","Os04g0683850",""
"Os04g0684800",4400.157652395,-2.84207996799722,0.183868010539051,-15.4571747399942,6.7494593609889e-54,3.49856390349837e-52,"","OsUEV1D",""
"Os04g0686800",3.74213780816594,-3.09478921349776,1.20497914450558,-2.56833425508588,0.010218856732949,0.0211788049579488,"","Os04g0686800",""
"Os04g0687800",30.5875854343603,-7.96834642974136,1.06729559963161,-7.46592268579741,8.27179072434786e-14,6.55002105392033e-13,"","OsUMAMIT7",""
"Os04g0688100",225.259794997888,-3.40562944233369,0.306129160616525,-11.1248122703337,9.50056592445128e-29,1.8121287291003e-27,"","prx59",""
"Os04g0689700",63.3181300486632,-1.52591594221638,0.244380909027358,-6.24400632721091,4.26502727831989e-10,2.45526442553281e-09,"","Os04g0689700",""
"Os04g0691800",96.5103135158875,-1.25594806751655,0.26345242949444,-4.76726697843207,1.86741782519759e-06,7.20701113004994e-06,"","Os04g0691800",""
"Os04g0692600",4359.47437743767,-3.30751893008505,0.235417003899058,-14.0496178071455,7.74508867064003e-45,2.83875831349775e-43,"","Os04g0692600",""
"Os04g0693050",2.79128222406332,-5.2438864914282,1.69025569033275,-3.10242203083244,0.00191944102862048,0.00465843768891464,"","Os04g0693050",""
"Os04g0693400",101.482375361019,-3.77771484186232,0.344118253979101,-10.9779553923105,4.87840114023957e-28,8.96012935891147e-27,"","Os04g0693400",""
"Os05g0100300",146.342431848379,-1.13141542364381,0.194265840724331,-5.82405748445152,5.74358059211674e-09,2.94573993647022e-08,"","Os05g0100300",""
"Os05g0100700",50.3309320646962,-1.08429263084531,0.270491154762469,-4.00860660969665,6.10780644102186e-05,0.000191197877686922,"","OsRLCK175",""
"Os05g0100750",153.378680466097,-1.0872511062097,0.203528171780892,-5.3420177496616,9.19176521154853e-08,4.15213065900707e-07,"","Os05g0100750",""
"Os05g0102000",18.8692658621347,-3.41476588736925,0.747151551811313,-4.57037916750741,4.86842564100497e-06,1.78386545559272e-05,"","OsJMT1",""
"Os05g0102800",945.418956244921,-1.18365898487612,0.188835182349224,-6.26821215279211,3.65216980840148e-10,2.11870314546391e-09,"","ML3",""
"Os05g0103400",471.100954715033,-3.08074601633579,0.171352485595351,-17.9789981197644,2.84588552739917e-72,2.49160797570209e-70,"","Os05g0103400",""
"Os05g0105000",2713.80915289708,-3.02261049337828,0.237587045449245,-12.7221182773789,4.4561379253298e-37,1.22950700864027e-35,"","Os05g0105000",""
"Os05g0105050",104.403578138477,-7.43199540697121,0.650402591656712,-11.4267616739355,3.07358565996311e-30,6.33562661371929e-29,"","Os05g0105050",""
"Os05g0105600",459.726293108963,-1.48817190664674,0.215302365607579,-6.91200908288748,4.77837253008664e-12,3.28051360980761e-11,"","Os05g0105600",""
"Os05g0105800",2623.11338414752,-3.27658925700126,0.235830935111533,-13.8938059820339,6.90656481818832e-44,2.43419568279164e-42,"","Os05g0105800",""
"Os05g0106200",122.900145161132,-3.06652595625027,0.484456293528347,-6.32982995001765,2.45431532222493e-10,1.44511812592127e-09,"","OsUMAMIT8",""
"Os05g0107900",133.845482299325,-2.95950015979518,0.381346883586912,-7.7606512264068,8.44943853390312e-15,7.20164219313786e-14,"","OsDi19-6",""
"Os05g0110800",1819.25524033549,-1.78152831830519,0.20700624978956,-8.60615715765233,7.55506663957324e-18,8.03743607250778e-17,"","Os05g0110800",""
"Os05g0112101",6.78855758357135,-2.53066699630064,1.1223034797926,-2.25488652745539,0.0241404521812186,0.045672570532533,"","Os05g0112101",""
"Os05g0112200",23.4852211734682,-1.12281711158139,0.377696860652731,-2.97279969349217,0.0029509696381254,0.00687763848404035,"","OsDof19",""
"Os05g0112800",36.4621997820709,-2.18371840982922,0.622587548629651,-3.50748808683326,0.000452358607833988,0.00123532340199523,"","Os05g0112800",""
"Os05g0112900",21.2489703690132,-1.00236989965222,0.439778796814317,-2.27925927059971,0.0226516576372796,0.0431756382243924,"","Os05g0112900",""
"Os05g0113000",5604.5069205944,-3.54879913062653,0.169986721018678,-20.8769197344338,8.68110012697674e-97,1.36133935345635e-94,"","Os05g0113000",""
"Os05g0113300",817.447777147917,-1.83595766194846,0.247714820312681,-7.41157779591468,1.2480554958616e-13,9.7395499278623e-13,"","OsCHX12",""
"Os05g0113400",5310.40392397101,-4.47885686951289,0.218459611918081,-20.5019904145596,2.06665168532827e-93,2.95985137614905e-91,"","OsADF7",""
"Os05g0114700",2555.32290544872,-1.39874903398618,0.227070952101966,-6.15996463236775,7.27611927121139e-10,4.09077393199012e-09,"","Os05g0114700",""
"Os05g0120200",346.050723533511,-1.73631034688858,0.266043977903118,-6.52640349378957,6.73676880347556e-11,4.18652923611021e-10,"","OsABCG11",""
"Os05g0121600",7603.16945787839,-1.32116432254922,0.136681645814305,-9.66599659140881,4.20506903778219e-22,5.67787441684628e-21,"","RSR1",""
"Os05g0122600",8.3722929072748,-4.30584585262549,0.948582400547406,-4.53924282185784,5.64565919727709e-06,2.0543765300475e-05,"","Os05g0122600",""
"Os05g0123100",167.032939837984,-1.24562742418195,0.290295509682662,-4.29089456307337,1.77954797593798e-05,6.03502055841984e-05,"","OsGT43A",""
"Os05g0126700",158.590559487742,-1.4908974855805,0.219600680662811,-6.78912961963776,1.12812052792774e-11,7.47764642067033e-11,"","P0683F12.9",""
"Os05g0127500",112.126706148384,-2.18251740914707,0.405487442482016,-5.38245375932662,7.34772559739355e-08,3.35152056565942e-07,"","P0683F12.14",""
"Os05g0128200",14982.3379747297,-2.21097392988748,0.211587020520943,-10.4494780655444,1.4733380182184e-25,2.40480211313553e-24,"","OsC3H33",""
"Os05g0129800",361.056289988621,-3.00403381455856,0.235644811207141,-12.7481432719429,3.19258726494224e-37,8.90796561525607e-36,"","OsWRKY109",""
"Os05g0130300",209.910584299155,-1.79679218280469,0.308099282140777,-5.83186098429043,5.48125773195289e-09,2.81528032389297e-08,"","Os05g0130300",""
"Os05g0131401",114.538048337722,-3.78163916881284,1.06538031926853,-3.54956732391044,0.000385864785195105,0.00106512608988181,"","Os05g0131401",""
"Os05g0132100",874.229469202199,-3.47945391307996,0.22434991782857,-15.5090491975962,3.01307564214237e-54,1.57832928510278e-52,"","OsLACS1",""
"Os05g0133100",613.613915482043,-1.00773869760282,0.165628875153646,-6.08431770527932,1.16988422355732e-09,6.45141807413303e-09,"","OsGlnB",""
"Os05g0136200",240.632899459522,-1.87133777871867,0.21636899242095,-8.64882605303235,5.20319017139921e-18,5.58334529565865e-17,"","OsCIPK17",""
"Os05g0137200",840.336489554362,-4.53678814547821,0.245291828071011,-18.4954720308286,2.24567183931462e-76,2.14003889087302e-74,"","OsABCB17",""
"Os05g0137500",248.330770042134,-1.04937254052345,0.234341381705002,-4.47796515019458,7.53578995133974e-06,2.6873095513003e-05,"","OsWRKY5",""
"Os05g0137600",85.5181167771256,-1.19060708553269,0.30546340132144,-3.89770781174473,9.71074815343944e-05,0.000295363622634138,"","Os05g0137600",""
"Os05g0140100",3.82573469302293,-5.70236551210508,1.34460369177324,-4.24092656222362,2.22598964954104e-05,7.42705972888208e-05,"","OsMYB2P-1",""
"Os05g0140300",150.190983741313,-1.28960089053643,0.265268264374404,-4.86149707194624,1.16501304201434e-06,4.60816221934696e-06,"","Os05g0140300",""
"Os05g0141000",340.230300432285,-2.98060253576874,0.280717028915864,-10.6178187596239,2.46247842386607e-26,4.15335792431107e-25,"","Os05g0141000",""
"Os05g0142600",5.44614892604528,-3.66080244768313,1.07481364933801,-3.40598805191753,0.000659250642721222,0.00175260227196392,"","Os05g0142600",""
"Os05g0143300",9879.34574567409,-2.87714312917928,0.16671563549049,-17.257788213532,9.77853283596834e-67,7.52430770424806e-65,"","Os05g0143300",""
"Os05g0143500",1220.27335253864,-1.69534195661311,0.221094644735506,-7.66794672318382,1.74771446985591e-14,1.45850863656517e-13,"","OsMPK14",""
"Os05g0144900",20.2540872740232,-4.60221486585121,0.68860099158133,-6.6834275903125,2.33417219104049e-11,1.50481531785184e-10,"","Os05g0144900",""
"Os05g0147300",66.835237567827,-1.27542625348223,0.285734435507301,-4.46367708959476,8.05649525121218e-06,2.86146477693928e-05,"","Os05g0147300",""
"Os05g0148600",1873.6056082059,-1.02612165866417,0.161190190993271,-6.36590633922015,1.94139879370423e-10,1.15518823034606e-09,"","OsNHX3",""
"Os05g0148700",11216.5956002729,-1.7113363875751,0.204732160526902,-8.35890357025871,6.33038266933745e-17,6.34241372414775e-16,"","OSA15","PSAG"
"Os05g0149100",10.6695313508817,-7.17235685564315,1.16423586629397,-6.16057026182708,7.24834456664151e-10,4.07608337103215e-09,"","Os05g0149100",""
"Os05g0149300",51.7643527877283,-3.64857539248028,0.328079777500295,-11.121000569677,9.91536841328984e-29,1.8883403779868e-27,"","Os05g0149300",""
"Os05g0149500",35.4135106985647,-3.22843458447816,0.404944883106823,-7.97252840857977,1.55460484560169e-15,1.39914436104152e-14,"","Os05g0149500",""
"Os05g0150733",32.9359275603725,-2.52738480100849,0.424622343551957,-5.95207680280543,2.64761067440897e-09,1.40953695057652e-08,"","Os05g0150733",""
"Os05g0150800",2702.13200687502,-1.68200051675212,0.196571806826599,-8.5566722100482,1.16172246939248e-17,1.2175971922224e-16,"","Os05g0150800",""
"Os05g0151300",7782.74707504328,-1.00784769315508,0.190176732391395,-5.2995320746224,1.16099840070264e-07,5.1886827875558e-07,"","Os05g0151300",""
"Os05g0155200",117.940695028844,-1.6520324541136,0.224425806199599,-7.36115191959844,1.8232991530646e-13,1.40603433288147e-12,"","OS-ERS2",""
"Os05g0155400",167.566887162296,-3.04099981621291,0.235658521737564,-12.9042641606631,4.25864024533791e-38,1.23122904735983e-36,"","OsGATA13",""
"Os05g0161100",11.8740387282116,-4.83010136971459,0.876933614351566,-5.50794414841325,3.63048544356708e-08,1.71522895471584e-07,"","Os05g0161100",""
"Os05g0161200",1291.03377049555,-2.54784437262072,0.110008148896603,-23.1605058186685,1.13931886888717e-118,2.85140440549671e-116,"","CRSH1","RELA2"
"Os05g0161500",5154.42646834507,-8.25336985449974,0.347120118759824,-23.776696908226,5.8195342915625e-125,1.67663489700051e-122,"","CRSH2",""
"Os05g0163300",12.9038175487663,-3.89038347611271,0.873962648024823,-4.45142991511716,8.53003732932425e-06,3.01496055504518e-05,"","OsFLA9",""
"Os05g0164100",7880.93518593952,-2.27101271959497,0.134106916257462,-16.9343444989446,2.51140363644632e-64,1.81414133819914e-62,"","OsF2KP1",""
"Os05g0165800",261.348916482388,-2.96275808273235,0.222406732268859,-13.321350718605,1.73931952311804e-40,5.54634746773433e-39,"","Os05g0165800",""
"Os05g0165900",309.542146503369,-3.30032131596703,0.261104572502785,-12.6398449645375,1.27304718944743e-36,3.44724483201518e-35,"","Os05g0165900",""
"Os05g0168300",3879.08493817554,-2.35677914016203,0.166347499863831,-14.1678062014232,1.44958601325607e-45,5.42543695626066e-44,"","Os05g0168300",""
"Os05g0169000",2228.23786300227,-1.46689129936333,0.146839296882784,-9.9897733815376,1.6896758705805e-23,2.44396375045961e-22,"","OsTRXh8",""
"Os05g0170800",11723.515070418,-2.23894699462148,0.118300329360807,-18.925957406195,6.971129415249e-80,7.13734188105886e-78,"","SIP10",""
"Os05g0170950",3985.97144105015,-5.00783513281345,0.177815975845136,-28.1630213990159,1.66007206013799e-174,1.20975310100115e-171,"","OsPPT4",""
"Os05g0171000",3.57819159717377,-3.01340085428081,1.25461112057398,-2.40186046884567,0.0163119290050989,0.0321937760840637,"","OsPLDalpha2",""
"Os05g0177000",119.915600938328,-1.06331704515637,0.260302023246168,-4.08493576767473,4.40890111324447e-05,0.00014117258061884,"","OsFbox252",""
"Os05g0177500",991.597339984144,-2.69954110712861,0.295390572434119,-9.13888715162259,6.30982712308272e-20,7.59293767016127e-19,"","Os05g0177500",""
"Os05g0178300",301.694466720035,-2.56350621154968,0.238398397628054,-10.7530345717727,5.73434155694618e-27,9.94260187239016e-26,"","OsCDT5",""
"Os05g0179300",143.894521154749,-1.88153326476014,0.254144561156983,-7.40339772055139,1.32743410823757e-13,1.03232375705594e-12,"","OsAT7",""
"Os05g0181250",130.000409821304,-2.7760108225352,0.219508992814011,-12.6464560150722,1.17036109850794e-36,3.17960931334772e-35,"","Os05g0181250",""
"Os05g0183300",2.44352325228529,-5.04547501203795,1.78802769649692,-2.82181032314151,0.00477534116695819,0.0106554960459045,"","OsMLO12",""
"Os05g0186100",44.6611124196674,-1.20374044814258,0.35418833603901,-3.39858861984096,0.000677345148480697,0.00179646550459283,"","OsPHP2",""
"Os05g0186300",172.618763153013,-3.0381595389883,0.302524169705611,-10.0427001979537,9.89283359981266e-24,1.44695831229373e-22,"","OscytME2",""
"Os05g0190300",13.5026037661315,-7.50804954447013,1.22383065687608,-6.134876179385,8.52255472756953e-10,4.75700244390607e-09,"","Os05g0190300",""
"Os05g0196700",86.4351141928625,-10.1917867999125,1.04242167942587,-9.77702881767176,1.41297574218433e-22,1.95255437613503e-21,"","Os05g0196700",""
"Os05g0197200",22.9376559222751,-3.11512338064825,0.563084987940289,-5.53224370630635,3.16160209257009e-08,1.50615295227089e-07,"","OsGLP5-1",""
"Os05g0197300",44.1295625254257,-2.71191903135973,0.409313541178498,-6.62552971873726,3.46005109534835e-11,2.20271546735473e-10,"","Os05g0197300",""
"Os05g0198400",205.663956356432,-1.65547012793584,0.260926321128974,-6.34458846762937,2.23020800030611e-10,1.31817422766184e-09,"","OsZIP7",""
"Os05g0199100",49.0628741501691,-1.59752391754373,0.497861769777417,-3.20877001312622,0.00133304075685751,0.00333961080208883,"","Os05g0199100",""
"Os05g0201700",4.70523626268604,-5.99175383668936,1.56896437849425,-3.81892279953462,0.000134035698413429,0.000399015078648267,"","P0708D12.10",""
"Os05g0202300",12.7525479513016,-4.3278239480457,0.744068335467619,-5.81643343998213,6.01164639484212e-09,3.07749096539263e-08,"","Os05g0202300",""
"Os05g0202500",9648.6010924386,-2.04967411576143,0.216865908386698,-9.45134314106491,3.34510371622579e-21,4.31675181129825e-20,"","Os05g0202500",""
"Os05g0202600",37.1622867090188,-3.55190275390042,0.391463878405378,-9.07338569364061,1.15375018550369e-19,1.36190892549904e-18,"","Os05g0202600",""
"Os05g0203000",25.4008893532458,-6.97392877579261,1.06959883520025,-6.52013497610717,7.02441517789227e-11,4.35981800758108e-10,"","OsRALF-21",""
"Os05g0203900",864.825997449821,-1.45040637035014,0.227990321752622,-6.36170149329356,1.99530934335423e-10,1.18527402542047e-09,"","Os05g0203900",""
"Os05g0203912",99.9200953910495,-2.08431715082712,0.388366872262116,-5.3668767850528,8.01117443039511e-08,3.63873270140971e-07,"","Os05g0203912",""
"Os05g0204600",1741.68531593264,-2.71495408330697,0.178698465737365,-15.1929344894162,3.93884473893333e-52,1.86959302866956e-50,"","OsBBX14",""
"Os05g0205000",68.4173203111313,-1.48744484135725,0.301165891874812,-4.93895517881404,7.85422610486709e-07,3.1751372197796e-06,"","OsNIP1",""
"Os05g0205050",92.0301289724819,-2.06928598027467,0.261891161142605,-7.90132042351709,2.75964218702639e-15,2.43937404452204e-14,"","Os05g0205050",""
"Os05g0206800",56.9080271538201,-1.75287837853431,0.425803495537252,-4.11663689214819,3.84441026608724e-05,0.000124318654610863,"","Os05g0206800",""
"Os05g0207400",66.2894478303153,-2.52236491748906,0.254979791935702,-9.89241107438474,4.4907939964911e-23,6.38372936609638e-22,"","Os05g0207400",""
"Os05g0208000",606.142994582046,-1.6089651723506,0.146165633224934,-11.0078213110094,3.50374077123275e-28,6.50278539991264e-27,"","Os05g0208000",""
"Os05g0208100",2.30699177340635,-4.97315435276007,1.75103876514949,-2.84011665060739,0.00450970395896074,0.0101101099340545,"","OsCIPK20",""
"Os05g0209500",142.300439873183,-1.25835814661391,0.204241333978317,-6.16113360651813,7.22260194133394e-10,4.06252913281342e-09,"","Os05g0209500",""
"Os05g0214300",151.998406877429,-3.58518262790569,0.85803162107621,-4.17838053964594,2.93592135352327e-05,9.65149573785936e-05,"","OsSWEET3a",""
"Os05g0215300",19.307781560874,-1.74697659919178,0.514229871409401,-3.39726782966472,0.000680623159226456,0.00180419386072043,"","Os05g0215300",""
"Os05g0215600",2264.98270443804,-1.80835829682732,0.114595786182674,-15.7803210490189,4.25020732216075e-56,2.3506113129727e-54,"","Os05g0215600",""
"Os05g0219900",18.7561533730855,-4.91151727342205,0.809730215445885,-6.06562183272053,1.31444084541921e-09,7.20050869488211e-09,"","SLAC",""
"Os05g0220500",260.283608651366,-5.00293087028602,0.350308297207887,-14.28150834611,2.85357567780532e-46,1.08773914721511e-44,"","Os05g0220500",""
"Os05g0232200",2147.0364075241,-4.02064722911018,0.268762355765574,-14.959860050554,1.34308181441048e-50,6.01763799559645e-49,"","Os05g0232200",""
"Os05g0243200",804.955777160731,-1.37722713112717,0.151310156224926,-9.10201380718879,8.86721613466251e-20,1.05626449119487e-18,"","orf160",""
"Os05g0256100",1032.73203847934,-1.05851612830182,0.178320018950608,-5.93604764361885,2.91974986110869e-09,1.54677447741479e-08,"","Os05g0256100",""
"Os05g0258400",35.4333185593829,-2.83026433008412,0.56509188928846,-5.00850283596863,5.48550674442741e-07,2.26410795613323e-06,"","Os05g0258400",""
"Os05g0268500",544.389892132303,-1.50794678835341,0.271314762066469,-5.55792385518626,2.730024268746e-08,1.30860536480402e-07,"","OsEnS-75",""
"Os05g0274950",51.4299118034079,-1.21420468092361,0.370767212134949,-3.27484373262669,0.00105720436427162,0.00270239889957268,"","Os05g0274950",""
"Os05g0278500",24.1965365502891,-5.05922903755122,0.672011179032728,-7.52848939928844,5.13306842398312e-14,4.13331284826226e-13,"","OsAT5",""
"Os05g0280700",167.529075493861,-11.1450772932017,1.04606994304999,-10.654237192502,1.66604876957618e-26,2.83514356894155e-25,"","YK11",""
"Os05g0283200",21.8350441736502,-5.1406051488583,0.684627260920137,-7.50861883873765,5.97544280467992e-14,4.78518249423253e-13,"","Os05g0283200",""
"Os05g0291700",18905.1277304482,-3.1993000883116,0.201537488378725,-15.8744664034889,9.52172054659607e-57,5.44849122362612e-55,"","Os05g0291700",""
"Os05g0292800",4297.41302194848,-2.41368669449939,0.163857475383801,-14.73040329009,4.11244343671011e-49,1.74476046286586e-47,"","Os05g0292800",""
"Os05g0295200",928.543372554749,-1.70788889468982,0.198911466808892,-8.58617616213502,8.99117696059769e-18,9.50402694337581e-17,"","Os05g0295200",""
"Os05g0296750",33.5493301195167,-1.06850467029015,0.385035666522499,-2.77507972168005,0.0055188177787976,0.0121319978799812,"","Os05g0296750",""
"Os05g0299700",2593.7638218082,-1.49190792468417,0.137839124674898,-10.8235446808221,2.66275527217537e-27,4.70914256807203e-26,"","OsSAP15",""
"Os05g0302833",4.36315591457953,-3.26107133115271,1.29304288051282,-2.52201329151542,0.0116685299185582,0.0238717831551578,"","Os05g0302833",""
"Os05g0304501",25.3802150602875,-1.42128976591767,0.474134304223049,-2.99765225434743,0.00272067920592529,0.00638959892750814,"","Os05g0304501",""
"Os05g0304600",1671.4498871692,-1.86235494470742,0.194261348919737,-9.58685273763279,9.08128823644412e-22,1.20389020136103e-20,"","OsLOX7",""
"Os05g0311500",2573.1204819846,-1.55534408667868,0.16174369368074,-9.61610342440135,6.83722891665995e-22,9.13732582891498e-21,"","Os05g0311500",""
"Os05g0316400",3.22095189048094,-5.44247582825294,1.36973293131396,-3.9733846677922,7.08584758037462e-05,0.000219567340543949,"","Os05g0316400",""
"Os05g0317900",1352.71820119373,-9.40365988610858,0.40078298967786,-23.4632210655123,9.68885440421853e-122,2.58129833949809e-119,"","OsCrRLK1L2",""
"Os05g0318600",278.409570889765,-2.12185644593954,0.228144295870565,-9.30050185056281,1.39784326961161e-20,1.74921023692761e-19,"","Os05g0318600",""
"Os05g0319100",151.931343775438,-3.32611360796688,0.227820387976088,-14.5997188290101,2.82006010361457e-48,1.15301368295806e-46,"","MAN5",""
"Os05g0322900",1198.3844621117,-2.96359468398214,0.27053072948344,-10.9547432546422,6.3056924578101e-28,1.1521839382534e-26,"","WRKY45",""
"Os05g0323400",22.6302405109113,-1.72615455715374,0.41833991665878,-4.12620093951418,3.68805056938384e-05,0.000119543208997414,"","Os05g0323400",""
"Os05g0323800",5871.13223947964,-1.56888050825786,0.169106475353428,-9.27747151597206,1.73547980564561e-20,2.16406558351693e-19,"","OsAGSW1",""
"Os05g0324600",2.22493284256508,-3.36587712310469,1.51089143117399,-2.22774254566348,0.0258976881291796,0.04854126777946,"","OsOFP19",""
"Os05g0332300",827.352247940974,-2.33276834508663,0.198722122462818,-11.7388457619917,8.0578641063401e-32,1.79379783434671e-30,"","OsCIPK18",""
"Os05g0332801",313.280409049342,-1.37219127884921,0.242443629455386,-5.65983639962675,1.51517367144252e-08,7.44870199550227e-08,"","Os05g0332801",""
"Os05g0334750",78.6817265855911,-2.29946417995325,0.494193153815741,-4.65296648122043,3.27193450900017e-06,1.22515824889674e-05,"","OsCIPK22",""
"Os05g0335401",3188.04384535009,-1.15640787268068,0.148772106672903,-7.77301537594821,7.66394341911845e-15,6.55469541234027e-14,"","Os05g0335401",""
"Os05g0336000",8.1456944483102,-2.1459700587236,0.686776287887077,-3.12470027951293,0.0017798631121823,0.00434607946491977,"","Os05g0336000",""
"Os05g0338933",9.26605669882108,-2.36688649329895,0.80550889478759,-2.93837412425234,0.00329938608261234,0.00762227402973296,"","Os05g0338933",""
"Os05g0342000",39.912951925706,-4.59056015955,0.607175452906328,-7.56051671321142,4.01471293159256e-14,3.25543573606207e-13,"","Os05g0342000",""
"Os05g0342100",2.38819658414472,-3.43931104929032,1.50432719583272,-2.28627858275638,0.0222379660181708,0.0424589723381534,"","Os05g0342100",""
"Os05g0348100",5121.47899326175,-2.73920272403964,0.224114976041214,-12.2223100500696,2.36273945422247e-34,5.87767022663354e-33,"","Os05g0348100",""
"Os05g0358000",3114.00130391295,-1.18937725884413,0.114581345781333,-10.3801997675427,3.05136019056398e-25,4.88710739764729e-24,"","OsDi19-2",""
"Os05g0358400",821.289996517955,-2.35814932069369,0.174479706646833,-13.5153214434666,1.26999768740068e-41,4.20678244662121e-40,"","Os05g0358400",""
"Os05g0358500",648.385502739399,-2.65245281014297,0.257902985599268,-10.2846921449152,8.26056312002728e-25,1.29212103803609e-23,"","OsPP2C48",""
"Os05g0360400",18.3283566426434,-6.49546483621984,1.16649331369985,-5.5683686823868,2.57135306370224e-08,1.23829766490477e-07,"","Os05g0360400",""
"Os05g0360900",21.8880820019889,-1.7965956815923,0.633576679381376,-2.83564048371618,0.00457338962468989,0.0102408382043327,"","Os05g0360900",""
"Os05g0361000",624.657263063001,-1.49539611484934,0.251425408273191,-5.94767301013781,2.71981231152333e-09,1.44704293842847e-08,"","Os05g0361000",""
"Os05g0362600",12.5598692256392,-5.36330833602447,0.982994192658043,-5.45609361284418,4.86723396387984e-08,2.26454756035561e-07,"","OsLEA12",""
"Os05g0365000",982.170572998377,-2.0246117602627,0.215659174393804,-9.38801590961143,6.11410973907859e-21,7.78465041136435e-20,"","OSJNBb0111K12.4",""
"Os05g0365300",158.193713517006,-1.4659642512129,0.289275990509468,-5.06770108584217,4.02649046537339e-07,1.6909212586535e-06,"","OsBBR1",""
"Os05g0365600",652.599635146423,-3.84184090136806,0.155623434331679,-24.6867762420664,1.48326922645721e-134,5.32622632230875e-132,"","Os5bglu19",""
"Os05g0366600",2301.18103492651,-3.64441712562235,0.244464363006315,-14.9077643907068,2.93413142315259e-50,1.29588189432178e-48,"","Os5bglu22",""
"Os05g0367200",23.9916695525174,-1.37709080431145,0.540567617097033,-2.54749038003188,0.0108500844591561,0.0223338491853876,"","Os05g0367200",""
"Os05g0367400",58.3953164611235,-1.06581426020326,0.276615283720203,-3.85305629489848,0.000116652556868088,0.000350296982368272,"","TPK3",""
"Os05g0367900",39.3506105017348,-1.54923992137167,0.34627585188073,-4.47400508281843,7.67679156017827e-06,2.73483629743403e-05,"","Os05g0367900",""
"Os05g0368000",59.1402327141893,-3.84384319267685,0.905147640896278,-4.24664775005177,2.1699270428211e-05,7.25563864237227e-05,"","RH1",""
"Os05g0372900",393.05194211158,-8.93264978551105,0.549599623545857,-16.2530129258099,2.12651788226797e-59,1.30095638441861e-57,"","Os05g0372900",""
"Os05g0374200",35.299846623358,-1.70632219541494,0.343761315161796,-4.96368299793081,6.91688068111198e-07,2.81874264203802e-06,"","OsCKX9",""
"Os05g0375400",5295.16374518737,-5.75386176969737,0.542961689251975,-10.5971781869625,3.0710695227654e-26,5.16577661680641e-25,"","OsPR2",""
"Os05g0376000",15.1810939844911,-7.68727122191536,1.16304437816013,-6.60961126356692,3.85330519597925e-11,2.44239812844149e-10,"","Os05g0376000",""
"Os05g0382000",21.0378624300944,-1.99798973153515,0.511005723682025,-3.90991654093175,9.23280156067406e-05,0.000281933848001998,"","OsSTA148",""
"Os05g0382600",575.159920946399,-3.4279991798174,0.773238738040395,-4.4332998479938,9.28016590794721e-06,3.26565361029979e-05,"","OsANN3",""
"Os05g0383200",94.057542028698,-1.7221786783333,0.232590368743993,-7.40434218163548,1.31802168032315e-13,1.02564771273137e-12,"","Os05g0383200",""
"Os05g0384600",8.31775821584952,-2.5320783843974,0.792433395609908,-3.19532013469542,0.00139675813956597,0.00348409105245405,"","OsABCG13",""
"Os05g0385400",7.0929991771379,-5.84162383420182,1.17887251541088,-4.9552634045131,7.22323683202517e-07,2.93875433476335e-06,"","Os05g0385400",""
"Os05g0386201",4.17717037554182,-2.54666332977119,1.01889455736808,-2.49943756334268,0.0124390616365244,0.0252977616488685,"","Os05g0386201",""
"Os05g0388600",1448.28567353027,-2.21156431084722,0.157066822499829,-14.080403968506,5.01224525564798e-45,1.84255787387522e-43,"","Os05g0388600",""
"Os05g0390000",357.439839746772,-2.4446579816145,0.170844738005096,-14.3092377919276,1.91601755899216e-46,7.34878747045645e-45,"","Os05g0390000",""
"Os05g0390100",3314.99249671159,-1.74227469071437,0.139231896025171,-12.5134738551531,6.30072510111498e-36,1.65374010413481e-34,"","Os05g0390100",""
"Os05g0390300",27.0502871064828,-7.05913526321942,1.08033411717101,-6.5342148794714,6.39440843827301e-11,3.98276163587457e-10,"","Os05g0390300",""
"Os05g0390550",5.74261741682469,-2.87448246455649,0.913625354690967,-3.14623762332951,0.00165385576992833,0.00406281820459193,"","Os05g0390550",""
"Os05g0390800",126.530591023157,-2.59932869363955,0.455006286431742,-5.7127313866893,1.11177095152683e-08,5.5358418139028e-08,"","OsVQ19",""
"Os05g0395000",2483.22461415174,-1.23692614168472,0.283725211032898,-4.35959193468113,1.3030520223843e-05,4.48911567833923e-05,"","Os05g0395000",""
"Os05g0395116",19.4879174348004,-2.39051977503069,0.631359689567554,-3.78630409025331,0.00015290454162439,0.000451282409508935,"","Os05g0395116",""
"Os05g0395400",40.0759972679265,-2.14062693463772,0.346731954204118,-6.17372269467138,6.67004882724482e-10,3.76369391465827e-09,"","Os05g0395400",""
"Os05g0397300",1144.72990892585,-2.72907886597522,0.212454281697192,-12.8454877170465,9.11754938158662e-38,2.59960323391912e-36,"","Os05g0397300",""
"Os05g0397800",789.228195138566,-2.15972753951507,0.137551054823536,-15.7012793706727,1.48222399866713e-55,8.01857292903395e-54,"","Os05g0397800",""
"Os05g0398800",4.92207339672106,-4.55071817934378,1.28519385211988,-3.5408807565003,0.000398793766533757,0.00109800123940515,"","Os05g0398800",""
"Os05g0399200",5.79315978179609,-2.24211724781078,0.977022636169835,-2.29484677714369,0.0217419068344781,0.0416148299049,"","Os05g0399200",""
"Os05g0400100",11.1392206817876,-7.24026992573677,1.31451928382441,-5.50792218480982,3.6309383167795e-08,1.71522895471584e-07,"","Os05g0400100",""
"Os05g0401100",11129.8730537305,-2.0744447815809,0.246426875789637,-8.41809471849877,3.82656359987293e-17,3.87774095353994e-16,"","Os05g0401100",""
"Os05g0404400",4534.89192430514,-1.05411043470004,0.142786445515872,-7.38242646836435,1.55430379721806e-13,1.20384448839237e-12,"","Os05g0404400",""
"Os05g0405000",13452.8985392097,-3.70258438178876,0.122497439055223,-30.2258105177171,1.0850528713979e-200,1.41496605234872e-197,"","flo4",""
"Os05g0405400",68.0194319433583,-4.7646559275234,0.425962120358365,-11.1856329466922,4.79471974166558e-29,9.39863694930761e-28,"","Os05g0405400",""
"Os05g0405500",540.598403581713,-1.54484805865368,0.176352752087002,-8.75998837767805,1.95270507452835e-18,2.15702958678506e-17,"","Os05g0405500",""
"Os05g0406100",86.9092480731952,-1.07180905827728,0.322018833288716,-3.32840488654376,0.000873448241712607,0.0022665926984618,"","Os05g0406100",""
"Os05g0406150",79.4958786591438,-1.70815435561622,0.361282808399461,-4.72802556862201,2.26713641194896e-06,8.65795913669227e-06,"","Os05g0406150",""
"Os05g0408200",3039.91642293408,-1.205143383968,0.139352506911469,-8.64816436157569,5.23344183212206e-18,5.61337611577872e-17,"","OsSPL9",""
"Os05g0408900",15960.5694909559,-1.91948262384123,0.263571912368907,-7.28257653324849,3.2750402832326e-13,2.47169275350759e-12,"","CLA1",""
"Os05g0409500",3590.98580815376,-4.11211459843188,0.247487386252625,-16.6154512385306,5.38679950912446e-62,3.6072630118264e-60,"","OsUMAMIT9",""
"Os05g0410200",162.183548086942,-1.63345785064451,0.267971522881296,-6.09563968992364,1.09000679341776e-09,6.02299248896337e-09,"","Hsr203j",""
"Os05g0410900",633.710416471272,-4.50444574503683,0.236967186529006,-19.0087320148246,1.44400800045058e-80,1.50328513559513e-78,"","Os05g0410900",""
"Os05g0411100",2.20784210574462,-4.09543389654577,1.67684412133282,-2.44234621718479,0.0145921450438055,0.0291689856999088,"","Os05g0411100",""
"Os05g0412800",21.9900581363401,-3.39521334277475,0.729790913211552,-4.6523096976278,3.28237611371445e-06,1.22869667577433e-05,"","OsGSTU16",""
"Os05g0415200",105.800957132299,-1.45787699941151,0.234607865186854,-6.21410112679036,5.16192778615331e-10,2.95101718406831e-09,"","OsPCS1",""
"Os05g0418800",457.122823610419,-1.02556907206134,0.184882520206257,-5.54713918285624,2.90381583990713e-08,1.38895453794168e-07,"","ONAC087",""
"Os05g0419000",2791.67087938467,-1.54850550914472,0.190266232459149,-8.13862496319305,3.99792272602763e-16,3.78078364056438e-15,"","Os05g0419000",""
"Os05g0419200",5793.65721629169,-2.12194540110708,0.178371754542331,-11.8961962702649,1.23865310322673e-32,2.8522405147443e-31,"","OsRUS6B",""
"Os05g0419500",818.948493853966,-1.44669323618249,0.16390609042196,-8.82635436217242,1.08143012772339e-18,1.20968822910169e-17,"","Os05g0419500",""
"Os05g0423500",193.937649644378,-2.43918944869017,0.207906994097086,-11.7321182930053,8.72475017615762e-32,1.93530112009541e-30,"","Os05g0423500",""
"Os05g0427900",42.166556792189,-1.17746871590953,0.405391514573009,-2.90452235328542,0.00367813937899769,0.00840945459014725,"","Os05g0427900",""
"Os05g0428700",422.006742388378,-1.05403852857364,0.22258610202267,-4.73541932310891,2.18602651978124e-06,8.36496974218067e-06,"","OsAKT2",""
"Os05g0433900",13.0407226471029,-4.97060147111951,0.947252536344456,-5.24738787219464,1.54270883411797e-07,6.79894997917839e-07,"","Os05g0433900",""
"Os05g0434600",19.5442808620578,-2.85563756123838,0.704938361169733,-4.05090390669037,5.10201583272271e-05,0.000161611667460203,"","Os05g0434600",""
"Os05g0434800",10.6455060904033,-4.3435018914061,0.82835030252924,-5.24355683597132,1.57510259132225e-07,6.93308170282311e-07,"","Os05g0434800",""
"Os05g0435800",113.962265150499,-8.14603598815934,0.771458283399122,-10.5592695852161,4.60228924083061e-26,7.68920569926231e-25,"","OsSub47",""
"Os05g0439000",322.492371812136,-5.67294657971378,0.323810326585743,-17.5193504158108,1.0198315749084e-68,8.33939502689951e-67,"","Os05g0439000",""
"Os05g0439100",168.227298048547,-2.69049431963884,0.234902977470778,-11.453640769511,2.25472419943234e-30,4.67492062672261e-29,"","Os05g0439100",""
"Os05g0439400",743.432835163718,-2.44815076756606,0.225156198409503,-10.8731217921591,1.54811321265803e-27,2.77150296748758e-26,"","OsPUB44",""
"Os05g0440900",16.0248287849481,-1.25529576302089,0.550385397024281,-2.28075775594298,0.0225627854059131,0.043022790057127,"","OsOFP23",""
"Os05g0442700",5.87590559950997,-3.76945030682001,1.35471740601968,-2.78246244572519,0.00539481084204359,0.0118836440463473,"","ONAC012",""
"Os05g0443400",1309.82293346528,-1.0250142394232,0.139570164241339,-7.34407847834002,2.07181539910001e-13,1.58877654421235e-12,"","Os05g0443400",""
"Os05g0444300",208.201704898658,-2.14706610959486,0.210457482322596,-10.2018996231446,1.9443182690613e-24,2.99033977358981e-23,"","Os05g0444300",""
"Os05g0447200",39.0709505991881,-2.01020382905314,0.354847314403653,-5.6649825078469,1.47039535565735e-08,7.24149984637691e-08,"","OsLAX3",""
"Os05g0451100",192.797806554313,-1.17947017570739,0.203003973866942,-5.81008417342843,6.24414399292903e-09,3.18992073634645e-08,"probable anion transporter 2, chloroplastic [Source:NCBI gene (formerly Entrezgene);Acc:4338960]","OsPT23",""
"Os05g0451200",54.6982871683907,-1.2981544151578,0.371527581381295,-3.49409971214362,0.000475663325033714,0.00129454198202552,"","Os05g0451200",""
"Os05g0451900",47.8336239350794,-2.32023739638607,0.482444472178028,-4.80933564418555,1.51432747828283e-06,5.91060049297632e-06,"","OsSTA151",""
"Os05g0452500",1244.06546181357,-1.30218145122714,0.230472260071527,-5.65005719483554,1.60394461273396e-08,7.86637681506517e-08,"","Os05g0452500",""
"Os05g0452600",288.000740822743,-1.29876240411179,0.146365541347739,-8.87341646232263,7.0935454911574e-19,8.02542359061218e-18,"","Os05g0452600",""
"Os05g0452800",268.781441757374,-1.3119501738272,0.210366804139147,-6.23648859046891,4.47501937050444e-10,2.57137186788007e-09,"","Os05g0452800",""
"Os05g0453300",462.284378007383,-2.86564110474023,0.195494616524198,-14.6584144141152,1.19019952293861e-48,4.92313415356426e-47,"","Os05g0453300",""
"Os05g0454500",690.488198309932,-2.06462397668021,0.183751173374513,-11.2359771029717,2.71473630548491e-29,5.38534999527619e-28,"","Os05g0454500",""
"Os05g0461400",4386.91654495762,-1.01220801113561,0.168537558090359,-6.00583052587564,1.90354946974389e-09,1.02821550494538e-08,"","Os05g0461400",""
"Os05g0462000",2436.11374099623,-1.42606503835848,0.258629378050551,-5.51393290703325,3.50902414253916e-08,1.6617563298871e-07,"","Os05g0462000",""
"Os05g0463000",173.37838849208,-9.7527683903738,1.03639230271905,-9.41030569677785,4.94696021627292e-21,6.33113808257202e-20,"","OsRLCK188",""
"Os05g0463300",7.6980479547993,-6.71300835579815,1.29437585782919,-5.18628983628957,2.14524859986781e-07,9.30709587794163e-07,"","OsSTA152",""
"Os05g0464300",43.4539380939414,-1.739835929959,0.461081016750102,-3.77338443083629,0.000161047838790331,0.000473569947887799,"","Os05g0464300",""
"Os05g0464400",11.0012592109922,-2.76509028341449,0.719158821102449,-3.84489517791869,0.000120603981571642,0.000361549286315859,"","Os05g0464400",""
"Os05g0465400",44.5739713368274,-9.23347340312844,1.09975098973708,-8.39596735015067,4.62074039982078e-17,4.66536613228848e-16,"","Os05g0465400",""
"Os05g0467000",89.442172684696,-1.10202845327254,0.234336423688071,-4.70276210555925,2.56665411305254e-06,9.72087877699524e-06,"","OsCDPK16",""
"Os05g0472400",2.05045975255592,-3.98286414864124,1.73295008815959,-2.29831440377552,0.0215439012458359,0.0412833133153965,"","OsZIP9",""
"Os05g0472700",15.0572359582142,-1.91677999378202,0.618325950314119,-3.09995075058433,0.00193552822886049,0.00469150684078228,"","OsZIP5",""
"Os05g0473401",7.84366017643062,-3.16242628553052,1.05882960570512,-2.986718796387,0.00281988972579502,0.00660257113362533,"","OsCHX05",""
"Os05g0473500",492.872396389105,-1.38286184610831,0.236244294642891,-5.85352483622368,4.81262346545866e-09,2.48680649851239e-08,"","OsEXO70B3",""
"Os05g0474800",14.2029091184832,-3.16241547756781,0.729122095442429,-4.33729206306505,1.44248892172292e-05,4.94473547503166e-05,"","OsWRKY70",""
"Os05g0475700",480.012677609289,-1.25138267224503,0.15203239702174,-8.23102639147425,1.85616065201136e-16,1.78880172986719e-15,"","OsMFS3",""
"Os05g0476100",3.8355191815912,-4.20139326749909,1.38572259026913,-3.03191511562435,0.00243007529569626,0.00575621181658378,"","Os05g0476100",""
"Os05g0477600",22.1556059199332,-8.22512756139276,1.12645914596292,-7.30175398803456,2.8404027112609e-13,2.15350850602544e-12,"","OsEXP4",""
"Os05g0479900",56.4340224788634,-1.45234476429182,0.373451529202681,-3.88897795489705,0.000100667260491862,0.00030532901373569,"","Os05g0479900",""
"Os05g0480300",25.7567009900835,-1.57942318003,0.424270507692889,-3.72267963808899,0.000197119568496814,0.000570831176793542,"","Os05g0480300",""
"Os05g0480600",90.1612325926711,-2.2158680650441,0.294179146292379,-7.53237642086902,4.98250742420082e-14,4.01860632973384e-13,"","Os05g0480600",""
"Os05g0481000",1325.01051387596,-1.38806997924299,0.167146752322533,-8.30449865136783,1.00241806888574e-16,9.85983028693212e-16,"serotonin N-acetyltransferase 1, chloroplastic-like [Source:NCBI gene (formerly Entrezgene);Acc:4339123]","OsSNAT1",""
"Os05g0481900",8.184014522672,-2.03444263589804,0.718261307591553,-2.83245472698488,0.00461921068595098,0.0103378360731467,"","OsPILS6b",""
"Os05g0485800",24.839391557317,-8.39466173293296,1.0890358262264,-7.70834304140492,1.27461755019579e-14,1.07163892233461e-13,"","Os05g0485800",""
"Os05g0488600",226.906851714639,-4.06706510598388,0.357734540381009,-11.3689472133504,5.97033367654021e-30,1.2175058230752e-28,"","Os05g0488600",""
"Os05g0489000",351.105974307639,-1.05588941989121,0.261037042818971,-4.04497924313168,5.23277602079153e-05,0.000165478610679198,"","Os05g0489000",""
"Os05g0490800",344.476675127372,-1.15361838983484,0.138215542177709,-8.3465171257773,7.03054513672742e-17,7.0098920262654e-16,"","Os05g0490800",""
"Os05g0490900",2890.18699682597,-2.37108264052696,0.233115700729464,-10.1712696017788,2.6641319188447e-24,4.05960618408457e-23,"","Os05g0490900",""
"Os05g0493166",15.2771922190983,-1.73288287421483,0.510149630587763,-3.39681295508987,0.000681755502009448,0.00180642242255246,"","Os05g0493166",""
"Os05g0493800",21.084977911237,-1.7445927217187,0.47872682064008,-3.64423434514511,0.000268188980051847,0.000760114202556008,"","Os05g0493800",""
"Os05g0495000",617.922286041498,-1.39921869122125,0.207771883053948,-6.73439866191108,1.64609280473492e-11,1.07726469685465e-10,"","Os05g0495000",""
"Os05g0495200",398.325619813591,-1.02107390601647,0.130153084203997,-7.8451764110029,4.32345284004219e-15,3.76792792886828e-14,"","OsbZIP44",""
"Os05g0495600",772.771169503185,-2.04347495796342,0.212043770760764,-9.63704310026135,5.57713161118164e-22,7.4978073754882e-21,"","osACA7",""
"Os05g0495900",1279.57554902062,-1.77817845391103,0.25457860199238,-6.98479149462946,2.85279342645596e-12,1.99671363636439e-11,"","Gns8",""
"Os05g0496100",56.3354222417945,-2.60292864810164,0.302587238377593,-8.60224199162521,7.81737468054252e-18,8.30223285297051e-17,"","Os05g0496100",""
"Os05g0496200",50336.3405292173,-3.11670203790216,0.275940012911459,-11.2948535626191,1.39135770080817e-29,2.79139026339466e-28,"","OsPGK3",""
"Os05g0496400",17.2445933555058,-2.90098170456404,0.591368041832097,-4.90554358598177,9.31689476189802e-07,3.73595568078244e-06,"","OsMC4",""
"Os05g0497200",75.578528874544,-1.07496202246828,0.465323568930604,-2.31013878136181,0.0208804719842098,0.0401455307172163,"","ERF130",""
"Os05g0498700",2772.85195619215,-1.21236453973134,0.0969065413510469,-12.510657411036,6.52816939383544e-36,1.70981451449324e-34,"","Os05g0498700",""
"Os05g0500500",147.789894185595,-3.27339818940652,0.277072227847572,-11.8142414158064,3.29509590357226e-32,7.44914153310308e-31,"","HSP22.3",""
"Os05g0500600",11.7560606510592,-4.23003067162846,0.942532843918647,-4.48793980912305,7.19152393106448e-06,2.57380309750086e-05,"","Os05g0500600",""
"Os05g0501200",111.791867167454,-2.9961145335225,0.2630727762953,-11.3889189741144,4.7484414834977e-30,9.7394151189257e-29,"","OsbHLH067",""
"Os05g0501350",22.86376289685,-2.15158498831765,0.506551033493751,-4.24751870207011,2.16151126467552e-05,7.23140218807255e-05,"","OsSTA157",""
"Os05g0502500",2451.97575312707,-1.61760753929725,0.152331697375328,-10.6189819136043,2.43198991742535e-26,4.10472848665176e-25,"","Os05g0502500",""
"Os05g0503300",2822.91756925381,-1.3197447820819,0.187609081815675,-7.0345463519647,1.99910338945938e-12,1.41559830467663e-11,"","Os05g0503300",""
"Os05g0506000",1771.96243931523,-1.42725050460609,0.284552651420124,-5.01576948056212,5.28216305921073e-07,2.18308847569748e-06,"","Os05g0506000",""
"Os05g0507300",1110.61347137137,-2.40485131973682,0.180094580875912,-13.3532686438455,1.13363326466036e-40,3.63363924948122e-39,"","Os05g0507300",""
"Os05g0508400",553.895757722474,-2.39901188439162,0.217284212958241,-11.0408936375542,2.42608186651368e-28,4.55041865303629e-27,"","Os05g0508400",""
"Os05g0508900",4042.15545639258,-2.56732089160103,0.319965476528396,-8.02374343462392,1.02570419671503e-15,9.38820571924943e-15,"","Os05g0508900",""
"Os05g0509050",20.2824740799897,-4.57675207549939,0.706972448568262,-6.4737347046099,9.5609712400247e-11,5.85786806167389e-10,"","Os05g0509050",""
"Os05g0509900",93.417195478931,-1.13590141123001,0.275412656135417,-4.12436170206898,3.71764287659311e-05,0.000120439379646113,"","OsTFIIF2-1",""
"Os05g0511700",391.916954325392,-2.41856838353753,0.256272748856051,-9.4374778213194,3.81860188645633e-21,4.91498695795992e-20,"","Os05g0511700",""
"Os05g0512200",5132.00637182642,-5.87105225147995,0.233069443972182,-25.1901414077286,5.1370917722702e-140,2.02034480700855e-137,"","Os05g0512200",""
"Os05g0514400",2.12875854590788,-4.84688145009807,1.82382357323167,-2.65753854771697,0.00787135880944655,0.0166962295369966,"","Os05g0514400",""
"Os05g0514500",2.24395885771618,-4.92587432707804,1.80450267718707,-2.72976836740231,0.00633788399329104,0.0137411403309216,"","Os05g0514500",""
"Os05g0514600",5.17269400166371,-4.0325026402318,1.15084034421192,-3.50396356932829,0.000458388062248012,0.00125128659597722,"","GA2OX4",""
"Os05g0516100",31.7790400812058,-3.95224961538188,0.531348547029014,-7.43814890899866,1.02105927254315e-13,8.01609176039344e-13,"","Os05g0516100",""
"Os05g0516900",704.356382115836,-1.49179712731571,0.192969745158108,-7.73073067020646,1.0693104104204e-14,9.05478606937331e-14,"","Os05g0516900",""
"Os05g0517900",29.1454802083668,-1.29881663352764,0.477555449773075,-2.71971900675579,0.00653374120727198,0.0141197351409258,"","Os05g0517900",""
"Os05g0518000",108.526046093875,-6.89823744792209,0.545585651139592,-12.6437296023336,1.21167181182111e-36,3.28823575919951e-35,"","OsFTL10",""
"Os05g0519000",110.928757276486,-2.36647442859104,0.338522386847682,-6.99059950104817,2.73714090584037e-12,1.91901924799114e-11,"","OsVQ21",""
"Os05g0519200",506.860937307847,-1.62632195935598,0.158615768880505,-10.2532173871135,1.1446856065005e-24,1.78152482865973e-23,"","Os05g0519200",""
"Os05g0519300",224.401285220501,-2.2978860376851,0.386808835248802,-5.94062448497863,2.83938348473134e-09,1.50677671024177e-08,"","Os05g0519300",""
"Os05g0520600",257.334823932556,-1.43071845845885,0.270238692020158,-5.29427687709549,1.19488279326364e-07,5.33242272490871e-07,"","Os05g0520600",""
"Os05g0522600",609.715598472895,-1.94031348889162,0.226992884343592,-8.54790446186249,1.25343402714061e-17,1.30984120162222e-16,"","Os05g0522600",""
"Os05g0526700",95.0516224340681,-2.69391351802575,0.276507941438648,-9.7426262117809,1.98360512149722e-22,2.72136124558896e-21,"","Os05g0526700",""
"Os05g0526800",617.862726211402,-1.35100439430968,0.18368944728086,-7.35482856695627,1.91172309119611e-13,1.47147446506884e-12,"","OsUGT706D3",""
"Os05g0526900",15.6225791466872,-1.77320032114599,0.615288454462979,-2.88190085200547,0.00395284092612744,0.00897622029389236,"","OsUGT706D2",""
"Os05g0527000",11.2709211848472,-2.68326753123625,0.801406417368367,-3.34819820890314,0.000813388153781135,0.00212453281533156,"","OsUGT706C3",""
"Os05g0527600",13.6457977585415,-3.98535296283801,0.703770820632816,-5.66285621113769,1.48873904890358e-08,7.32601537530965e-08,"","OsUGT706J1",""
"Os05g0527700",7.78453277143335,-4.19361466027483,0.947871273427384,-4.42424491366981,9.67801797028572e-06,3.39540569051034e-05,"","Os05g0527700",""
"Os05g0527900",36.3477631682596,-3.18363516475582,0.375738480376632,-8.47300803890146,2.3913607295178e-17,2.45751741166581e-16,"","OsUGT706E2",""
"Os05g0529700",1271.7064490299,-2.54856011738954,0.231064283309949,-11.0296584174842,2.74907187758445e-28,5.14454334674547e-27,"","OsDjC50",""
"Os05g0530300",417.19490518459,-1.00969605702981,0.192509495980555,-5.24491559175759,1.56353891282692e-07,6.88462833536742e-07,"","Os05g0530300",""
"Os05g0530400",90.8924787630481,-2.71247504390242,0.277382161137427,-9.77883737288549,1.38795677858829e-22,1.91905162405592e-21,"","HSFA4D","HSF10"
"Os05g0531000",1721.21866078759,-3.72689108129974,0.256445918494188,-14.5328539568244,7.5028217670095e-48,3.01781517729212e-46,"","OsS40-14",""
"Os05g0531100",22.0255942647469,-1.6546105165867,0.58928640337422,-2.80782062357538,0.00498780008021932,0.0110856407057404,"","Dfu584",""
"Os05g0533500",2795.81389942412,-1.40795129578896,0.202008134411061,-6.96977525134683,3.17447706616975e-12,2.21000332308199e-11,"","Os05g0533500",""
"Os05g0534400",212.081393539014,-3.43114524348997,0.215907395763641,-15.8917448443782,7.22871196177734e-57,4.17496028617616e-55,"","OsCBL4",""
"Os05g0536000",40.0859884643737,-1.19755992750454,0.328626516637569,-3.64413663193615,0.000268290876465304,0.000760316029530006,"","Os05g0536000",""
"Os05g0542150",74.4660977614549,-1.73701517309403,0.33920889461285,-5.12078309466659,3.04269465359215e-07,1.29511845786038e-06,"","Os05g0542150",""
"Os05g0542300",237.829776893137,-3.6235652231433,0.245682332848952,-14.7489857374934,3.12323212545988e-49,1.33191604771978e-47,"","Os05g0542300",""
"Os05g0543000",1054.36663644977,-9.93568657451334,0.845878285017235,-11.746000282193,7.4041182412446e-32,1.65123166213607e-30,"","OSIPP3",""
"Os05g0546400",6.46958163167909,-3.27178725557817,0.900353016547824,-3.63389381214383,0.000279175798171707,0.00078935738346461,"","Os05g0546400",""
"Os05g0548900",289.860454523265,-4.54472480024558,0.743715849726881,-6.1108349404071,9.91112330737915e-10,5.4998410344218e-09,"","OsPEAMT2",""
"Os05g0549100",1211.39090437846,-2.41860292762378,0.158501032156352,-15.2592250960106,1.42935660271161e-52,6.97148987113888e-51,"","OsSTN7",""
"Os05g0550700",4.0679279146937,-2.51768178742447,0.983740058393996,-2.55929578748141,0.0104884457963681,0.0216660662198197,"","Os05g0550700",""
"Os05g0552100",456.534028365926,-1.81975801031727,0.292990618789593,-6.21097705392439,5.26561631054867e-10,3.00613307203835e-09,"","Os05g0552100",""
"Os05g0552200",116.886633419469,-1.09068270929677,0.24697364856414,-4.41619061643945,1.00455507586452e-05,3.5145243031199e-05,"","P0560C03.17",""
"Os05g0553400",41.5199955782786,-1.24384817259467,0.383998563654785,-3.23920006563589,0.00119865462259743,0.00302928045533421,"","OsMYB55",""
"Os05g0555300",2228.81698963565,-2.09230824547276,0.163702318554277,-12.7811766134457,2.0888532438393e-37,5.88130872984164e-36,"","Os05g0555300",""
"Os05g0555700",52.7337757459496,-2.14681597976739,0.360592007607456,-5.9535872522844,2.62327896390905e-09,1.39808524174606e-08,"","Os05g0555700",""
"Os05g0556800",5.42000190115643,-6.19798966398367,1.33646842526959,-4.63758779990137,3.52498887398131e-06,1.3133631478291e-05,"","OsPUP7",""
"Os05g0557400",998.564552390945,-1.87701905044713,0.16868428070894,-11.1274093979502,9.22784588346243e-29,1.76146639025076e-27,"","Os05g0557400",""
"Os05g0559000",5.47209473307776,-6.20925432283503,1.33350443502418,-4.65634321097884,3.2187519305795e-06,1.20688584418838e-05,"","Os05g0559000",""
"Os05g0559350",23.5580493713018,-6.85514326249298,1.081188675273,-6.34037649419704,2.2920435137075e-10,1.35246397092476e-09,"","Os05g0559350",""
"Os05g0560000",42542.6610930474,-1.50656775121158,0.194833258948929,-7.73260047765505,1.05371591966571e-14,8.92883698411671e-14,"","PSAH","GOS5"
"Os05g0561600",3566.92595457666,-2.12065354749548,0.215220432858134,-9.85340248290152,6.62620068310588e-23,9.32825990484741e-22,"","Os05g0561600",""
"Os05g0561900",7.27673076091922,-2.83241870419337,0.774163742200514,-3.65868168424213,0.000253515986679407,0.000721747167868054,"","Os05g0561900",""
"Os05g0565701",20.3476217372397,-1.38121676054215,0.423212638344001,-3.26364724349147,0.00109988015331113,0.00280050668570444,"","Os05g0565701",""
"Os05g0566400",1118.75620181194,-1.35405928435858,0.176227083031105,-7.68360493216346,1.54673161941926e-14,1.293397547565e-13,"","OsMPK7",""
"Os05g0567600",47.5100731573495,-9.32798946270209,1.66628174182295,-5.59808658318315,2.16730511043368e-08,1.0492246721613e-07,"","Os05g0567600",""
"Os05g0568000",1628.58956359084,-1.75315391669984,0.164622112533119,-10.6495651751956,1.75181410265333e-26,2.97496216733664e-25,"","KCS1",""
"Os05g0568800",632.250863170236,-4.86135602002922,0.252132152804235,-19.2809840631622,7.75863747235278e-83,8.46853571156321e-81,"","Os05g0568800",""
"Os05g0568900",3261.91779590154,-1.20875554767778,0.151024529500229,-8.00370344921982,1.20731946212451e-15,1.09614343397064e-14,"","OsDegp9",""
"Os05g0571000",2379.4445335442,-1.01003941488639,0.148525223328851,-6.80045713615964,1.04287697567603e-11,6.92373066085881e-11,"","OsWD40-123",""
"Os05g0571200",8.10372424009693,-1.87958509618553,0.758318063360891,-2.47862366334141,0.0131890382595584,0.0266807735171727,"","OsWRKY19",""
"Os05g0573700",17197.4182005759,-1.04692837486037,0.247728056499828,-4.22611951852572,2.37755744615361e-05,7.90615230752222e-05,"","Os05g0573700",""
"Os05g0574400",7237.75637592144,-3.27175462509277,0.175146915694847,-18.6800584647066,7.19403117428314e-78,7.10145459781726e-76,"","Os05g0574400",""
"Os05g0574500",138.397847984713,-1.48561683826981,0.37266305365955,-3.98648812561659,6.70584822090664e-05,0.000208758388452574,"","OsRAN2",""
"Os05g0574700",642.969705053109,-1.80139872013008,0.169451328166593,-10.630773683633,2.14327004349749e-26,3.63227098958532e-25,"","Os05g0574700",""
"Os05g0576600",123.916575584956,-3.92217459863603,0.356194746900059,-11.0113207248857,3.37026485239617e-28,6.26914806665315e-27,"","Os05g0576600",""
"Os05g0577200",7.48353038809126,-2.22333945227428,0.746488075621153,-2.97839915316026,0.00289758364938891,0.0067659438394976,"","IMCE",""
"Os05g0579200",11.6298695657501,-3.73129516687443,0.928185414533429,-4.0199890113012,5.82008560476522e-05,0.00018260638347381,"","10A19I.5",""
"Os05g0579300",171.218213734391,-1.78931140100415,0.328363111409319,-5.44918518199109,5.0601106118568e-08,2.34959446457976e-07,"","OsZHD6",""
"Os05g0579600",1218.82211387554,-6.7881821221409,0.282635335276059,-24.0174573908484,1.82737151076921e-127,5.58972641016404e-125,"","Os05g0579600",""
"Os05g0579700",10.4252043326464,-7.14354752590735,1.19250359403401,-5.99037819394919,2.09353623477457e-09,1.12592896220989e-08,"","Os05g0579700",""
"Os05g0582000",490.919251241885,-5.36826209195005,0.576738299266425,-9.3079687941275,1.30300267090968e-20,1.63465808491793e-19,"","Os05g0582000",""
"Os05g0582300",4315.40671951057,-4.04485987682158,0.195918231987014,-20.645653218684,1.06808967282369e-94,1.58467412117082e-92,"","OsSPS2",""
"Os05g0582400",127.087234759711,-3.20688894821817,0.22847865745454,-14.0358359242208,9.40805140276458e-45,3.4279895530338e-43,"","Os05g0582400",""
"Os05g0585700",10.4469844707849,-1.80433500445183,0.680727526326579,-2.65059797741482,0.00803494186292228,0.0170111727367022,"","Os05g0585700",""
"Os05g0585900",8999.85715524911,-2.30971609877545,0.139495937803528,-16.5575868024814,1.41142472139345e-61,9.30076338350144e-60,"","Os05g0585900",""
"Os05g0586050",875.726344534504,-2.13139465103038,0.331756575497802,-6.42457394501439,1.3223936792121e-10,7.9992549291597e-10,"","Os05g0586050",""
"Os05g0586200",1343.02066266044,-1.23632595328721,0.102711982063228,-12.0368230507532,2.27551137450245e-33,5.41597937810253e-32,"","JAR1",""
"Os05g0586300",167.188790876949,-1.82105330625421,0.279329515321991,-6.51937302134015,7.06018775103693e-11,4.37982653749229e-10,"","OsbHLH051",""
"Os05g0586600",6347.83079600664,-4.64630775869981,0.26270005646202,-17.6867406169421,5.30569899756589e-70,4.44119270482061e-68,"","OsSIG5",""
"Os05g0587300",19.9592492725038,-1.62446506246424,0.685539867669339,-2.3696142836842,0.0178066509997551,0.0348550633449939,"","Os05g0587300",""
"Os05g0588100",1.59197407216606,-3.61676987114788,1.60677254558683,-2.25095324231281,0.024388499006644,0.0460820437647844,"","Os05g0588100",""
"Os05g0588225",201.128075246933,-2.53545367358036,0.226451486305412,-11.1964541056747,4.24381703415751e-29,8.35179147381419e-28,"","Os05g0588225",""
"Os05g0588250",282.776905154261,-2.67400611139974,0.210775924094742,-12.6864874291705,7.02670891533475e-37,1.92164201760761e-35,"","OsJ_RLL1",""
"Os05g0588300",488.644253682114,-2.52807119179169,0.236386923136009,-10.6946321659981,1.07846713945225e-26,1.85306382206716e-25,"","Os05g0588300",""
"Os05g0588500",187.433169928674,-8.86385660796259,0.766324324296603,-11.5667170242816,6.07634725876981e-31,1.30462440234436e-29,"","SWEET5",""
"Os05g0589700",94.6564489665666,-1.86483663549643,0.344087743507123,-5.41965434888508,5.97143756155292e-08,2.74905812825337e-07,"","OsRLCK191",""
"Os05g0590201",145.832185462282,-1.52503121661407,0.297017514876447,-5.13448244709894,2.82921495999245e-07,1.21028071587937e-06,"","Os05g0590201",""
"Os05g0594500",4119.06148138218,-2.74689451919416,0.370973165633322,-7.40456392446792,1.31582133243662e-13,1.02457904317354e-12,"","Os05g0594500",""
"Os05g0595000",197.307365345089,-3.76155416539098,0.246632598181711,-15.2516504027565,1.60523798412798e-52,7.7986238299488e-51,"","OsPR1#051",""
"Os05g0596000",37.8897610071619,-3.13520324885397,0.47539823607063,-6.59489878373921,4.25546082815933e-11,2.68699166511987e-10,"","Os05g0596000",""
"Os05g0596500",4.4341703939083,-3.30022646186323,1.22234340217485,-2.69991759761727,0.00693566521686289,0.0148956902503268,"","OsRFPH2-1",""
"Os05g0597700",3.14418499971639,-3.89661771726058,1.39376644689918,-2.79574653696799,0.00517799919058338,0.011453913574242,"","Os05g0597700",""
"Os06g0101600",73155.1141098981,-2.35966937795064,0.307630003071604,-7.67047867369883,1.71355657823621e-14,1.43096701513173e-13,"","OsPC",""
"Os06g0103100",12.2725475538059,-4.27214425064113,0.780558408668288,-5.47318971033807,4.42006486158978e-08,2.06750891213159e-07,"","Os06g0103100",""
"Os06g0103800",1309.43446845929,-1.53278035289784,0.139185587279683,-11.0124933396863,3.32667667185854e-28,6.1927173477565e-27,"","Os06g0103800",""
"Os06g0105350",7.19658960004384,-6.60303165829965,1.18655553396248,-5.56487367788757,2.62342382746343e-08,1.26116748492552e-07,"","OsHAM4",""
"Os06g0105800",903.98661829048,-1.18148450521943,0.156402467595983,-7.55412956956298,4.2167024814553e-14,3.41317338722698e-13,"","Os06g0105800",""
"Os06g0106500",258.34446467038,-1.07515274850437,0.207422999792648,-5.18338250617892,2.17897515539489e-07,9.45010807372996e-07,"","Os06g0106500",""
"Os06g0107000",39.4798179704478,-1.32829540721271,0.356599563028583,-3.7248935358517,0.000195397669177645,0.000566175657725941,"","OsSTA163",""
"Os06g0108900",1537.3093257395,-3.74228351599419,0.306000734978013,-12.2296553185177,2.15852603451161e-34,5.38046273210203e-33,"","BEL1",""
"Os06g0109200",92.6497115286797,-5.73656533188641,0.510441037792792,-11.2384485320616,2.63980821684863e-29,5.24511052035753e-28,"","Os06g0109200",""
"Os06g0109300",59.1965165968778,-4.98740326842521,0.425759485845425,-11.714133059236,1.0788919150343e-31,2.38889231267246e-30,"","Os06g0109300",""
"Os06g0110000",71.6915002608658,-2.43369698208395,0.276289299451306,-8.80850972845176,1.26820561060116e-18,1.41097128037113e-17,"","OsKAO",""
"Os06g0110100",1408.11608491564,-1.1863698298657,0.14861560659832,-7.98280784246461,1.43041496887667e-15,1.29065519606181e-14,"","OsEya1",""
"Os06g0112300",7.95616751650743,-3.19291439841435,1.16851630479422,-2.73245172986835,0.00628648824377115,0.0136428413082174,"","Os06g0112300",""
"Os06g0115600",4.29884702592046,-4.34110391524843,1.29053057456758,-3.36381330345699,0.00076873526886004,0.00201661765553681,"","CYCLOPS","IPD3"
"Os06g0117500",18.3568004773425,-2.08606344075739,0.489483347592662,-4.2617659027971,2.02817841447217e-05,6.82125377702958e-05,"","Os06g0117500",""
"Os06g0119200",23.2866048860802,-1.17960995199772,0.499652491192014,-2.36086074380124,0.0182325756796787,0.035607198519382,"","Os06g0119200",""
"Os06g0119300",39.9126923786418,-2.47348080915531,0.480069569251871,-5.15233826007743,2.57258466603913e-07,1.10565360399742e-06,"","Os06g0119300",""
"Os06g0119800",369.604722869886,-1.39347714937973,0.20477183093834,-6.80502363530327,1.01032648341207e-11,6.7199166376791e-11,"","Os06g0119800",""
"Os06g0119900",61.336605749743,-2.15643805559429,0.340673244797714,-6.32993077244662,2.45271216899017e-10,1.44451745688304e-09,"","Os06g0119900",""
"Os06g0120050",6.16606937572108,-3.2384453645043,1.29006631990511,-2.51029370702625,0.0120630782117859,0.0245876019129169,"","Os06g0120050",""
"Os06g0120200",138.60636914286,-4.85943262996822,0.359722039431293,-13.508854330001,1.38662508318969e-41,4.58085462482546e-40,"","Os06g0120200",""
"Os06g0124400",238.200936927903,-10.2121047855705,1.02740487318438,-9.93970833904907,2.79644697286329e-23,4.00969714390241e-22,"","Os06g0124400",""
"Os06g0125200",56.7314287623424,-1.09703834379816,0.300184635096885,-3.6545452882493,0.000257638184724701,0.000732472897639003,"","Os06g0125200",""
"Os06g0125400",386.666141908482,-1.05978292244383,0.185815432983099,-5.70341712434736,1.1742914518984e-08,5.83542304526406e-08,"","OsOPT2",""
"Os06g0125500",1739.91873113763,-1.74260340481303,0.180528168701116,-9.65280608201428,4.7828704636343e-22,6.44750715328983e-21,"","OsGT1",""
"Os06g0125700",27.9992971694144,-1.42772647233873,0.34323080325555,-4.1596688257485,3.18709371616431e-05,0.00010417760027098,"","Os06g0125700",""
"Os06g0125800",411.549450875573,-3.17631263388785,0.184094063884299,-17.2537482571091,1.04869809995778e-66,8.01962741439933e-65,"","OsBBI1",""
"Os06g0126100",2.54071936361883,-5.09421310712194,1.59761171879234,-3.18864280175206,0.00142942387877483,0.00355412297485238,"","Os06g0126100",""
"Os06g0126500",56.4874182049941,-1.00540352090127,0.360524961262494,-2.78872097338427,0.00529166341130404,0.0116792752843293,"","OsBAG3",""
"Os06g0128000",80.2887216390916,-1.9055170053871,0.422248798235833,-4.51278254277668,6.39826143479693e-06,2.31059209400909e-05,"","Os06g0128000",""
"Os06g0128300",1699.67681520971,-1.20020500835885,0.181463681638129,-6.61402324434414,3.74012973570987e-11,2.37430680147793e-10,"","ABCB23",""
"Os06g0129600",2.93734213466803,-5.30864300597367,1.46759743373453,-3.61723377538554,0.000297768345221062,0.000838672989603531,"","OsGLIP1",""
"Os06g0130400",2999.8530852036,-1.32042259218869,0.0999470706854338,-13.2112185293003,7.55907528413747e-40,2.36478798377619e-38,"","SSG6",""
"Os06g0131100",603.6337458528,-1.32348547381842,0.20305475399469,-6.51787484794878,7.1310449221933e-11,4.42267584573676e-10,"","OsWD40-124",""
"Os06g0131300",971.500379867932,-4.0428143458993,0.20418326074722,-19.7999303718845,2.98105492050085e-87,3.67470635648007e-85,"","ADC1",""
"Os06g0132400",2862.50403270701,-1.17217595619941,0.309112242779114,-3.79207224424631,0.000149395436486122,0.000441767601123838,"","ChlM",""
"Os06g0133000",24.176162873476,-4.02059237457756,0.558458030079129,-7.19945306186728,6.04545625773771e-13,4.45798421720141e-12,"","WX1",""
"Os06g0133100",2.54623219126684,-5.1175881569603,1.76415696239379,-2.90086895103496,0.00372129470709207,0.00850419839122119,"","Os06g0133100",""
"Os06g0133200",716.312996379147,-4.13519333472153,0.25131244738603,-16.4543912477587,7.80021486376163e-61,4.96827567299285e-59,"","Os06g0133200",""
"Os06g0133800",62766.4994675381,-2.40497305142684,0.190099562365941,-12.6511235559674,1.10286247844036e-36,2.99951960793818e-35,"","OsTK",""
"Os06g0136600",2512.82065282298,-2.41459723707528,0.18799982959142,-12.8436139666877,9.34099430748698e-38,2.6602507581219e-36,"","OsEno5",""
"Os06g0137400",2.4995929706661,-5.09341718917974,1.79289810819131,-2.84088491471388,0.00449885444767987,0.0100912653132504,"","OsSAUR24",""
"Os06g0137650",6.76886718338043,-3.9898543172283,0.953369593158254,-4.18500269555587,2.85162717321626e-05,9.3918339054605e-05,"","Os06g0137650",""
"Os06g0138400",3.8264808691134,-2.69143612127307,1.09371742643436,-2.4608148834635,0.013862186958956,0.0278807862880147,"","OsCAF1-6",""
"Os06g0141200",2026.70686444301,-4.12427960569575,0.286914403597278,-14.374599371751,7.47010731815022e-47,2.90104779031047e-45,"","OsZFP1",""
"Os06g0142500",2444.41972077717,-3.354918001157,0.29512745320139,-11.3676920420807,6.05679492418549e-30,1.23412177497158e-28,"","OsRLCK195",""
"Os06g0142600",2739.94505839285,-1.15384459657207,0.125538493473911,-9.19116172771233,3.88621298694147e-20,4.7456234192927e-19,"","HD3B","EF7"
"Os06g0143100",1942.06212943458,-2.93119536768866,0.179435008830609,-16.3356938358433,5.50029802855128e-60,3.41556100885752e-58,"","OsCDT2",""
"Os06g0143700",7.68340679466899,-1.823461370547,0.781646169529564,-2.33284757429881,0.0196561467379888,0.0380782132703009,"","OsSultr3",""
"Os06g0143800",2.51489373522946,-5.09540092845239,1.52410861330229,-3.3432006642966,0.000828179893345447,0.00215832971863762,"","Os06g0143800",""
"Os06g0144200",118.636823917765,-10.6463261019027,1.05792287285698,-10.0634236909462,8.01611232542605e-24,1.17942526773801e-22,"","Os06g0144200",""
"Os06g0144900",238.181507287937,-9.62762464381911,0.861918729586262,-11.1699912223053,5.7186531629136e-29,1.11304846360966e-27,"","Os06g0144900",""
"Os06g0145200",2.07551213161318,-4.81538099366669,1.82575424233995,-2.63747490324609,0.00835258058189219,0.0176144258300743,"","Os06g0145200",""
"Os06g0146100",128.386562098053,-1.40459586862397,0.312313239015228,-4.49739458068726,6.8791250181502e-06,2.46984611758742e-05,"","Pi9(t)",""
"Os06g0146250",111.368352820527,-2.51429315790717,0.221335767264621,-11.3596333253322,6.64228408526595e-30,1.35008919426279e-28,"","OsWRKY73",""
"Os06g0146300",4451.00778627464,-1.35237937830154,0.2284297377976,-5.92032977553829,3.21296699103244e-09,1.69450155676481e-08,"","Os06g0146300",""
"Os06g0147000",1.8751128761877,-4.65727301877597,1.64105887283184,-2.83796827516572,0.00454016949805465,0.0101704019234126,"","Os06g0147000",""
"Os06g0147250",5.11616745172553,-4.60287786296698,1.50915767127097,-3.04996485827128,0.0022886814396479,0.00545728611588451,"","Os06g0147250",""
"Os06g0150300",32.5606267030935,-3.8717970250194,0.56896411965955,-6.80499330491378,1.01053936257539e-11,6.7199166376791e-11,"","Os06g0150300",""
"Os06g0151900",653.635654419446,-3.06385225955648,0.218110702592068,-14.0472348360034,8.01010496785859e-45,2.93155643705513e-43,"","OsPFK06",""
"Os06g0152550",503.929673282946,-1.23941282566395,0.225917380680334,-5.4861331250015,4.10827341789153e-08,1.93004722175006e-07,"","Os06g0152550",""
"Os06g0155400",81.6551549325286,-1.60083799200076,0.303043142286288,-5.28254155472172,1.27403924689802e-07,5.66831934286088e-07,"","Os06g0155400",""
"Os06g0155500",164.079561930907,-2.03773154605071,0.368597524003274,-5.52833758599151,3.23279516512856e-08,1.53770331745806e-07,"","Os06g0155500",""
"Os06g0155600",1519.03764608452,-1.14883517131189,0.135477671636173,-8.47988570690157,2.25415263504633e-17,2.32229271677933e-16,"","Os06g0155600",""
"Os06g0157000",776.034898718748,-2.00804925995497,0.203017091684209,-9.89103549507286,4.55293795537818e-23,6.46835686470213e-22,"","OsGELP79",""
"Os06g0157500",601.193867913023,-8.63539052026842,0.419317268305614,-20.5939301168361,3.11082524558092e-94,4.53393630057402e-92,"","RFT1",""
"Os06g0157700",1287.5974352309,-7.68997242970834,0.25184160172361,-30.5349568025219,8.95683953151229e-205,1.38702258170175e-201,"","Hd3a","KMK0024M20.24"
"Os06g0158100",36.6864310919075,-1.95337767688983,0.459821691821338,-4.24811989437159,2.15572023827345e-05,7.21397627548638e-05,"","OsWRKY113",""
"Os06g0160800",10.7203164308262,-1.89594317378919,0.622467553246902,-3.0458506052237,0.00232023089420542,0.0055202958388446,"","P0681F10.14-1",""
"Os06g0164600",160.296929894521,-2.10274973255128,0.220814616470984,-9.52269268292568,1.68748804574538e-21,2.20754441971664e-20,"","Os06g0164600",""
"Os06g0165500",503.235780616966,-4.16731743149273,0.235985446987207,-17.6592136705729,8.64354132703682e-70,7.21080887070678e-68,"","OsRLCK198",""
"Os06g0166000",302.004969863203,-2.80295452447607,0.222957673473948,-12.5716889703892,3.02198139980643e-36,8.07719882880301e-35,"","OsFbox298",""
"Os06g0167200",35.9153687177427,-1.21471856984255,0.387539550800918,-3.13443767825017,0.00172183824377341,0.00421769512268649,"","Os06g0167200",""
"Os06g0167400",1404.08082499024,-1.19931954711772,0.191694318468151,-6.25641676133963,3.93923198438683e-10,2.27670517558089e-09,"","Os06g0167400",""
"Os06g0172675",20.8933706663876,-2.18469927796357,0.649453015979962,-3.3639065863249,0.000768475491869828,0.00201614964655429,"","Os06g0172675",""
"Os06g0179000",71.7656748136925,-2.76938188288939,0.31948153718112,-8.66836283349725,4.38377864687366e-18,4.74102503420292e-17,"","Os06g0179000",""
"Os06g0179100",22.590491554906,-2.42831233626506,0.561868077163306,-4.32185496019784,1.54722889091193e-05,5.28185315928972e-05,"","Os06g0179100",""
"Os06g0179700",540.207894877,-1.7281621798206,0.136202912967668,-12.6881440504201,6.8796747207296e-37,1.88768217669454e-35,"","OsPP2C54",""
"Os06g0180666",404.463282930111,-2.13171605360003,0.265495980403973,-8.02918390838329,9.8123174784461e-16,8.99111650012792e-15,"","Os06g0180666",""
"Os06g0181500",67.966654755238,-2.6965980713132,0.297551551034197,-9.06262481892855,1.27348440849771e-19,1.49896072158422e-18,"","OSA10",""
"Os06g0182100",32.8614321933032,-2.00234049137861,0.351275342904335,-5.70020222547735,1.19665387652596e-08,5.93702304739362e-08,"","Os06g0182100",""
"Os06g0182300",6.09591917842589,-4.25036979011907,1.0454496622405,-4.06559009355849,4.79110811089191e-05,0.000152347645872137,"","GSL5",""
"Os06g0185100",15.1305722817026,-2.5722888544122,0.879537617178588,-2.92459219955103,0.00344907888163386,0.00793782847299864,"","Os06g0185100",""
"Os06g0185900",556.80410745151,-2.25729495605223,0.269501307894912,-8.37582189743,5.48397927936688e-17,5.51895022765528e-16,"","OsGpx4",""
"Os06g0185966",4.32632182484911,-1.91423555865432,0.850496307568754,-2.25072765351139,0.0244027921676896,0.04610553466058,"","Os06g0185966",""
"Os06g0187500",84.84107583215,-2.68612450851037,0.412454055735912,-6.51254235751837,7.38893684309373e-11,4.57369823349237e-10,"","Os06g0187500",""
"Os06g0191800",13.6826399903032,-3.63784713542682,0.653409594856648,-5.56748349589958,2.58444547755923e-08,1.24411901296843e-07,"","OsCYP709C11",""
"Os06g0192000",35.0846521135713,-2.40824242063107,0.430826696312418,-5.58981706854283,2.27308950472224e-08,1.09829053546222e-07,"","Os06g0192000",""
"Os06g0192100",41.8201776137076,-1.12493614373234,0.415743236545778,-2.70584352274478,0.00681311408991635,0.0146547901559039,"","UGT",""
"Os06g0192800",21.7543060106015,-2.60259963947228,0.961132514688625,-2.70784683662006,0.00677212678764867,0.0145716878347869,"","Os06g0192800",""
"Os06g0196200",96.455202958842,-1.24394807036957,0.238185270407394,-5.22260704132507,1.76421513528854e-07,7.72569077537011e-07,"","Os06g0196200",""
"Os06g0196500",11.1244956870983,-1.71800628925551,0.56923029189602,-3.01812168767949,0.00254346749696359,0.00600643291767698,"","P0528E04.25",""
"Os06g0198900",8.24110386979296,-3.03681698753217,0.764002450926449,-3.97487859345169,7.04151669125597e-05,0.000218248260019076,"","OsRLCK202",""
"Os06g0199700",1.68058245202563,-4.50599506065693,1.65551269182047,-2.72181245297609,0.00649249770274684,0.0140407275535444,"","Os06g0199700",""
"Os06g0201500",4.88388178472672,-3.47080089153595,1.02828077405603,-3.37534356287288,0.000737235925316754,0.00194117901398228,"","Os06g0201500",""
"Os06g0202300",124.909567809552,-4.493937055333,0.312237016208015,-14.3927107359337,5.74973907679927e-47,2.23995731298515e-45,"","Os06g0202300",""
"Os06g0202400",43.438188571041,-3.96418308735369,0.392435616395083,-10.1014865158486,5.44110703255238e-24,8.11157093535201e-23,"","Os06g0202400",""
"Os06g0202900",135.25139308933,-1.20351831072245,0.284951853551635,-4.22358477659231,2.40446864782815e-05,7.98706524832256e-05,"","OsRLCK203",""
"Os06g0205600",208.668878167718,-1.78985138100645,0.172244007945969,-10.3913709530488,2.71423290956824e-25,4.36408493188658e-24,"","Os06g0205600",""
"Os06g0206000",31.1214807799178,-1.86870057417726,0.440482133279968,-4.24239812012881,2.21143940826201e-05,7.38348392649343e-05,"","OsCPA3",""
"Os06g0206700",72.854715047923,-1.07494374667132,0.296421535284784,-3.6264023315262,0.00028739745170775,0.000811030371408077,"","Os06g0206700",""
"Os06g0206900",420.122101361207,-3.17679861660516,0.302525099434946,-10.5009423103695,8.55220935102281e-26,1.41077291005521e-24,"","Os06g0206900",""
"Os06g0207700",98.6646189572709,-2.15490345053719,0.240414615430474,-8.96327973521385,3.15161748499065e-19,3.642146754926e-18,"","OsCNGC13",""
"Os06g0208700",389.715200965793,-1.72140924615027,0.250308925252163,-6.87713889712926,6.10665643212722e-12,4.1532974586554e-11,"","OsPFA-DSP3",""
"Os06g0210400",64.0160598833172,-1.12223547373978,0.309857178103026,-3.62178304407923,0.000292579452683507,0.000824714573280915,"","Os06g0210400",""
"Os06g0212500",4.25770482206829,-3.2313056961432,1.16399484790928,-2.77604810875851,0.00550240659129009,0.0120991416500173,"","Os06g0212500",""
"Os06g0212900",20.9260391055779,-1.52936675414051,0.457543206341923,-3.34256247921998,0.000830086659222249,0.0021629043175465,"","Os06g0212900",""
"Os06g0213400",1553.00617584308,-1.10720384894381,0.137783489091416,-8.03582385846829,9.29521971688142e-16,8.53940151743311e-15,"","Os06g0213400",""
"Os06g0214800",422.597854766089,-1.3830768240842,0.266101087973394,-5.19756170340231,2.01919526755816e-07,8.78945909070425e-07,"","GID1L2",""
"Os06g0216700",410.217875037078,-1.30273433181786,0.366500328437522,-3.55452432299783,0.00037866348502363,0.00104711441611947,"","OsSCL3",""
"Os06g0217300",2105.20306180592,-2.5502796258568,0.163991432762417,-15.5512979117118,1.55913811469229e-54,8.2018609485628e-53,"","OsMADS55",""
"Os06g0217600",1252.34449812716,-2.79691083423971,0.189044093487032,-14.7950183613199,1.57741291260729e-49,6.78534023188728e-48,"","Os06g0217600",""
"Os06g0218000",3.26270446412545,-3.91499376003083,1.35197602191107,-2.89575680084684,0.00378245409159562,0.00862646033021582,"","OsSKIPb",""
"Os06g0225300",122.965618408281,-3.4136106399851,0.21764005418908,-15.6846617811418,1.92586168174759e-55,1.03732771497087e-53,"","OsSERK3",""
"Os06g0227250",10.1728055768928,-1.30588783692418,0.566064795788493,-2.30695822570129,0.0210571490487667,0.0404538250741484,"","Os06g0227250",""
"Os06g0228200",730.965773439352,-5.54153037744856,0.32050501486117,-17.2899958518557,5.59563010337323e-67,4.33259147097746e-65,"","LSI6",""
"Os06g0228500",91.9083915693129,-4.45618930432793,0.494246084922175,-9.01613475608939,1.94842697482373e-19,2.26861725353419e-18,"","OsATL12",""
"Os06g0232100",826.745113323003,-1.58301694366769,0.164784610638358,-9.60658242013773,7.4996952615388e-22,1.00064593158399e-20,"","Os06g0232100",""
"Os06g0232600",34.9756936739941,-1.11322601579842,0.340596224128399,-3.26846258688633,0.00108133472563731,0.00275895690424423,"","OsDHAR2",""
"Os06g0232700",12.8147382290118,-2.04921295875211,0.66097538846415,-3.10028632611221,0.00193333650526699,0.00468711140812136,"","Os06g0232700",""
"Os06g0233800",74.6947594830968,-1.40503701341821,0.343034718522872,-4.09590323530044,4.20525565981525e-05,0.000135175946397564,"","Os06g0233800",""
"Os06g0235900",30.5590961492079,-1.03732909671668,0.349061794802037,-2.97176348762252,0.00296094682515696,0.00689829614357443,"","Os06g0235900",""
"Os06g0238000",267.67073486468,-2.40236908364388,0.237785266590222,-10.1031031825193,5.35212382318671e-24,7.98371896249832e-23,"","OsPUB20",""
"Os06g0238200",46.2746278843753,-2.09404961525562,0.344225521198144,-6.08336537037369,1.17685741778489e-09,6.48554186842887e-09,"","OsPUB19",""
"Os06g0238700",9.38127491364665,-2.25929411959067,0.620811816422766,-3.63925759759075,0.000273425181375255,0.00077398100296295,"","OsWD40-127",""
"Os06g0239200",551.122913865769,-1.40742546671971,0.216325082046961,-6.50606694980555,7.71438558849968e-11,4.76537850227516e-10,"","Os06g0239200",""
"Os06g0241100",67.960286586066,-2.4796454079525,0.283463870919892,-8.74765944564858,2.17823467714846e-18,2.39973857695453e-17,"","Os06g0241100",""
"Os06g0241200",206.649388178316,-1.68785194488224,0.249103617227214,-6.77570227068485,1.23803398155002e-11,8.17775738759393e-11,"","Os06g0241200",""
"Os06g0245800",8288.50112889981,-1.58418988624111,0.142215217613405,-11.1393837651576,8.0675627024261e-29,1.54953489207761e-27,"","Os06g0245800",""
"Os06g0248500",73.6353795662483,-2.09812461700245,0.389530278817306,-5.38629403437593,7.1925263974741e-08,3.28496270138647e-07,"","OsPUB39",""
"Os06g0251100",1040.89097965722,-2.0920912875438,0.175888423343542,-11.894422883407,1.26524605651026e-32,2.91077080242848e-31,"","Os06g0251100",""
"Os06g0254300",2991.29872336624,-1.33733833265317,0.150941661979792,-8.8599682494036,8.00372314326939e-19,9.01401128730843e-18,"","P0046H10.37-1","P0592E11.7-1"
"Os06g0255001",632.021818058911,-1.65548889445353,0.153969397800394,-10.7520644888129,5.79498286222312e-27,1.00407196068043e-25,"","Os06g0255001",""
"Os06g0255100",57.7169586779125,-1.64995612100411,0.32897828165175,-5.01539527995568,5.29245445193632e-07,2.18697705062752e-06,"","Os06g0255100",""
"Os06g0255400",248.887741450653,-2.05933596662502,0.318729203105123,-6.46108341050195,1.03955995448757e-10,6.34569524324675e-10,"","Os06g0255400",""
"Os06g0255700",1627.57784676792,-1.29415114883989,0.127155258312884,-10.1777241933278,2.49324073113851e-24,3.80857124509364e-23,"","Os06g0255700",""
"Os06g0257450",880.931569157832,-1.60109390065509,0.219904268948811,-7.28086775353957,3.31679706994574e-13,2.50244461029372e-12,"","ST1",""
"Os06g0259901",50.0723048336856,-1.06623319946402,0.370219107826911,-2.88000585848345,0.00397667781470757,0.00902621346784622,"","Os06g0259901",""
"Os06g0263450",5.90764559808234,-3.79167770111662,1.12232073926746,-3.37842612049694,0.000729020183250292,0.00192158862557367,"","Os06g0263450",""
"Os06g0264800",26674.0975781386,-2.62486689380506,0.269838316143494,-9.7275543789312,2.30057418456537e-22,3.14230025198325e-21,"","Os06g0264800",""
"Os06g0268600",24.9782907583456,-1.11517473809029,0.464861748321856,-2.39893848464851,0.0164426767298782,0.0324285760834349,"","Os06g0268600",""
"Os06g0273500",3.14210063536815,-5.42240879006106,1.80917087167285,-2.99717891491765,0.00272490738478217,0.0063989224028763,"","Lip",""
"Os06g0274300",332.330315888313,-3.23682782077743,0.279655892827467,-11.5743236734668,5.56080511940527e-31,1.19704664155955e-29,"","SEPK1",""
"Os06g0274500",305.366664022012,-2.60131279091045,0.204351342457033,-12.729609503091,4.04858942213827e-37,1.11830434907826e-35,"","OsSERL2",""
"Os06g0282400",45.9668983764006,-2.07283326008695,0.341028610172104,-6.07817994813068,1.21554303941181e-09,6.68238515365131e-09,"","Os06g0282400",""
"Os06g0283300",522.81682403081,-1.64628052188494,0.162835590195518,-10.1100780235342,4.98445646385752e-24,7.44423615461108e-23,"","Os06g0283300",""
"Os06g0284900",342.408576390811,-10.7339424166737,1.02029222484802,-10.520458899187,6.95340862064663e-26,1.15317674293013e-24,"","OsAGP7",""
"Os06g0285900",1.88816569233174,-4.68666466365439,1.63640967838649,-2.86399226645706,0.00418338225068088,0.00944864740429536,"","Os06g0285900",""
"Os06g0286700",20.0048928715324,-1.56725906427646,0.509571251117817,-3.0756426325827,0.00210049436149933,0.00505379188142056,"","Piz",""
"Os06g0288100",579.612692516521,-3.74503990434858,0.243546243854936,-15.377120357394,2.3308600224143e-53,1.17620608503786e-51,"","PK",""
"Os06g0293000",3.79384882481132,-3.10316389870097,1.12352449631479,-2.76199042288751,0.00574501635985247,0.0125768042364432,"","Os06g0293000",""
"Os06g0293100",37.4942576986726,-5.50748802658296,0.629945445554796,-8.7428015639235,2.27399885905237e-18,2.50079315271818e-17,"","Os06g0293100",""
"Os06g0293300",14.8950396972078,-4.57090564242693,0.791772299545775,-5.77300525043523,7.78700143221135e-09,3.94476660163362e-08,"","Os06g0293300",""
"Os06g0294000",212.266880833824,-1.47109253636011,0.297197009819748,-4.94989009900314,7.42554004616632e-07,3.01561392761618e-06,"","Os06g0294000",""
"Os06g0295366",23.9187126335873,-1.11540521205414,0.404419503259803,-2.75804011197153,0.00581490620624856,0.0127129560639037,"","Os06g0295366",""
"Os06g0296700",38.3333833970586,-1.96987346101267,0.364497527977703,-5.40435341754409,6.50425882133641e-08,2.98326584258149e-07,"","Os06g0296700",""
"Os06g0303600",137.861235648986,-1.62481840098093,0.414054957811016,-3.92416120210433,8.70324456726598e-05,0.000266650538695621,"","Os06g0303600",""
"Os06g0304600",39.4005258212982,-2.39909588367422,0.439831953870294,-5.4545738720514,4.90904242873661e-08,2.28244218909377e-07,"","B1386G10.6-1",""
"Os06g0306300",13.0913777820723,-6.00717900713994,1.25603070580968,-4.78266891036516,1.7298292094489e-06,6.70315582147565e-06,"","prx78",""
"Os06g0313440",23.1869939496058,-5.20656858185953,0.840536752702248,-6.19433780274437,5.85305781227237e-10,3.32770108799157e-09,"","Os06g0313440",""
"Os06g0314501",1.69498770388531,-4.51481975424286,1.61586305427701,-2.79406088423931,0.0052050677861804,0.0115065992628651,"","Os06g0314501",""
"Os06g0314600",6.49650270253827,-2.42722786073887,0.825642450907167,-2.93980506703837,0.00328418792409466,0.0075907018838893,"","JMT-1",""
"Os06g0316000",705.734818820566,-1.18487784551021,0.265522038986438,-4.46244631908213,8.10292316726245e-06,2.87630554892925e-05,"","Os2H16",""
"Os06g0318600",143.32769781934,-1.91626700922016,0.242454682800496,-7.9036089841043,2.70942048170769e-15,2.39669087023461e-14,"","OsCttP3",""
"Os06g0320200",89.1541610377006,-8.20788147419915,0.905111084162849,-9.06836919557863,1.20811591187403e-19,1.4240479518793e-18,"","Os6bglu24",""
"Os06g0320500",178933.180965887,-1.83352190649165,0.217838367340425,-8.41689151859246,3.86605365367997e-17,3.91615745614181e-16,"","Os06g0320500",""
"Os06g0329200",144.751381160331,-2.36842097452497,0.226184548384279,-10.471188202039,1.17163026107422e-25,1.92248231646596e-24,"","Os06g0329200",""
"Os06g0336500",11.5600304370933,-1.60291753109748,0.602660801486258,-2.65973417740863,0.00782023448646058,0.0166048461625704,"","OsCSLD5",""
"Os06g0338200",21.1172223403121,-1.71115177245171,0.495430153259626,-3.4538708659402,0.000552601912293873,0.00148759426128915,"","OsDAO1",""
"Os06g0348800",8737.82896204759,-2.56237079243108,0.232710184740326,-11.0109954804528,3.38245480581183e-28,6.28710298001497e-27,"","OsGLK1",""
"Os06g0355300",14.12861282485,-6.12103607552782,1.12838328349635,-5.42460719247938,5.80821262204177e-08,2.67689888646445e-07,"","OsIAA21",""
"Os06g0360300",580.97216630002,-2.60530910300166,0.214619555227873,-12.1391971958728,6.54651748843837e-34,1.6027970732316e-32,"","Os06g0360300",""
"Os06g0364500",38.9317572964419,-1.09318691775371,0.383333575919658,-2.85179015464805,0.00434737895661705,0.00977716333013529,"","Os06g0364500",""
"Os06g0472000",2335.07194076149,-1.04868284220324,0.152123703896461,-6.89361891238859,5.43906123897208e-12,3.71556714414148e-11,"","OsMSRB1",""
"Os06g0472900",4.6589903277991,-5.97337948017518,1.35359570524524,-4.41297165544194,1.01961349773658e-05,3.56519385173853e-05,"","prx79",""
"Os06g0476900",238.053231116697,-1.3199876934313,0.250867008671446,-5.2617030051969,1.42727184387201e-07,6.31153212129518e-07,"","Os06g0476900",""
"Os06g0478600",4.17315230418846,-3.19417860695038,1.2062508187103,-2.64802191833166,0.00809642756951096,0.0171297884285276,"","Os06g0478600",""
"Os06g0480500",477.864504516737,-2.96258703240746,0.268047930945806,-11.0524525294935,2.13306598147451e-28,4.00993746760196e-27,"","Os06g0480500",""
"Os06g0483500",1629.92473690322,-1.35473470219216,0.191913921577276,-7.0590746677367,1.67614993667071e-12,1.19435633592536e-11,"","Os06g0483500",""
"Os06g0486000",13.1703619255174,-7.47096109602723,1.16132555532062,-6.43313243370818,1.25000646996669e-10,7.57617668942384e-10,"","OsSTA174",""
"Os06g0493100",2.3053220516936,-4.95015099183041,1.82061932073171,-2.71893796548361,0.00654918895316692,0.0141460426024424,"","bphi008a",""
"Os06g0493600",469.499261180502,-5.41537890917401,0.31799716146171,-17.0296454354548,4.95032508944814e-65,3.60747661003696e-63,"","Pho1",""
"Os06g0494000",360.077929866444,-1.16409224197576,0.156026879459343,-7.46084422126186,8.59698455423224e-14,6.79449717066068e-13,"","B1423D04.24-1",""
"Os06g0494400",92.6759071752722,-4.87855080220366,0.426383385563076,-11.4417000459835,2.58764670214058e-30,5.35176313346721e-29,"","Os06g0494400",""
"Os06g0500300",394.727746089727,-1.07319903034622,0.274798493032467,-3.90540362322664,9.40682438218549e-05,0.000286788344675046,"","Os06g0500300",""
"Os06g0500700",3.92766485419054,-3.16846616609986,1.32358705135683,-2.39384796251355,0.0166726583083171,0.0328272770903665,"","Os06g0500700",""
"Os06g0506000",102.811973313676,-2.45277163401959,0.243351582830316,-10.0791275137498,6.83301555194247e-24,1.01163551167732e-22,"","Os06g0506000",""
"Os06g0516301",5.06172410264949,-1.8419933740444,0.78967727100284,-2.33259008671376,0.0196696697333174,0.0380954746331904,"","Os06g0516301",""
"Os06g0517500",163.260174136771,-1.15365365403692,0.178493587653357,-6.46327786451,1.02458900335981e-10,6.25893533931112e-10,"","Os06g0517500",""
"Os06g0520733",228.873149149096,-4.13787358832318,0.296797618369977,-13.9417344756623,3.53249916262525e-44,1.26298314216978e-42,"","Os06g0520733",""
"Os06g0523100",3393.34369526308,-1.56030941640494,0.134726580917133,-11.581303450168,5.12606428450246e-31,1.10538289623253e-29,"","Os06g0523100",""
"Os06g0523300",1969.53401075802,-1.13161842565123,0.195234954898044,-5.7961876050433,6.78393727375041e-09,3.45712903808544e-08,"","Os06g0523300",""
"Os06g0528700",72.1949564844196,-1.22972472037567,0.295698005418979,-4.15871834723149,3.20038222097836e-05,0.000104543006314016,"","Os06g0528700",""
"Os06g0529800",382.487992079366,-1.02894663838049,0.189042208048968,-5.44294657261916,5.24063689821411e-08,2.4302313387058e-07,"","Os06g0529800",""
"Os06g0531600",244.551313864989,-1.34791427355313,0.272874669542974,-4.93968266021427,7.82498129045386e-07,3.16434733856007e-06,"","OsGELP84",""
"Os06g0531751",25.6798372740756,-1.35995416209657,0.416149328084381,-3.26794751383288,0.00108330453224796,0.00276312913274735,"","Os06g0531751",""
"Os06g0534800",21.2788064036394,-1.65473916270339,0.513024031956845,-3.22546130322913,0.00125769836783512,0.00316493931138033,"","Os06g0534800",""
"Os06g0538400",31.4603825333533,-2.56856453765609,0.469257755322202,-5.47367519987487,4.40796661281802e-08,2.06223921385559e-07,"","P0551A03.34-1",""
"Os06g0542300",42.499692069507,-1.59783549678054,0.327183277519622,-4.88360991091519,1.04161044970931e-06,4.14986044580279e-06,"","Os06g0542300",""
"Os06g0543200",259.408491505951,-2.00291159616177,0.178190041720678,-11.2403116179828,2.58468359662082e-29,5.13970348904287e-28,"","Os06g0543200",""
"Os06g0543400",224.454702411464,-2.45150185704249,0.295894039384464,-8.28506671557915,1.18042894779622e-16,1.15465803551311e-15,"","OsCIPK25",""
"Os06g0550800",387.517691303042,-1.86597362631821,0.183782396749389,-10.1531684172272,3.20776605095312e-24,4.86406483748259e-23,"","Os06g0550800",""
"Os06g0551500",4.55561278701473,-4.42221498656188,1.29297153265214,-3.42019516662603,0.000625762239957193,0.00166930566531216,"","Os06g0551500",""
"Os06g0551800",558.378520499709,-1.35351504770934,0.176568149226013,-7.66568066575129,1.77885274288477e-14,1.48249695292486e-13,"","Os06g0551800",""
"Os06g0552900",46.4921822343039,-5.66418067871189,1.11648518344567,-5.07322511995297,3.9112931911341e-07,1.64421634538055e-06,"","OsFTL12",""
"Os06g0554200",607.181158723229,-6.36922596927555,0.278286124593479,-22.8873285672425,6.21329624675565e-116,1.45232868967797e-113,"","Os06g0554200",""
"Os06g0554800",3607.28252772299,-2.04497169527785,0.156103463060932,-13.100104604852,3.2880418326525e-39,1.00083307724363e-37,"","OsABCG42",""
"Os06g0555101",346.969349139078,-2.4711548297787,0.239651883796058,-10.3114350308285,6.25601091107336e-25,9.86665705561201e-24,"","Os06g0555101",""
"Os06g0556600",15.6611604059175,-7.72513643876441,1.1362467646542,-6.79881930499087,1.05480013498748e-11,7.00101337920836e-11,"","Os06g0556600",""
"Os06g0557100",274.414624253347,-1.33268072994926,0.231575673661189,-5.75483905057774,8.67243811821969e-09,4.37275130759319e-08,"","Os06g0557100",""
"Os06g0560000",21.9848566191059,-2.15416846116446,0.49389474205402,-4.36159423808738,1.2911816057215e-05,4.4513157986589e-05,"","Os06g0560000",""
"Os06g0562200",29.4297313159092,-5.15980471829589,0.600561066508656,-8.59164039436032,8.57363636841073e-18,9.07428399402446e-17,"","OsPYL/RCAR9",""
"Os06g0562300",3.66114642072458,-5.6218865504646,1.5315103428339,-3.67081200383009,0.000241781131484892,0.000690799249861758,"","Os06g0562300",""
"Os06g0564500",1756.79646407194,-1.24015108027087,0.180337200447902,-6.8768455825571,6.11923770181212e-12,4.1595707143429e-11,"","Os06g0564500",""
"Os06g0565100",3.68753863347245,-3.00289627763115,1.14397821401349,-2.62495932251707,0.00866593195665333,0.0182240533092853,"","Os5100",""
"Os06g0569500",362.772256714172,-4.42044633694818,0.598387942972634,-7.38725836451277,1.4988717916062e-13,1.16309258943397e-12,"","KO4",""
"Os06g0569900",24.7743613531372,-1.423660670625,0.369070140728179,-3.85742576686402,0.000114587463538296,0.000344722387577509,"","OsKO1",""
"Os06g0570100",283.041579924694,-1.64303457189704,0.231389021943152,-7.10074556735324,1.24085637379125e-12,8.91926265547599e-12,"","d35",""
"Os06g0579100",35.4593736336546,-3.48487567021639,0.406636001977268,-8.57001262374992,1.03473697066908e-17,1.08864874404534e-16,"","Os06g0579100",""
"Os06g0579200",13.2922892991943,-7.48610137764507,1.19789413866833,-6.24938476280317,4.12072643093766e-10,2.37508577038238e-09,"","OsLCT1",""
"Os06g0579600",129.790375701781,-2.15470692789641,0.23310942119067,-9.24332837725157,2.38946306783511e-20,2.94986180526908e-19,"","Os06g0579600",""
"Os06g0581500",254.869759030038,-2.75642009746857,0.228051077935008,-12.0868540610631,1.23942320076609e-33,3.00187572291117e-32,"","Os06g0581500",""
"Os06g0581701",68.5505158323912,-2.25166918727161,0.324463217960705,-6.93967470773315,3.93003823079659e-12,2.72148007949825e-11,"","Os06g0581701",""
"Os06g0583900",3.07528526559002,-5.37691152285663,1.68395346098547,-3.19302857675769,0.00140789012951672,0.00350832683687375,"","Os06g0583900",""
"Os06g0584400",4.06945721437737,-2.5259714415542,1.01965009145153,-2.47729241896926,0.0132383390641887,0.026769470904546,"","Os06g0584400",""
"Os06g0587900",38.416857775266,-4.71465313172989,0.486549414646026,-9.68997801623065,3.32600252485183e-22,4.50811622309922e-21,"","Os06g0587900",""
"Os06g0589300",36.580510630045,-1.21084560129078,0.43453307466586,-2.78654415943338,0.00532733590538449,0.0117506811829174,"","OsABCA2",""
"Os06g0590600",74.8419728750747,-9.98185253841622,1.04786294580139,-9.52591422228622,1.63595539647832e-21,2.14126079548565e-20,"","Os06g0590600",""
"Os06g0591400",10.1045684334256,-4.55604428680297,1.35458150384982,-3.36343311484348,0.000769794873273718,0.00201918352478329,"","Os06g0591400",""
"Os06g0591600",815.445737864091,-3.91360594776292,0.178371305392557,-21.9407821182331,1.06062124624504e-106,2.05304786079791e-104,"","Os06g0591600",""
"Os06g0592200",24.356274233204,-2.04192495308374,0.45050670909533,-4.5325073120091,5.82876578005785e-06,2.11691026421769e-05,"","Os06g0592200",""
"Os06g0593800",2519.39248349353,-1.53047496798825,0.168821389308026,-9.06564609058985,1.23867950321785e-19,1.45868640927893e-18,"","Os06g0593800",""
"Os06g0594100",3623.3254838975,-1.28864640086493,0.109300491859629,-11.7899414626596,4.39846642707806e-32,9.88936503300482e-31,"","OsCRO",""
"Os06g0597000",105.415777429917,-1.83267704071814,0.320041038696729,-5.72638136715579,1.02595446859768e-08,5.13225799887839e-08,"","OsIAA23",""
"Os06g0597400",586.472398494943,-1.22786485252303,0.174286478686268,-7.04509530388359,1.853346109669e-12,1.31539262558776e-11,"","PNH1",""
"Os06g0597600",29.6815078431526,-1.02938806834209,0.38177164953943,-2.69634497371386,0.0070105021380181,0.0150297838083996,"","Os06g0597600",""
"Os06g0597900",4427.78983637641,-1.68233269026474,0.16249125851384,-10.3533735023749,4.03994580904683e-25,6.43301653668081e-24,"","Os06g0597900",""
"Os06g0600400",25.7072112702653,-3.72670826228275,0.67711176821524,-5.50383029393473,3.71627295443998e-08,1.75487125961805e-07,"","OsCYP734A4",""
"Os06g0600700",841.044914742958,-2.44981875846191,0.17895679678221,-13.6894423822491,1.17406783752325e-42,4.00687035954734e-41,"","P0486H12.1-1","P0457B11.13-1"
"Os06g0601100",3746.93270342259,-1.22367997414875,0.121497950464963,-10.0716100104226,7.37606141467709e-24,1.08848525117007e-22,"","Os06g0601100",""
"Os06g0601500",70.310949737486,-3.03682273355267,0.408581777996513,-7.43259464101356,1.06487858113839e-13,8.3548120978043e-13,"","OsbZIP48",""
"Os06g0601600",9.53730966318355,-4.16363389419365,0.848408442906566,-4.90758187168605,9.22061689088415e-07,3.70094321570446e-06,"","OsCesA11",""
"Os06g0603000",5188.67034960348,-1.03335727135407,0.192385109419767,-5.37129549407785,7.8172988490061e-08,3.55719400517583e-07,"","SE5",""
"Os06g0604200",108.837680478453,-3.72498463980726,0.744884344054338,-5.00075571401126,5.71060314448238e-07,2.35192177710838e-06,"","OsPLDalpha4",""
"Os06g0604300",172.847685503567,-6.92541992846499,0.43706184290873,-15.8454004640968,1.51254355619759e-56,8.53674070430699e-55,"","OsPLDalpha5",""
"Os06g0604400",939.543973376517,-2.08107631355486,0.225452504020449,-9.2306640043621,2.68959357273469e-20,3.31707615488539e-19,"","OsPLDalpha3",""
"Os06g0604500",856.109226087202,-1.56012081803342,0.145944779196887,-10.6898021746207,1.13613049528454e-26,1.94943942393802e-25,"","Os06g0604500",""
"Os06g0604600",1813.61191666556,-1.82103912339829,0.158892187839969,-11.4608474346919,2.07474731345833e-30,4.31983312483673e-29,"","Os06g0604600",""
"Os06g0605900",1193.08874076442,-1.08668479140058,0.204369639994054,-5.31725158116535,1.05346365232486e-07,4.72856320899511e-07,"","OsFbox316",""
"Os06g0607100",479.049481816839,-4.50571016990365,0.232089761869466,-19.4136532934951,5.9166880515063e-84,6.66353544782598e-82,"","Os06g0607100",""
"Os06g0607200",1020.02447882743,-2.34204745964394,0.151684278271455,-15.4402782301051,8.77210414807294e-54,4.5280505099334e-52,"","Os06g0607200",""
"Os06g0608700",32998.6080717245,-3.17859367966618,0.24954735017865,-12.7374371131997,3.66228807068335e-37,1.01499453609979e-35,"","OsAld-Y",""
"Os06g0609700",346.192291647566,-1.1738748628477,0.147259112758131,-7.97149216005232,1.56769841024387e-15,1.41041624947757e-14,"","Os06g0609700",""
"Os06g0609900",144.676933993353,-2.04566492470191,0.295538368605318,-6.92182519094105,4.45861237453981e-12,3.06949260361136e-11,"","Os06g0609900",""
"Os06g0610000",93.370860835558,-1.68332593889519,0.283236314354121,-5.94318543769277,2.79535900144052e-09,1.48500450211603e-08,"","Os06g0610000",""
"Os06g0610350",14.5361900130868,-1.19766132045081,0.516198506310016,-2.32015650144389,0.0203324127409767,0.0391921729020679,"","MOC1",""
"Os06g0610800",18.6898687868665,-3.85712741084699,0.642358212216342,-6.0046362566747,1.91761316928694e-09,1.03558634471278e-08,"","P0490F09.29-1",""
"Os06g0611900",80426.8097484121,-3.11764568986092,0.207248025641905,-15.043065815487,3.8337576730463e-51,1.74291768559758e-49,"","Os06g0611900",""
"Os06g0612550",4.45518163613122,-5.15112659078548,1.27936494417907,-4.02631525447245,5.66577160945789e-05,0.000178057868046091,"","Os06g0612550",""
"Os06g0614000",9.18875940252655,-2.87750672722052,0.665571489003842,-4.32336236566755,1.53669020455519e-05,5.24814405456997e-05,"","OsFTIP1",""
"Os06g0614100",88.9151223805225,-1.35269413480768,0.214185844297527,-6.31551603815913,2.69261459159411e-10,1.578304039175e-09,"","OsbZIP49",""
"Os06g0618700",252.121668710671,-1.86551651523882,0.210684138095856,-8.85456556957344,8.40103684577407e-19,9.44002221894531e-18,"","OsVQ24",""
"Os06g0624900",1624.88930548459,-1.01900487346085,0.223215851861151,-4.56510980275143,4.99232965207892e-06,1.8273740846441e-05,"","Os06g0624900",""
"Os06g0630850",144.768848198856,-1.28839089655461,0.30215458615281,-4.26401238173837,2.00788310337172e-05,6.75758213151877e-05,"","Os06g0630850",""
"Os06g0634300",3800.17099446705,-2.01062830284474,0.165502022746592,-12.1486630161814,5.83113536650779e-34,1.43189336943472e-32,"","Os06g0634300",""
"Os06g0636800",5.06693899214314,-5.3430250586214,1.24630192562306,-4.28710326829534,1.81018153998623e-05,6.12800492092347e-05,"","Os06g0636800",""
"Os06g0638200",5401.19047429365,-2.91076473295945,0.141627430478733,-20.5522667686647,7.34520622598502e-94,1.05809403872809e-91,"","Os06g0638200",""
"Os06g0640599",363.319197078403,-7.90707148193083,0.41792204249583,-18.9199675487557,7.81025718874257e-80,7.9309320641588e-78,"","Os06g0640599",""
"Os06g0646000",3687.62550688484,-2.32481319371226,0.178634914383756,-13.0143270240998,1.01431953441767e-38,3.00979582087024e-37,"","Os06g0646000",""
"Os06g0646600",4068.25442515104,-1.62459214149237,0.158698688697319,-10.236960083463,1.35424687500393e-24,2.09713592637327e-23,"","HOS59",""
"Os06g0647000",19.5188004601646,-1.1954981828038,0.534857350213339,-2.23517201797255,0.0254060577793191,0.0477461994537462,"","Os06g0647000",""
"Os06g0647400",299.73333820197,-1.42676512099795,0.252568507006923,-5.64902227085201,1.61362952417361e-08,7.9107437120003e-08,"","OsProCP2",""
"Os06g0648500",268.158053308754,-1.12301108628815,0.317308325703423,-3.53917938900157,0.000401372997289842,0.00110453778138721,"","Os06g0648500",""
"Os06g0649000",17.528543559693,-3.63268002998072,0.632073369342703,-5.74724423805162,9.07096582547882e-09,4.56904493307357e-08,"","WRKY28",""
"Os06g0650300",1.86070762432802,-4.64849030849259,1.60037515159307,-2.90462539602999,0.00367692882530525,0.0084082386252504,"","OsglHAT1",""
"Os06g0653000",6.50694959653161,-4.96030898980571,1.49668499660183,-3.31419704284329,0.000919067156612313,0.00237601491437639,"","OsGL1-3",""
"Os06g0654400",191.742936590993,-2.17085752533598,0.225601249760482,-9.62254210754931,6.42239526661843e-22,8.60149662275702e-21,"","Os06g0654400",""
"Os06g0654900",9711.65452564192,-2.15477909793391,0.252063261253093,-8.54856470245512,1.24628591471512e-17,1.30347092059504e-16,"","OsBBX20",""
"Os06g0655100",452.953446563425,-1.34000593525798,0.160641915301021,-8.34157095766061,7.3310015969922e-17,7.30358771888524e-16,"","Os06g0655100",""
"Os06g0655500",2187.49785904716,-1.88451194096197,0.125700530552448,-14.9920762679332,8.27261329481645e-51,3.74033831397203e-49,"","OsFbox319",""
"Os06g0656300",944.720352276017,-1.38935039386972,0.190618767673434,-7.28863380467312,3.1311382744858e-13,2.36669350295713e-12,"","Os06g0656300",""
"Os06g0659400",13.2180236790394,-2.31028101070396,0.507507087362051,-4.55221428081422,5.30842268344599e-06,1.9364957130115e-05,"","OsTBL29",""
"Os06g0660800",306.178789149471,-2.53198380924474,0.19807003190113,-12.7832756169223,2.03322464897072e-37,5.73119535011917e-36,"","Os06g0660800",""
"Os06g0661200",354.256973814208,-1.57817300480797,0.268496800173072,-5.87780935858708,4.15731297713329e-09,2.16216926184785e-08,"","OsBBX21",""
"Os06g0661400",119.568150608853,-1.29503949646491,0.225982150985108,-5.73071585883901,1.00007670538786e-08,5.00887417210331e-08,"","OsSTA175",""
"Os06g0662200",143.202960870388,-2.14196298013403,0.45446245838579,-4.71317914298597,2.43881610764856e-06,9.2621929336616e-06,"","OsbZIP52",""
"Os06g0663000",12.0232137273186,-7.34542853274625,1.13704429452351,-6.46010763883603,1.04628532660918e-10,6.38360293952123e-10,"","OsSTA176",""
"Os06g0663300",2.19487427087373,-4.88373291408853,1.53582352970084,-3.17987895070199,0.00147336585038402,0.003653807501315,"","Os06g0663300",""
"Os06g0665500",4778.49189154371,-2.39489425098665,0.144221870141199,-16.6056247131032,6.34560641664571e-62,4.22648091895782e-60,"","OsAAH",""
"Os06g0666100",2.30583819103298,-4.97101158564926,1.81301698267476,-2.7418450202907,0.0061095160134781,0.0133030563552111,"","Os06g0666100",""
"Os06g0666500",56.8332272765393,-2.23842185571058,0.328514014450479,-6.8137788868913,9.50677893894742e-12,6.34049695209422e-11,"","Os06g0666500",""
"Os06g0667000",11.3311281801947,-2.59273692012054,0.692500565117306,-3.74402137806391,0.000181098234430551,0.000527952812623338,"","Os06g0667000",""
"Os06g0671000",28.4929970894061,-4.48283344823032,0.60198958610903,-7.44669600882166,9.57068019663089e-14,7.53041420234753e-13,"","OsHAK13",""
"Os06g0671600",8.58484679115815,-6.85350388219247,1.21351448194393,-5.64764902616886,1.62656819210642e-08,7.96786874175974e-08,"","OsSAUR26",""
"Os06g0673700",14.5446726668341,-3.90202312545764,0.797255665740096,-4.89431846412201,9.86469865375772e-07,3.94540175212518e-06,"","Os06g0673700",""
"Os06g0673800",24.2008031424796,-1.55319035951804,0.634004185705154,-2.4498108916908,0.0142931260259479,0.0286428974073852,"","Os06g0673800",""
"Os06g0674000",115.10444234418,-3.26671135949105,0.417218461823154,-7.82973827480268,4.8888661891583e-15,4.24129683364059e-14,"","Os06g0674000",""
"Os06g0674100",209.348901801929,-4.38189309635734,0.400151420587949,-10.9505873799447,6.60181134067558e-28,1.20540220772232e-26,"","Os06g0674100",""
"Os06g0674400",11.8299040181012,-6.59182497102571,1.20585440965355,-5.46651811218202,4.58961548640475e-08,2.14357969663808e-07,"","Os06g0674400",""
"Os06g0676000",181.121739526219,-1.15243313151818,0.20938210375265,-5.50397149930058,3.71329604124557e-08,1.75379977152004e-07,"","NRAMP3",""
"Os06g0676300",29.0756108463188,-1.03749098224631,0.397631787870368,-2.60917515624918,0.00907607725271765,0.019004083840243,"","Os06g0676300",""
"Os06g0676600",83.2167576145569,-1.77949774028348,0.255721147454239,-6.95874298234141,3.43322196819946e-12,2.38410708256945e-11,"","OsRLCK213",""
"Os06g0679400",98.139974729191,-8.93200453318422,1.03289217140905,-8.6475672683232,5.26088913382991e-18,5.63988047247311e-17,"","Os06g0679400",""
"Os06g0680500",1135.40271906237,-3.68783140138722,0.190429218508951,-19.3658905406572,1.49743103531171e-83,1.66376003416674e-81,"","OsGLR3.5",""
"Os06g0681000",6.60458383925437,-2.48234884126595,0.817257538043541,-3.03741320907058,0.0023861810882296,0.00566252359190355,"","Os06g0681000",""
"Os06g0683000",27.1527849931378,-2.53182162421434,0.386497461289002,-6.55068112419289,5.72752420103852e-11,3.57877313631276e-10,"","Os06g0683000",""
"Os06g0685100",152.033941982942,-11.005255778785,1.0461129415485,-10.5201411259615,6.97690034189099e-26,1.15629872756544e-24,"","Os06g0685100",""
"Os06g0687600",377.302883202936,-3.87846767137702,0.234347634107605,-16.5500611352285,1.59940160895755e-61,1.04285193855635e-59,"","CDC2",""
"Os06g0688200",54.6117495763134,-7.45888462184661,1.40646546891085,-5.30328314965507,1.13738294669853e-07,5.08589375028866e-07,"","Os06g0688200",""
"Os06g0690700",2071.66849659081,-1.64044401072612,0.0993141625468882,-16.5177248506892,2.73523112211762e-61,1.76028107825216e-59,"","OsHMA1",""
"Os06g0691000",846.213842378875,-1.06499960835458,0.153608806827339,-6.93319367783173,4.11444278284661e-12,2.84361363544185e-11,"","Rev1",""
"Os06g0691400",65.4789263329725,-1.9678827807658,0.282034093277539,-6.97746417072097,3.00555433401953e-12,2.09889007142057e-11,"","ILL6",""
"Os06g0691600",2998.44380477136,-1.5719272687286,0.194258710059905,-8.09192683429151,5.87281854755414e-16,5.48683352763005e-15,"","OsCML29",""
"Os06g0692100",102.245368310379,-1.20102143975862,0.316876550753009,-3.79018717827044,0.00015053380542584,0.000444868332184641,"","Os06g0692100",""
"Os06g0693100",30.6727490075462,-1.82171005656044,0.44084711000139,-4.13229442868457,3.59159942753633e-05,0.00011650832549891,"","Os06g0693100",""
"Os06g0694200",93.5980672962077,-2.84650168419776,0.546341487351454,-5.21011446155588,1.88724164206065e-07,8.24113256350664e-07,"","OsGELP88",""
"Os06g0694500",2763.62170196811,-1.96987119591612,0.204428338021162,-9.6359986828842,5.63414445756884e-22,7.57034692110538e-21,"","OsISC13",""
"Os06g0694900",14.2432429873611,-1.38783649546619,0.572828755602015,-2.42277728185562,0.0154023663507018,0.0306132224507731,"","Os06g0694900",""
"Os06g0695500",9.40044981300923,-4.50432745369142,1.06661348648448,-4.22301753237485,2.4105306047234e-05,8.00505519276662e-05,"","prx90",""
"Os06g0696400",3.33886509560004,-5.48758456459655,1.89499992174578,-2.89582310881633,0.00378165500102858,0.00862543182918947,"","OsXTH11",""
"Os06g0696600",162.434783577729,-1.71636346507147,0.346828228074591,-4.94874213266846,7.46946280250901e-07,3.03096757054972e-06,"","OsXTH12",""
"Os06g0699050",626.987175690247,-5.25654902729894,0.733023858344909,-7.17104766435253,7.4425983650348e-13,5.46062362127531e-12,"","Os06g0699050",""
"Os06g0699600",567.206771513506,-1.72620523418785,0.215330225825309,-8.01654866413537,1.08757848578752e-15,9.93252198391348e-15,"","OsCCT25",""
"Os06g0699700",675.241247263395,-2.18086181662655,0.209356430649571,-10.4169803137166,2.07434854022315e-25,3.35265060542133e-24,"","Os06g0699700",""
"Os06g0700100",9.76885856933738,-1.85028756539678,0.79034753610276,-2.34110626132983,0.0192266940119401,0.0373396925485061,"","Os06g0700100",""
"Os06g0701600",678.307589681497,-2.83097724585202,0.19235034521006,-14.7178173387752,4.95393085335318e-49,2.08039906361918e-47,"probable cation transporter HKT9 [Source:NCBI gene (formerly Entrezgene);Acc:4341970]","OsHKT9",""
"Os06g0701900",16.484100901222,-3.94472028891377,0.614033554017745,-6.42427480241539,1.32499653848497e-10,8.01108814886336e-10,"","OsSAUR27",""
"Os06g0702000",11.3338378209073,-1.55182783610066,0.680230556354944,-2.28132626740001,0.0225291474913462,0.0429652622685563,"","OsSAUR28",""
"Os06g0702700",964.58248346528,-2.22785211797021,0.256909704609313,-8.67173204437,4.25596252798935e-18,4.60681448475282e-17,"","Os06g0702700",""
"Os06g0703000",141.700707766994,-9.45965476538027,1.03034763912123,-9.18103211596456,4.26979046967573e-20,5.19354926201058e-19,"","OsRLCK217",""
"Os06g0704600",6634.5632760888,-2.45887763808952,0.142136429982525,-17.299418863917,4.75157647596606e-67,3.71387414337574e-65,"","ALAD",""
"Os06g0704700",4392.67548627222,-2.67215130875674,0.209256723852109,-12.7697273452741,2.4200067680929e-37,6.79054447259772e-36,"","Os06g0704700",""
"Os06g0705100",4490.18404154542,-1.38486263593686,0.202131340216544,-6.85130091381795,7.31813930683052e-12,4.93936070391239e-11,"","Os06g0705100",""
"Os06g0705600",272.790896576064,-3.83616270253554,0.184709801848024,-20.768593026221,8.32616057883899e-96,1.26562748872327e-93,"","Os06g0705600",""
"Os06g0707400",21.0257779258479,-1.62155578160466,0.588942935223824,-2.7533325974755,0.00589919310433858,0.0128847238669074,"","Os06g0707400",""
"Os06g0708400",64.878038576328,-3.74258119857066,0.321129881011784,-11.6544159228625,2.17869170589098e-31,4.78983535020947e-30,"","CYP19-4",""
"Os06g0708832",823.421254199758,-1.00607169207152,0.172153443849743,-5.8440404651424,5.0949643055857e-09,2.62503494696396e-08,"","Os06g0708832",""
"Os06g0709000",307.725808976351,-3.41311164043781,0.286414523420302,-11.9166849490701,9.68874685383023e-33,2.24143866290711e-31,"","Os06g0709000",""
"Os06g0711100",1010.09067837432,-1.32379571498595,0.206168308548735,-6.42094667363986,1.35429467822674e-10,8.18223829369028e-10,"","Os06g0711100",""
"Os06g0711200",16.460563389403,-1.30165900265708,0.493316844600724,-2.63858616810581,0.00832525398264524,0.0175664998221588,"","Os06g0711200",""
"Os06g0711700",248.460516228913,-4.4003285430251,0.259518633855696,-16.9557325331478,1.74572020087763e-64,1.26472834553055e-62,"","Os06g0711700",""
"Os06g0714700",1013.0678215252,-1.04787704158173,0.260205326330877,-4.02711603316393,5.64651711676054e-05,0.000177497785589921,"","Os06g0714700",""
"Os06g0715100",56.5366070676518,-1.43501098916866,0.249251596278312,-5.75727903289468,8.54805513237037e-09,4.31179075762909e-08,"","OsNPSN11",""
"Os06g0716800",1811.83659387087,-1.60324714336725,0.158411940227268,-10.1207468393299,4.46991707553266e-24,6.71219002305896e-23,"","OsbZIP53",""
"Os06g0717200",305.236800972677,-1.53057819394331,0.191641578601169,-7.98667076902261,1.38631680074828e-15,1.2531474415228e-14,"","FON1",""
"Os06g0718300",6.97272746703603,-2.90865035208748,1.08404672206235,-2.68314113487093,0.00729342038488256,0.0155770258491712,"","Os06g0718300",""
"Os06g0724400",7556.81624626898,-1.26531277659505,0.156416666988583,-8.08937308891393,5.99726061766359e-16,5.59465837062691e-15,"","OsDNLZ1",""
"Os06g0725300",48.5180962398216,-2.59000287865841,0.408467863763645,-6.34077514640683,2.28611992140027e-10,1.34928997838338e-09,"","EXLA4","EXPL4"
"Os06g0726300",199.498180802304,-4.9042419684904,0.394320380441756,-12.4372013513382,1.64155274312486e-35,4.2678648810498e-34,"","NAC95",""
"Os06g0727400",25.091000915683,-1.56773671940339,0.46348901762609,-3.38246788981767,0.00071837675545423,0.00189555067836948,"","OsRLCK220",""
"Os06g0727800",8.48205073288083,-3.24810919659458,0.95488002041163,-3.40158881447156,0.000669953554483279,0.00177875281341455,"","Os06g0727800",""
"Os06g0728000",28059.7200910931,-1.15710542504272,0.161108150054185,-7.18216567351529,6.8615700115847e-13,5.04777672734662e-12,"","HMGB1",""
"Os06g0728500",1617.38842288796,-1.06070318536747,0.152964450968312,-6.93431172179477,4.08203658613444e-12,2.8220039200517e-11,"","Os06g0728500",""
"Os06g0728700",4453.85841490724,-1.95637114930285,0.208990069273781,-9.36107230406228,7.89315040745345e-21,1.00035083194616e-19,"","Os06g0728700",""
"Os06g0729000",2038.19600985664,-1.54820579271579,0.156587269642876,-9.8871753511428,4.73190958816031e-23,6.71107749661408e-22,"","OSJNBa0069C14.4-2",""
"Os06g0729650",10004.7932796656,-1.33239990133719,0.160186352272242,-8.31781161401777,8.96022792809697e-17,8.86965910405348e-16,"","Os06g0729650",""
"Os06g0730300",2552.20912736616,-1.63741248215982,0.125643681407086,-13.0321912238037,8.0268885325211e-39,2.40195914456854e-37,"","Os06g0730300",""
"Os07g0100200",8346.64787582673,-2.53669174893604,0.202577656651297,-12.5220707498978,5.65405210392118e-36,1.48874015918018e-34,"","OsPDX1.3a",""
"Os07g0100300",4354.57757760511,-2.81434141668968,0.220836814893054,-12.7439866312716,3.36737890986995e-37,9.38510092799188e-36,"","SQD2.1",""
"Os07g0100800",861.847905999771,-1.62643579406258,0.262469186158933,-6.19667328521271,5.76690332096385e-10,3.28173090453655e-09,"","OsProT3",""
"Os07g0102100",821.802369366303,-2.1357418542433,0.196528847989916,-10.8673198672232,1.64976059499836e-27,2.94921488183798e-26,"","OsHAK22",""
"Os07g0102200",9.55598552232951,-1.73030830828487,0.618010576078842,-2.79980371737866,0.00511336884604514,0.0113342225709841,"","OsSTA184",""
"Os07g0102400",949.482540452729,-1.71247500132448,0.149078191271706,-11.4870926908643,1.53180719228481e-30,3.21096335052797e-29,"","Os07g0102400",""
"Os07g0103100",2479.14610692648,-3.10881502225046,0.149632306990411,-20.7763623028928,7.08261369048102e-96,1.08324641610524e-93,"","OsGLR3.6",""
"Os07g0106200",355.61919845033,-1.68904880817672,0.263681965289044,-6.40562886553582,1.49750838193529e-10,9.01233062404923e-10,"","OsMST3",""
"Os07g0106900",16.6250152300661,-3.9610415353653,0.677742897302775,-5.84446041578469,5.08212867389281e-09,2.61896635093682e-08,"","B1317D11.127",""
"Os07g0108300",43514.9043727214,-2.09522537747832,0.158804720057089,-13.1937223070265,9.53579544409055e-40,2.97567259090972e-38,"","ALT-2",""
"Os07g0108400",361.396140277789,-3.35731323734159,0.209199807410285,-16.0483572088439,5.8697218161366e-58,3.46271660567658e-56,"","OJ1567_G09.101","P0585H11.116"
"Os07g0109400",111.772755246327,-1.72242811170096,0.234759250857892,-7.33699781970936,2.18438166722825e-13,1.67302703458777e-12,"","OJ1567_G09.117","P0585H11.132"
"Os07g0110500",846.768315776772,-1.01797348693532,0.148346245047595,-6.86214529129953,6.78340173147467e-12,4.59088622509555e-11,"","OJ1123_C12.102",""
"Os07g0111400",13.9258028292673,-2.08257276428761,0.704945757087057,-2.95423122041776,0.00313449060837054,0.00726775910570812,"","OsWRKY29",""
"Os07g0111700",47.6518444136671,-4.6602440022516,0.47074766335366,-9.89966465059325,4.17673206333301e-23,5.94752243294264e-22,"","Os07g0111700",""
"Os07g0111900",244.076531605535,-4.93987819867642,0.324474636711457,-15.2242352399003,2.44197386065062e-52,1.17485022029787e-50,"","OJ1118_G09.105","OJ1123_C12.127"
"Os07g0112000",6.32705947276897,-6.41095194164774,1.27797851651368,-5.01647864874663,5.26271218682641e-07,2.17613851557073e-06,"","Os07g0112000",""
"Os07g0114300",4924.80841598097,-1.87965537507223,0.139622444220503,-13.4624156278465,2.60266230694835e-41,8.51864781760361e-40,"","OJ1513_F02.133",""
"Os07g0114500",5.14143848543788,-2.70071149564723,1.00084181240481,-2.69843991545275,0.00696653124831391,0.0149458606580201,"","OJ1138_B05.103",""
"Os07g0116600",354.000467307144,-4.35526042511565,0.301914843113092,-14.4254597760344,3.57877063552451e-47,1.40971701170733e-45,"","OJ1119_A04.104","OJ1138_B05.130"
"Os07g0116900",6.91888849809397,-3.39085141140334,0.926332960693626,-3.66051037292715,0.000251713362913456,0.000717027131858667,"","Os07g0116900",""
"Os07g0117300",3.69102683537404,-3.06095190965437,1.23394283914941,-2.48062698898142,0.013115153799104,0.0265485429477451,"","OJ1119_A04.115",""
"Os07g0117800",1.64633427510909,-3.65544633679735,1.60719129682845,-2.2744313909681,0.0229400618554002,0.0436481272148096,"","Os07g0117800",""
"Os07g0119000",68.9887397127958,-3.42296561852371,0.491095692588982,-6.97005832097275,3.16809624030067e-12,2.20680125234551e-11,"","OsMAPKKK11",""
"Os07g0119100",1.72606809025301,-4.53928936162427,1.92062909781971,-2.36343881636348,0.0181062161247471,0.0353813192141845,"","Os07g0119100",""
"Os07g0119400",4.12622625034604,-2.81688090309619,1.08399259887496,-2.59861636142142,0.0093600315674288,0.0195427236998553,"","OsAAO3",""
"Os07g0121200",118.879414030414,-1.54891549467184,0.31297764625374,-4.94896524787616,7.46090656193236e-07,3.02799151326778e-06,"","Os07g0121200",""
"Os07g0121750",4.08647178607861,-3.17758023405983,1.15566404608835,-2.74957090238742,0.00596733512806221,0.0130186371812976,"","Os07g0121750",""
"Os07g0121800",57.5110830745657,-3.5589022019346,0.371143817618885,-9.58901114066007,8.8933247885763e-22,1.17960336341839e-20,"","Os07g0121800",""
"Os07g0123800",16.8123481724118,-3.44982193667721,0.607353496038882,-5.6800890406933,1.34624640479726e-08,6.64858424788951e-08,"","P0474G09.101",""
"Os07g0124100",130.87002948434,-1.46967976876133,0.341284647852143,-4.3063166714667,1.65995378425792e-05,5.64411622239034e-05,"","OsPSK4",""
"Os07g0129200",6.13321007376016,-2.5055088811314,0.983454963762965,-2.54766000828817,0.0108448106743518,0.022324848294983,"","PR1A",""
"Os07g0129300",1.97199026600426,-4.73806851278535,1.55296515941993,-3.0509818485272,0.00228094363523189,0.00544145392356446,"","OsPR1",""
"Os07g0130400",5.86481623891228,-2.6537031043964,0.815486482315389,-3.25413500032743,0.00113738215262408,0.0028870932891678,"","Os07g0130400",""
"Os07g0131001",132.491913121477,-4.27163949259839,0.384289785764795,-11.1156727314445,1.05254312715575e-28,2.00298472054824e-27,"","Os07g0131001",""
"Os07g0131250",286.980593623635,-1.57525542993684,0.198726073760015,-7.92676773677494,2.24923403516045e-15,2.00248910129969e-14,"","Os07g0131250",""
"Os07g0131375",7.11473210623212,-1.98044412975782,0.774068844649665,-2.55848577739122,0.0105129120431528,0.0217083441697806,"","Os07g0131375",""
"Os07g0132001",5.35931688538603,-3.65419289848382,1.0910881152239,-3.34912721300602,0.000810665652098096,0.00211831500337846,"","Os07g0132001",""
"Os07g0133100",7.96881977118799,-4.2228274785646,0.959827213006111,-4.39957048658685,1.08465343257581e-05,3.78247123137663e-05,"","Os07g0133100",""
"Os07g0134000",21.1881398155639,-2.89473390667202,0.539283693469951,-5.36773861647146,7.97299874988016e-08,3.62272125482818e-07,"","OsAAP6",""
"Os07g0141100",30.2611618691151,-2.19674935322904,0.484498456867408,-4.5340688336397,5.78581599834254e-06,2.10259845982595e-05,"","OJ1351_C05.109","OJ1417_E01.135"
"Os07g0141400",109413.761310201,-2.32203354433627,0.224109963652095,-10.3611348040775,3.72515889077106e-25,5.93939908858653e-24,"","PsbP",""
"Os07g0141450",263.417739966065,-2.7310587655214,0.265237661784961,-10.2966477201702,7.29596214984736e-25,1.14557702272984e-23,"","Os07g0141450",""
"Os07g0142000",584.626743153462,-1.36115212253796,0.155410538264982,-8.75842872519448,1.9799085244856e-18,2.18610488017735e-17,"","OJ1351_C05.119",""
"Os07g0142200",14.4665924574593,-1.89884543863091,0.719054377949302,-2.64075360203814,0.00827218564398996,0.0174627199200084,"","gp1",""
"Os07g0142802",19.8972841768339,-1.01160638927854,0.411274014054901,-2.45968953716463,0.013905724976951,0.0279570064714309,"","Os07g0142802",""
"Os07g0142900",8695.51058413635,-1.23737097426193,0.162295036388819,-7.62420713408322,2.4553883340549e-14,2.02587934575019e-13,"","OJ1351_C05.128",""
"Os07g0143000",5423.33668669055,-2.546524852004,0.216838085738376,-11.7439002624128,7.59034686917754e-32,1.69124122641737e-30,"","Os07g0143000",""
"Os07g0143200",367.201732027078,-2.41962213735007,0.211537616538455,-11.4382594308479,2.6923266481136e-30,5.56361779485493e-29,"","OsPIF14",""
"Os07g0145250",38.371768348412,-1.23477530001028,0.323256381913824,-3.81980177065601,0.000133558967468718,0.000397787058176756,"","Os07g0145250",""
"Os07g0147500",24366.0866491442,-2.22416354908182,0.654711372388151,-3.3971665116628,0.000680875223922011,0.00180466895839919,"","PsbR",""
"Os07g0147800",1011.60081643244,-2.02171945250109,0.214560940995372,-9.42258848755094,4.40102087379816e-21,5.64118438645096e-20,"","Os07g0147800",""
"Os07g0148200",16.7896450263785,-7.82155885727074,1.18028635591109,-6.62683154651324,3.42968635523546e-11,2.18450742477298e-10,"","Os07g0148200",""
"Os07g0148900",59625.2985350417,-3.80486146996463,0.266082431180143,-14.2995591745351,2.20199948545337e-46,8.41958969924044e-45,"","PsaK",""
"Os07g0152900",8597.63609033311,-2.090762432793,0.134184130148867,-15.5812943786531,9.75590707863543e-55,5.1650023437468e-53,"","GLO5",""
"Os07g0152950",22.3549266403368,-2.52094323079617,0.423470541936622,-5.9530545366092,2.63183547578421e-09,1.40204230452603e-08,"","Os07g0152950",""
"Os07g0154900",44.0724860226334,-1.34881221900016,0.420312940726007,-3.20906659849767,0.00133166642809056,0.00333684254538833,"","Os07g0154900",""
"Os07g0159550",10.6799630314076,-1.54685339372788,0.613548174741556,-2.52116045228146,0.0116968502420611,0.0239178722825408,"","Os07g0159550",""
"Os07g0159600",30.7916697212659,-1.05050936647147,0.398334041801442,-2.63725731730235,0.00835794052079009,0.0176212297722614,"","OJ1714_H10.111",""
"Os07g0160400",12189.000574965,-3.14741027129111,0.205294104910384,-15.3312257683436,4.72976254573895e-53,2.34848349891331e-51,"","OsGLYI9",""
"Os07g0162100",1176.14180086691,-2.74490154678368,0.211192663963388,-12.997144385941,1.26997448397117e-38,3.74597116539925e-37,"","OJ1714_H10.144",""
"Os07g0162200",123.937477214419,-2.22772678181719,0.220174539865911,-10.1180035764984,4.59696360610677e-24,6.89043964116803e-23,"","OJ1714_H10.145",""
"Os07g0162500",1473.93494328041,-1.56981058191542,0.229660966642425,-6.83533908641759,8.18112836860604e-12,5.4948175003782e-11,"","OJ1714_H10.152","P0428D12.105"
"Os07g0162700",330.101023034077,-8.67558394257285,0.563449682550184,-15.3972647625019,1.70740236789934e-53,8.65118782606176e-52,"","OsCDAP2",""
"Os07g0162900",371.754155311905,-1.58573049075921,0.201074406876709,-7.88628704861241,3.11310077941928e-15,2.74202979067443e-14,"","OsCDAP3",""
"Os07g0165650",252.61313669272,-1.35949990038672,0.226512920160567,-6.00186470344832,1.9506421516803e-09,1.05273492903905e-08,"","Os07g0165650",""
"Os07g0166700",37.987065015399,-1.81864879428536,0.391724669841702,-4.64267107563149,3.43933652988725e-06,1.28396024108809e-05,"","P0039H02.137","OJ1641_C04.121"
"Os07g0167100",2062.10771655349,-1.77599264689978,0.106300347932895,-16.7073079386432,1.15953369328176e-62,7.91453617587937e-61,"","Os07g0167100",""
"Os07g0167500",732.880155798213,-2.09950185930848,0.208878058723114,-10.051327899842,9.06377290865075e-24,1.32962167766512e-22,"","OJ1641_C04.129",""
"Os07g0167700",108.229706600821,-2.48231252888626,0.26772846548093,-9.27175421719614,1.83109204485884e-20,2.28099384592597e-19,"","Os07g0167700",""
"Os07g0168600",111.251740179166,-1.43190578863324,0.326059956569404,-4.39154137079217,1.12549914152662e-05,3.91444304177501e-05,"","Os07g0168600",""
"Os07g0170000",2.95432616387071,-3.74385784130226,1.49191814956209,-2.50942576333773,0.0120927630882493,0.0246399148868512,"","Os07g0170000",""
"Os07g0171100",15317.4940612318,-3.11872747036645,0.237324033916087,-13.1412205451942,1.91118894158075e-39,5.87512759374024e-38,"","P0496D04.12-1",""
"Os07g0175200",164.888889529795,-1.14260666855555,0.293544279289799,-3.89245081294029,9.92366236045664e-05,0.000301395663526641,"","OJ1656_E11.132",""
"Os07g0175300",147.764234904936,-6.25189504919564,0.424592249249597,-14.7244681461919,4.48988091088652e-49,1.89839213872074e-47,"","Os07g0175300",""
"Os07g0176600",30.7449065945262,-6.25267733925424,0.819498131792797,-7.62988602008818,2.34961355422448e-14,1.94119289873358e-13,"","OsNek3",""
"Os07g0176900",12525.3248911341,-3.67479207504226,0.247462375609592,-14.849902196202,6.96702253548961e-50,3.01786568814381e-48,"","P0534H07.29-1",""
"Os07g0179300",163.198996197475,-2.78213720116291,0.373591894485086,-7.44699561803255,9.54897899606575e-14,7.51775166737844e-13,"","OsVTE3",""
"Os07g0180300",2201.95667313876,-1.03751786365455,0.125795585075386,-8.24764925599568,1.61540673145721e-16,1.56408489977786e-15,"","Os07g0180300",""
"Os07g0180700",3359.80011538676,-1.08232954936089,0.172863336241767,-6.26118628097717,3.82059798561438e-10,2.21123467156196e-09,"","OsZIFL3",""
"Os07g0184800",416.133260238877,-3.2697041527496,0.3229778945556,-10.1236159126263,4.34076419052171e-24,6.53408957160125e-23,"","OJ1046_F10.127",""
"Os07g0185000",141.457641338442,-1.47961438723611,0.286755160165455,-5.15985269936339,2.47144214678683e-07,1.06366027568069e-06,"","OsWNK3",""
"Os07g0185900",11689.397321968,-1.96992944206947,0.168947129685911,-11.6600349809538,2.03958581961206e-31,4.49598023599003e-30,"","Os07g0185900",""
"Os07g0187000",9.01673574425812,-2.08965125081427,0.81158058397794,-2.57479206879482,0.0100300363974731,0.0208170725264024,"","Os07g0187000",""
"Os07g0187400",3197.54234060536,-2.67102349756851,0.278388983755095,-9.59457325336649,8.42650782468678e-22,1.12008360714734e-20,"","Os07g0187400",""
"Os07g0188233",802.728916330157,-2.99538725783744,0.260315038078494,-11.5067776335466,1.2195043278467e-30,2.5715454239198e-29,"","Os07g0188233",""
"Os07g0188249",359.986423118392,-2.14254080529643,0.240764822026072,-8.89889472750474,5.64055618670779e-19,6.42261308079315e-18,"","Os07g0188249",""
"Os07g0188266",1752.73978771506,-2.33686507292385,0.239996184637798,-9.73709259774542,2.09461408740378e-22,2.87047860860638e-21,"","OsFKBP16-4",""
"Os07g0190000",530.29116061657,-7.77397910552922,0.384169218832076,-20.2358198534571,4.7368289127063e-91,6.3099145145228e-89,"","OsDXS",""
"Os07g0191650",255.032593512354,-2.93493599607014,0.239679698893569,-12.2452423364125,1.78144176670613e-34,4.44947405783043e-33,"","Os07g0191650",""
"Os07g0196100",478.339784046351,-2.32830146267768,0.186136143814598,-12.5085940589636,6.69995778628066e-36,1.75295516442108e-34,"","Os07g0196100",""
"Os07g0196200",3179.29600632158,-1.70656848983466,0.22560028930336,-7.56456693874126,3.8915889918662e-14,3.15826729287484e-13,"","Os07g0196200",""
"Os07g0197100",31.1279989056266,-1.7112852070504,0.435949654483165,-3.92541934476172,8.65787768972846e-05,0.000265326203485964,"","OsHXK4",""
"Os07g0200801",1.96031181980488,-4.73063721749869,1.57667588196366,-3.00038661821031,0.00269637118330815,0.00633671524317804,"","Os07g0200801",""
"Os07g0201300",12.1300326694153,-1.37128789682498,0.612248683454027,-2.23975638312327,0.0251067429249274,0.0472481975885559,"","Os07g0201300",""
"Os07g0202000",2.49458237000797,-5.07208656065714,1.7731851615632,-2.86043819371109,0.0042305600721634,0.00954563217448252,"","Os07g0202000",""
"Os07g0205900",10.5821297628231,-7.16561575906956,1.18130072393658,-6.06586926924988,1.31241853859089e-09,7.19261095568821e-09,"","Os07g0205900",""
"Os07g0206700",1050.43811244987,-1.17565096180507,0.146924731710363,-8.00172270603604,1.22690436810114e-15,1.11270166648762e-14,"","Ossmt1-1",""
"Os07g0207100",108.310995130939,-1.25297921423942,0.310590268074092,-4.03418697568631,5.47916771002193e-05,0.00017269728832364,"","Os07g0207100",""
"Os07g0210000",379.643935670575,-1.63872585755012,0.241385216913674,-6.78884100071536,1.13037933309699e-11,7.49061479971761e-11,"","OsEXO70FX10",""
"Os07g0211101",54.2065333352791,-1.20493416563049,0.317467887204945,-3.79545212033567,0.000147374636224753,0.000436156397723448,"","OsMed5_2",""
"Os07g0211200",670.59447104046,-1.71454603836616,0.220645663640137,-7.77058569871785,7.81240352555938e-15,6.67475593630292e-14,"","OsMed5_2",""
"Os07g0212200",13194.1389569781,-1.80869695505521,0.241305771079588,-7.49545668536315,6.60679205973579e-14,5.27542658279322e-13,"","OJ1664_D08.107",""
"Os07g0212300",12.8229415381353,-2.02599636149286,0.565208737246036,-3.58450998362919,0.00033771164735372,0.00094111815166833,"","OJ1664_D08.108",""
"Os07g0212400",62.2565284963762,-1.76198679853328,0.558283261105623,-3.15608029344073,0.00159904834871642,0.00393794065561541,"","Os07g0212400",""
"Os07g0213800",12.9600982704298,-5.98263543579587,1.10968259585206,-5.39130329533751,6.99484995340106e-08,3.19880762819155e-07,"","OsEnS-96",""
"Os07g0216600",2.4290807183272,-5.03789537248747,1.52623378451961,-3.30086741860008,0.000963864181474368,0.00248373622858151,"","LTPL163",""
"Os07g0217600",469.769172552421,-1.67325802048037,0.194489033605959,-8.6033540784127,7.74196653450335e-18,8.22920226621147e-17,"","CYP71Z2",""
"Os07g0221300",44.602448666828,-1.05045202295476,0.30772361124089,-3.41362178455801,0.000641055005175954,0.00170734385286946,"","Os07g0221300",""
"Os07g0225300",237.767137957125,-1.17672620302658,0.379892098616174,-3.09752744874932,0.00195142323581835,0.00472727661525134,"","OsNAC3",""
"Os07g0227800",2041.89952836628,-1.51577062909688,0.230208845264063,-6.58432836217998,4.56946250498982e-11,2.87646271560297e-10,"","Os07g0227800",""
"Os07g0231800",379.224322854039,-2.20881433945127,0.365582383757832,-6.04190584006484,1.52304345829366e-09,8.30102238586493e-09,"","Os07g0231800",""
"Os07g0232800",464.657369846714,-3.61299760101499,0.342142678265421,-10.5599150019284,4.57075515108253e-26,7.64167343983615e-25,"","OsZIP8",""
"Os07g0232850",5.16988772498314,-3.56677018101959,1.05165884439671,-3.39156581055114,0.00069494471428148,0.00183802788063111,"","Os07g0232850",""
"Os07g0235700",2.5331793751228,-5.10415850808819,1.4619794752373,-3.49126550306714,0.000480738264965253,0.00130691814692167,"","Os07g0235700",""
"Os07g0238500",3.93765477773316,-5.72898425657397,1.46674988625622,-3.90590400603119,9.3873775043072e-05,0.000286265910675962,"","OsRALF-25",""
"Os07g0238800",65.2865922592983,-1.67213069211473,0.282748529859207,-5.91384398337052,3.34214475768452e-09,1.75739220418399e-08,"","P0565A07.129","P0523A04.101"
"Os07g0239000",305.618186036022,-2.31227489521051,0.250538994257884,-9.22920163409951,2.72656504784098e-20,3.36100010897294e-19,"","Os07g0239000",""
"Os07g0240200",34.9330550203866,-5.83648955977295,0.697152376841228,-8.3718993919491,5.66968422404078e-17,5.70120803648776e-16,"","P0523A04.121",""
"Os07g0240600",184.149584517138,-2.91305761356642,0.268707345370989,-10.8410047724767,2.20040933966897e-27,3.90261576299055e-26,"","OsEnS-102",""
"Os07g0241050",21.5701842247702,-3.73568186801913,0.691502031122333,-5.40227172139463,6.58021709346351e-08,3.01587197419063e-07,"","Os07g0241050",""
"Os07g0243150",904.311578853461,-2.03438911928907,0.268120590660632,-7.58759002535564,3.25910173004206e-14,2.65802381715774e-13,"","Os07g0243150",""
"Os07g0243200",17.1226461733716,-1.46761288493784,0.530234942092044,-2.76785396139185,0.00564267341863202,0.0123724353357031,"","AGPL4","APL4"
"Os07g0247000",2.69167802858647,-5.19095542190255,1.45317081329857,-3.57215777690961,0.000354051989356264,0.000983998445348308,"","Os07g0247000",""
"Os07g0249700",1363.76065369213,-1.07155955114363,0.14790557403338,-7.24488957327457,4.32791677089953e-13,3.23868299101714e-12,"","OsILR1",""
"Os07g0257200",2.0721712526678,-4.81628843972442,1.5445226542008,-3.11830223184171,0.00181896171323771,0.00443455813921979,"","OsNramp5",""
"Os07g0258400",199.420908745076,-2.66863002401145,0.69608279929274,-3.83378245622924,0.000126187750039624,0.00037728416589016,"","OsNRAMP1",""
"Os07g0258501",3.21135191837105,-2.81749100480364,1.19566743798316,-2.35641693944275,0.0184521937372019,0.0359765505371933,"","Os07g0258501",""
"Os07g0259000",18.8363298708831,-7.99648333226494,1.1319046391464,-7.0646263436956,1.61048756080821e-12,1.14928140248113e-11,"","OJ1370_E02.106","OJ1354_H07.117"
"Os07g0260300",942.923409260332,-1.5313167536132,0.171381772027756,-8.93512031936041,4.06735358101282e-19,4.66559350355345e-18,"","P0046D03.105","OJ1370_E02.126"
"Os07g0261200",12.0818193065524,-1.65358949503863,0.563686847948239,-2.93352506104679,0.00335136597293069,0.00772722824411909,"","Ghd7",""
"Os07g0268800",6.73274370349406,-1.69293209618385,0.740340846357912,-2.28669281792594,0.0222137592056269,0.0424192918564792,"","Os07g0268800",""
"Os07g0280200",36.5914433173693,-4.44315551806202,0.474416013461976,-9.36552601932382,7.5672407319705e-21,9.60028282724184e-20,"","OsACS7",""
"Os07g0280600",1.51486253158292,-4.35793692919642,1.69975111428267,-2.56386767014156,0.0103513001635968,0.0214210443626023,"","Os07g0280600",""
"Os07g0281500",1.69226089822502,-4.5153680485528,1.97374564052166,-2.28771527386852,0.0221541076363113,0.0423249537284976,"","Os07g0281500",""
"Os07g0283050",83.3918574554461,-3.30390178554575,0.292141647821512,-11.3092460803956,1.18099917375955e-29,2.37513121170783e-28,"","Os07g0283050",""
"Os07g0283125",125.587480306401,-2.50663695240717,0.198650027902722,-12.6183569107509,1.67274997555977e-36,4.500078843045e-35,"","Os07g0283125",""
"Os07g0293000",163.923148327391,-2.01044682224487,0.428732951725088,-4.68927525667309,2.74174375507586e-06,1.03555160090723e-05,"","Os07g0293000",""
"Os07g0297325",2.82738600193981,-3.06962764104381,1.29623953612203,-2.36810215666407,0.0178795982816395,0.0349849615704062,"","Os07g0297325",""
"Os07g0300900",332.848968754292,-1.37126676935698,0.23810817285463,-5.75900756751497,8.46099096838079e-09,4.27222280871349e-08,"","B1114D08.10-1","B1032F05.40-1"
"Os07g0409500",2.25701512457109,-4.14214594830926,1.45826170662808,-2.84046816115545,0.00450473694956481,0.0100998884625253,"","OSK21",""
"Os07g0412100",7803.0828381564,-3.60053651577909,0.285633887862865,-12.6054248769941,1.97107532003369e-36,5.29115202648696e-35,"","GBSSII",""
"Os07g0414000",869.96862130496,-1.61241331951806,0.243919975143495,-6.61041933351088,3.83232900464673e-11,2.43034593673233e-10,"","Os07g0414000",""
"Os07g0418000",1149.56783703524,-1.62255132801474,0.159111658241304,-10.197564062553,2.03307663270162e-24,3.12103715789641e-23,"","P0025D09.105-2",""
"Os07g0418200",684.294861504524,-1.10495851504342,0.130880636906949,-8.44249035729404,3.1064705845394e-17,3.16614651061837e-16,"","Os07g0418200",""
"Os07g0420000",928.637632691213,-1.87704983806357,0.288483927117974,-6.50660110189072,7.68701745688261e-11,4.75084139509056e-10,"","Os07g0420000",""
"Os07g0421866",734.929232321293,-1.20052423055803,0.334991941803112,-3.58374062401663,0.000338708442838753,0.000943683693715931,"","Os07g0421866",""
"Os07g0425000",970.470939643101,-4.03058804590795,0.270589080406892,-14.8956049514158,3.51984301478452e-50,1.54629699250561e-48,"","Os07g0425000",""
"Os07g0435300",30994.2729057227,-1.38293710000227,0.152129203304509,-9.09054323537156,9.85454374590406e-20,1.17106009780463e-18,"","PsaE",""
"Os07g0437000",115.147825144459,-3.393023130371,0.323094300561952,-10.5016495941574,8.48836221618139e-26,1.40304303289077e-24,"","YUCCA6",""
"Os07g0443500",23.6082521437938,-8.31929142371565,1.24074143474467,-6.7050967999853,2.01272898576563e-11,1.30684974005019e-10,"","Os07g0443500",""
"Os07g0446000",87.825729947229,-5.94065380108873,0.502405819357795,-11.824412799761,2.91936955897363e-32,6.62392120537452e-31,"","P0030H06.108",""
"Os07g0447000",4.9291491026584,-2.84678366077472,0.998591387993738,-2.85079933093973,0.00436094818634879,0.00980679009014012,"","Os07g0447000",""
"Os07g0448100",4.70976800610319,-5.99388826048131,1.29026953580222,-4.64545437535626,3.39328763703628e-06,1.26772448405983e-05,"","OsPIP2",""
"Os07g0448800",5945.85977888234,-1.39003975207721,0.142515073348444,-9.75363320817732,1.77981921154067e-22,2.44856083311178e-21,"","OsPIP2a",""
"Os07g0461900",431.792586621954,-1.2584963267833,0.19361923921714,-6.49985162565336,8.03992686334792e-11,4.95658790478157e-10,"","Os07g0461900",""
"Os07g0461950",29.5326083375528,-1.08963210166165,0.465688393913956,-2.33983091677175,0.0192924719178415,0.0374498258154465,"","Os07g0461950",""
"Os07g0464001",2.25171963378351,-4.93026333922722,1.76634531125455,-2.79122281912448,0.00525093105139872,0.0115924724815563,"","Os07g0464001",""
"Os07g0464200",2364.50243101093,-4.83529757202376,0.250321087030109,-19.3163813300402,3.91126813429407e-83,4.30708846948463e-81,"","Os07g0464200",""
"Os07g0464600",1724.31867843436,-1.62122381364367,0.251999371332584,-6.43344388150878,1.24744664738511e-10,7.56251176468335e-10,"","OsABCB26",""
"Os07g0468100",246.872362719928,-2.10274840907504,0.312480860302514,-6.72920705299952,1.70590163030992e-11,1.11463936429823e-10,"","OsGSTU46",""
"Os07g0469100",4088.37852477847,-3.54422547177754,0.247387625081751,-14.3266077703213,1.49233980618479e-46,5.74156884749079e-45,"","Os07g0469100",""
"Os07g0470700",1063.26932001065,-1.93510209122052,0.15431819241922,-12.5396886840382,4.52770714438671e-36,1.19981818092481e-34,"","Os07g0470700",""
"Os07g0471300",6.86402956558674,-2.92041352159907,0.809016767651844,-3.6098306467436,0.000306396982960957,0.000860530270553575,"","OsAGO18",""
"Os07g0471683",10.1394244000387,-2.40464810015388,0.76851995256397,-3.12893385803633,0.00175441795055076,0.00429156022912392,"","Os07g0471683",""
"Os07g0471900",36.3696293106159,-1.97978047671057,0.321919759758381,-6.1499190922499,7.75224823863645e-10,4.34958004095778e-09,"","OsbHLH077",""
"Os07g0475000",5300.44632325397,-1.57888050081183,0.200781509032938,-7.86367483946352,3.73025079776606e-15,3.2635742943591e-14,"","Os07g0475000",""
"Os07g0475700",4.62331576404681,-3.81823788351821,1.19161533680547,-3.20425372650397,0.00135413083587929,0.00338799350909635,"","OsSAUR30",""
"Os07g0476900",53097.6945220828,-1.35304134697892,0.172047796283004,-7.86433407582435,3.71066058787294e-15,3.24758168088053e-14,"","CDSP32",""
"Os07g0480800",7.70341599459271,-6.70442365194611,1.27332010987004,-5.26530885672604,1.39953866821704e-07,6.19736679963564e-07,"","OsXTH21",""
"Os07g0481400",315.492692619647,-1.44609724814137,0.167761690149595,-8.61994920802164,6.6983818014438e-18,7.14753686022278e-17,"","P0045A07.101",""
"Os07g0482433",4.8892791051205,-6.04565407760119,1.27267073887481,-4.7503677840085,2.03047017014128e-06,7.80346818762067e-06,"","Os07g0482433",""
"Os07g0482566",13.2396629336802,-4.39142683248273,0.843101935046901,-5.20865467144069,1.90214751819947e-07,8.30183354913302e-07,"","Os07g0482566",""
"Os07g0484200",5.83216959408917,-6.29440568944885,1.30731259440474,-4.81476711567588,1.47371654644129e-06,5.75934934876592e-06,"","OsADF9",""
"Os07g0484800",47.0140704369795,-3.86477487395781,0.407302250366074,-9.48871475785917,2.33900251942867e-21,3.04058055739161e-20,"","OJ1753_E03.106",""
"Os07g0485000",14.4122531785453,-3.46937041931793,0.600404766851227,-5.77838586710888,7.54206789057527e-09,3.82459713722438e-08,"","Os07g0485000",""
"Os07g0485500",15.3551529077077,-7.69604186403817,1.12329674056592,-6.8512990255459,7.31823592204963e-12,4.93936070391239e-11,"","OsUMAMIT11",""
"Os07g0489000",7.87745154806042,-6.73037620667514,1.33664792529694,-5.03526476890313,4.77188795199152e-07,1.98410920937228e-06,"","OsLTPG20",""
"Os07g0489100",5.45714757693296,-5.44857674287242,1.29302213979227,-4.21383097411446,2.51075212471661e-05,8.32671735967118e-05,"","Os07g0489100",""
"Os07g0489200",229.218239892004,-7.82642845622557,0.4968518233203,-15.7520373054567,6.65038089909427e-56,3.6374500560013e-54,"","Os07g0489200",""
"Os07g0489300",243.954180094041,-5.83113070440164,0.284702631601788,-20.481478065709,3.14955020246872e-93,4.43388666855498e-91,"","Os07g0489300",""
"Os07g0491800",193.222594139368,-3.69814050336155,0.262572221741009,-14.0842792845363,4.74474629780751e-45,1.74681395276043e-43,"","Os07g0491800",""
"Os07g0491900",1812.45822037239,-2.1224633863121,0.227538039452325,-9.32794969764521,1.07938618092062e-20,1.36170831999339e-19,"","Os07g0491900",""
"Os07g0495000",855.667914703846,-1.12717919770557,0.158345908141691,-7.11846116476184,1.09138677399618e-12,7.90218880751119e-12,"","OsUGlyAH",""
"Os07g0498400",23.2182014948732,-3.3186995281456,0.564688884183306,-5.87704065212005,4.17665667884762e-09,2.17177382018484e-08,"","Os07g0498400",""
"Os07g0500300",1278.23232031913,-1.92537410601672,0.155098576899915,-12.413873450684,2.19758304188041e-35,5.68366545184456e-34,"","Os07g0500300",""
"Os07g0501900",1914.77447451911,-1.16014475344281,0.123766271976979,-9.37367454728371,7.00503477291372e-21,8.90070495222991e-20,"","Os07g0501900",""
"Os07g0502200",739.938001675575,-1.02396247631665,0.250321593482309,-4.09058787966295,4.30281130971906e-05,0.000138007450900853,"","Os07g0502200",""
"Os07g0503500",9.49484023864667,-2.05803417221587,0.854985013863579,-2.4070997021525,0.0160797793273237,0.0318065377928388,"","OsUGT707A3",""
"Os07g0503900",149.245207147115,-4.43901839387607,0.30296409292467,-14.651962056044,1.3088092468362e-48,5.40472778481009e-47,"","UGT",""
"Os07g0509700",5017.58625622655,-2.71902391675825,0.193770437832719,-14.032191634441,9.90427984200088e-45,3.60349987731653e-43,"","Os07g0509700",""
"Os07g0509800",14937.4770084048,-5.28928718018081,0.215526823595195,-24.5412013778629,5.36950937471062e-133,1.84778241357229e-130,"","OsAPRL1",""
"Os07g0510200",75.1022152234633,-1.26121603171053,0.264834032675162,-4.76228836215134,1.9140989775409e-06,7.37797609933584e-06,"","P0409B11.21-2",""
"Os07g0510500",35.0058031501084,-2.34823725843135,0.347683296546933,-6.75395476789713,1.43868618911885e-11,9.45024594586365e-11,"","Os07g0510500",""
"Os07g0510900",4.36631518660196,-4.35003864545024,1.36248371314469,-3.1927270788508,0.00140936082784957,0.00351128539282342,"","Os07g0510900",""
"Os07g0513000",35444.9329850663,-2.86096497421669,0.259283993320914,-11.0340979308958,2.61664016634973e-28,4.90412204248467e-27,"","P0580A11.134",""
"Os07g0516300",455.407620756247,-1.97380587172349,0.234122720548032,-8.43064640246457,3.43761015472824e-17,3.49638713027809e-16,"","OsS40-15",""
"Os07g0516700",2.44657424536441,-3.49521390281392,1.4599111183334,-2.39412787458183,0.0166599393317296,0.0328126642942975,"","Os07g0516700",""
"Os07g0517100",640.108386781969,-3.5679265961691,0.159562245102414,-22.3607194413632,9.49695374361299e-111,1.96088352421249e-108,"","HSP18.8",""
"Os07g0517300",41.2695965570276,-1.29477975483047,0.34381518219012,-3.76591791724453,0.000165938305759657,0.00048690826643854,"","Os07g0517300",""
"Os07g0521300",105.226669552814,-2.6051033580044,0.266523189231476,-9.77439661260341,1.45018845228019e-22,2.00174480680481e-21,"","Os07g0521300",""
"Os07g0522500",542.249676033058,-1.83123986217781,0.200329210391242,-9.14115249893617,6.17902639053425e-20,7.442767957135e-19,"","ABCG43",""
"Os07g0524900",41.0552181759166,-3.23191296210298,0.542803160317014,-5.9541159639075,2.61481355544048e-09,1.39387339636723e-08,"","Os07g0524900",""
"Os07g0525400",4.10086868008686,-5.79451460903393,1.44511103159283,-4.00973661009778,6.078651499958e-05,0.000190357366297345,"","Os07g0525400",""
"Os07g0525900",1.69053052466497,-4.51245461491229,1.88493255571991,-2.39396078189591,0.0166675308620479,0.032822398042359,"","OsPKS14",""
"Os07g0526400",4.67361636723007,-5.98407507725912,1.29797341323115,-4.61032176488304,4.02046209461743e-06,1.48856828030986e-05,"","OsPKS15",""
"Os07g0526700",27.1346319285149,-4.6802370697396,0.678354514632377,-6.89939695068733,5.22237553416747e-12,3.57641787203061e-11,"","Os07g0526700",""
"Os07g0530400",292.99431672272,-2.68232100547065,0.266365499760678,-10.0700766723943,7.49196573083797e-24,1.10427385433059e-22,"","Os_F0782",""
"Os07g0530600",1413.39708280108,-1.20181916398282,0.134543788621806,-8.93255033393672,4.16298873853996e-19,4.77308523714968e-18,"","PDRP1",""
"Os07g0530700",1157.6325945805,-1.00813373690135,0.13928484080634,-7.23792862931189,4.55589061655281e-13,3.40311431433009e-12,"","P0681F05.121-1",""
"Os07g0532500",55.2999435224039,-1.33508886124782,0.411849524169612,-3.2416909159715,0.00118822816010039,0.00300599643892253,"","Os07g0532500",""
"Os07g0533800",1.62672196444584,-4.46756398866474,1.68024653830618,-2.65887409187487,0.00784022567166062,0.0166387384553949,"","Os07g0533800",""
"Os07g0534700",104.468029055907,-4.25571477062057,0.354613784620606,-12.0009851708773,3.51092213750666e-33,8.23770054933736e-32,"","OJ1131_E05.116",""
"Os07g0536300",2.18191594032831,-3.31812483007811,1.48955573587477,-2.22759360402816,0.0259076275688218,0.0485562245289485,"","Os07g0536300",""
"Os07g0537000",219.951325620623,-1.56735062467823,0.16365192656498,-9.57734294717206,9.95735753243562e-22,1.31650719093467e-20,"","OJ1058_A12.133-1",""
"Os07g0538200",6.46864128498505,-2.00253848701063,0.782581043649063,-2.55888959138735,0.0105007085563035,0.0216851577281524,"","OJ1058_A12.145",""
"Os07g0538350",6.6365238116268,-2.88033239120212,0.836457555111479,-3.4434890014452,0.000574259951041774,0.00154104178565602,"","Os07g0538350",""
"Os07g0538400",15.5994694938831,-3.11882559285346,0.543215805201412,-5.74141172438285,9.38904996204352e-09,4.72158495858641e-08,"","OsRLCK235",""
"Os07g0538700",12.5755348688753,-5.94494256180559,1.17381917459991,-5.06461530911,4.09225877109369e-07,1.71660114313551e-06,"","Os07g0538700",""
"Os07g0539900",61.3584625246242,-9.6942795332145,1.08847498284308,-8.90629521671984,5.27662985018288e-19,6.02484137317886e-18,"","Os07g0539900",""
"Os07g0540100",411.164407715308,-1.03793673860833,0.239610828322407,-4.33176057140348,1.47921749853383e-05,5.06242090539215e-05,"","Os07g0540100",""
"Os07g0540500",37.3113648372256,-8.25452493140651,1.06080452617718,-7.78138170389729,7.17366911955205e-15,6.15450137725558e-14,"","OsRLCK236",""
"Os07g0540600",65.8774027371599,-5.42231195847315,0.484773478612839,-11.1852487763747,4.81553037729895e-29,9.43196807575779e-28,"","Os07g0540600",""
"Os07g0541200",295.644575529629,-1.66793639849135,0.333071731408435,-5.00773929819344,5.50730595796319e-07,2.27272684411149e-06,"","Os07g0541200",""
"Os07g0541400",312.818895094295,-1.37730557138038,0.140191466778108,-9.8244608108734,8.8345521923614e-23,1.233899096224e-21,"","CRK6",""
"Os07g0541500",240.022356839737,-1.64447360768521,0.195029690393873,-8.43191415811667,3.4005640032222e-17,3.46161767904012e-16,"","CRK10",""
"Os07g0541700",23.6213699344642,-3.49222552579128,0.514455809640733,-6.78819338871895,1.13546384518521e-11,7.52229617437275e-11,"","OsRLCK237",""
"Os07g0542400",30.2972349610262,-2.77340442856743,0.436577141845227,-6.35261025541883,2.11691591088412e-10,1.25480443837263e-09,"","Os07g0542400",""
"Os07g0542600",21.3206430470225,-2.66907935764774,0.626501697705319,-4.260290702202,2.04161187364393e-05,6.86457014429035e-05,"","Os07g0542600",""
"Os07g0543100",139.644535517492,-2.35686195356284,0.363645517986814,-6.48120721138188,9.09916035119568e-11,5.58320693466012e-10,"","Os07g0543100",""
"Os07g0543700",1851.6604724125,-1.06906205842164,0.169225842873754,-6.31736879112007,2.66054156538082e-10,1.56024232817611e-09,"","Os07g0543700",""
"Os07g0544800",52652.0906227102,-2.25402586382713,0.176361200869722,-12.7807355172875,2.10073432183661e-37,5.90804702521517e-36,"","Os07g0544800",""
"Os07g0545300",666.788071453016,-1.1192247828026,0.243346058215075,-4.59931338527539,4.23885713546168e-06,1.5656852004373e-05,"","Os07g0545300",""
"Os07g0545900",1275.85451448983,-1.52826890478109,0.222038889865796,-6.88288842420716,5.8650965983784e-12,3.9966858750831e-11,"","Os07g0545900",""
"Os07g0546000",2112.92177094738,-4.23204106985446,0.185266814314234,-22.8429526654268,1.71721038783687e-115,3.93956683142909e-113,"","IPI",""
"Os07g0546050",2.96318969728642,-5.32892950118617,1.77667921305564,-2.99937628696694,0.00270532964156455,0.0063571654522994,"","Os07g0546050",""
"Os07g0546200",219.793973096358,-2.79692485198808,0.232403311974262,-12.0347891268341,2.33229195087024e-33,5.54579632118156e-32,"","Os07g0546200",""
"Os07g0548500",194.019388999893,-1.10968663046581,0.162766117006721,-6.81767588287426,9.2525094643294e-12,6.17922983821265e-11,"","Os07g0548500",""
"Os07g0548800",1283.95443908039,-1.14855045480193,0.122270507582418,-9.39351997069064,5.80278685183263e-21,7.39967317693552e-20,"","Os07g0548800",""
"Os07g0549900",402.904510058649,-3.09123041273422,0.21830050653055,-14.1604362805343,1.60991554550894e-45,6.01642194133861e-44,"","OSJNBb0064P21.1","P0534A03.129"
"Os07g0550500",64.0401658222385,-1.50646384599855,0.490401397407458,-3.0718995785138,0.00212701269509421,0.00510866552407419,"","Os07g0550500",""
"Os07g0553700",433.937522109137,-2.63587553784813,0.238668476251754,-11.0440875110282,2.34134268837218e-28,4.39480665074224e-27,"","Os07g0553700",""
"Os07g0556200",66789.5600162632,-1.47980497609026,0.19234327230902,-7.69356244346718,1.43093821171341e-14,1.2002151683014e-13,"","petC",""
"Os07g0556300",488.599705794959,-1.70947681037618,0.150216973073295,-11.3800509716174,5.25689984801793e-30,1.07555910432981e-28,"","Os07g0556300",""
"Os07g0558200",628.195715198911,-2.39000215671188,0.144439849540366,-16.5466951420768,1.69136050308608e-61,1.09991703897543e-59,"","Os07g0558200",""
"Os07g0558300",336.894569763949,-5.4792664706142,0.320138920604639,-17.1152775184774,1.14170280900831e-65,8.4694522451494e-64,"","Os07g0558300",""
"Os07g0558350",1.99743412583251,-3.96663643479034,1.68651629280644,-2.35197042074802,0.0186742598628498,0.0363665909472474,"","Os07g0558350",""
"Os07g0558400",216668.618260363,-2.61827895987076,0.178404581949917,-14.6760746347075,9.17503457430195e-49,3.81425892025972e-47,"","CP29",""
"Os07g0558500",16593.1370935669,-1.15277910338961,0.174675267217069,-6.59955540217979,4.12392622483244e-11,2.60593012172082e-10,"","OsNYC4",""
"Os07g0559700",2259.70537275163,-1.32527293342612,0.21941844891954,-6.03993392511899,1.54177350191055e-09,8.39203032883075e-09,"","OsMST6",""
"Os07g0561500",3142.02155942483,-4.22534434784558,0.249942940045752,-16.9052358393165,4.11674500982145e-64,2.93105146863063e-62,"","Os07g0561500",""
"Os07g0561800",167.398213434798,-6.22828668028937,0.752186701606111,-8.28024035387809,1.22926915403693e-16,1.20053613833555e-15,"","Os07g0561800",""
"Os07g0562400",57.609361225277,-3.89342862077063,0.449405714942261,-8.66350491619995,4.57476806544282e-18,4.93895548398592e-17,"","Os07g0562400",""
"Os07g0562700",106291.909551766,-3.27109897711024,0.252537673822207,-12.9529148170311,2.26199293922648e-38,6.58582832611218e-37,"","Os07g0562700",""
"Os07g0564500",30.4303524543659,-5.60693390914244,0.773713195562874,-7.24678594251376,4.26777640282172e-13,3.19464338165298e-12,"","OJ1112_E08.115",""
"Os07g0565700",384.939967016635,-1.51396396080528,0.223524480265477,-6.77314609570802,1.26011586186348e-11,8.31918217676298e-11,"","OJ1773_H01.113",""
"Os07g0566150",33.1189845378234,-1.01125574266044,0.449878942135214,-2.24783969185316,0.0245864138858084,0.0464135296646608,"","Os07g0566150",""
"Os07g0571600",30.2818516765551,-1.16972755995277,0.400760273746844,-2.91877123702054,0.00351414006865463,0.00806874696330793,"","Os07g0571600",""
"Os07g0575366",7.25499312633283,-2.4859764129322,0.768167038488829,-3.23624457751106,0.0012111356325473,0.00305708104804651,"","Os07g0575366",""
"Os07g0575500",112.624345755656,-4.13347517634618,0.350725741284826,-11.7854913106859,4.63708226649e-32,1.04164086415977e-30,"","Os07g0575500",""
"Os07g0575550",7.31024529267909,-4.14315287743014,1.14299710606822,-3.6248148446168,0.000289168547754477,0.00081574964223075,"","Os07g0575550",""
"Os07g0575600",266.787193285082,-1.64288176208517,0.208745356429258,-7.87026734480646,3.53884195657666e-15,3.10049105933875e-14,"","OJ1562_B11.129",""
"Os07g0575700",168.777909795402,-2.14070000162174,0.21843533759184,-9.80015424803551,1.12413851245133e-22,1.56388433032042e-21,"","SIT3",""
"Os07g0575800",682.222976286049,-1.55546133472027,0.271060821157998,-5.73842183490475,9.55628504215139e-09,4.80178613849899e-08,"","Os07g0575800",""
"Os07g0575900",110.97872325508,-1.8511740077979,0.227188357234652,-8.14819047212841,3.69410184694753e-16,3.50014384175216e-15,"","OJ1562_B11.134",""
"Os07g0576000",1314.75531921427,-2.07618293950786,0.219284880892002,-9.46797121197966,2.85331454479564e-21,3.69558674732889e-20,"","HPT2","VTE2-2"
"Os07g0577600",127146.806794221,-1.5973646337992,0.161950243169093,-9.8633049419468,6.00399363765038e-23,8.47158031663231e-22,"","OJ1065_B06.19-1",""
"Os07g0578200",698.305255578105,-2.65985511830255,0.186856564639414,-14.2347426938701,5.57678141274231e-46,2.1031341409972e-44,"","Os07g0578200",""
"Os07g0578333",17.8056429244767,-4.8451845932436,0.849867333708721,-5.70110698583952,1.19031897774697e-08,5.90914311994322e-08,"","Os07g0578333",""
"Os07g0580500",187.834384180181,-1.84643699920359,0.238791508897088,-7.73242318259881,1.05518493226632e-14,8.9382280570129e-14,"","BZR1",""
"Os07g0582400",381.06539142902,-2.51852793784852,0.263336633090215,-9.56391030102411,1.13389647509352e-21,1.49598258591013e-20,"","Os07g0582400",""
"Os07g0583200",2048.23017826977,-1.09833593428636,0.151668156548028,-7.24170425278795,4.4308123250384e-13,3.31268065713568e-12,"","OJ1127_E01.105",""
"Os07g0583600",4731.833153347,-1.7042589634074,0.134330754418765,-12.6870348549857,6.97777960434932e-37,1.91036956085042e-35,"","CIGR2",""
"Os07g0584283",2.65790610582968,-3.62637933820587,1.50297609587849,-2.41279907787639,0.0158305436238473,0.0313686323870813,"","Os07g0584283",""
"Os07g0585900",10.0476860616435,-3.98513444509632,0.820832925849858,-4.85498853615097,1.20393708154255e-06,4.75301929085083e-06,"","OJ1113_E01.102","OJ1060_D03.129"
"Os07g0586900",8.92514444913933,-4.40392883993121,0.91742115044992,-4.80033498003773,1.58400452423801e-06,6.16604557691205e-06,"","OsSHR1",""
"Os07g0587500",169.20409023878,-1.79150280862653,0.304143544294647,-5.89032002234762,3.85448452460885e-09,2.01312316750071e-08,"","Os07g0587500",""
"Os07g0588200",435.128289028183,-1.82171006939528,0.222066197258287,-8.20345505928775,2.33574999366576e-16,2.23447403834196e-15,"","OsFH13",""
"Os07g0588300",1.75414023154182,-4.57640374454194,1.88607034069511,-2.42642262369457,0.0152485015489463,0.030330091085866,"","Os07g0588300",""
"Os07g0588900",189.849921528817,-1.31928817237014,0.238280364985664,-5.53670535316461,3.08214415806202e-08,1.47056202203548e-07,"","Os07g0588900",""
"Os07g0591100",7.4796618901101,-2.35727967027082,0.893618155172238,-2.63790485525272,0.0083419983290938,0.0175951045032738,"","OJ1174_G05.24",""
"Os07g0591700",103.768640407585,-2.45563740374963,0.443681252385021,-5.53468822617427,3.11782447392596e-08,1.48701322407052e-07,"","Os07g0591700",""
"Os07g0595700",1684.80375826563,-1.84615239397041,0.177386657121636,-10.4075042842962,2.29150288588926e-25,3.69398614207405e-24,"","P0453E05.101","OJ1710_H11.138"
"Os07g0596000",43.4684165277963,-1.62845978673272,0.30377202837696,-5.36079571063044,8.28561752341756e-08,3.75787562470652e-07,"","Os07g0596000",""
"Os07g0596600",669.577218305442,-1.00264369742621,0.13920159954055,-7.20281735795808,5.89809554043498e-13,4.35481841900764e-12,"","Orysa",""
"Os07g0597000",7349.75573303815,-1.31915079586834,0.146206573229731,-9.02251360337674,1.83822170584769e-19,2.14433235432148e-18,"","P0453E05.118",""
"Os07g0600700",38.9783940131393,-1.51239117304313,0.408939438870553,-3.69832554478041,0.000217026433180433,0.000624318009868701,"","Os07g0600700",""
"Os07g0601000",2825.3299723472,-1.49368780472024,0.128251004367737,-11.6465973275137,2.38804899113791e-31,5.24545122814042e-30,"","OJ1634_B10.126","OJ2013_G04.104"
"Os07g0601600",4.85461408949686,-2.30775445495842,0.933687365734122,-2.47165650907563,0.0134488667937312,0.0271420194305024,"","OJ2013_G04.118",""
"Os07g0603500",365.302352893119,-1.64788376544084,0.253856690016106,-6.49139388580341,8.50458034804398e-11,5.22873417576887e-10,"","Os07g0603500",""
"Os07g0603800",119.743933985654,-1.27929958900902,0.200067771099317,-6.39433119077409,1.61251582318029e-10,9.67158183271318e-10,"","OsPTR4",""
"Os07g0605200",4116.26217240095,-1.32296573783092,0.134009893961093,-9.87214972511669,5.49736090538732e-23,7.77887556555007e-22,"","MADS18","MADS2"
"Os07g0605400",1747.48720793601,-3.37861060994607,0.531743384170305,-6.35383666355871,2.1000982838115e-10,1.24513364867187e-09,"","Os07g0605400",""
"Os07g0605800",107.704041926848,-3.02471679472232,0.256688139327214,-11.7836250737965,4.74093457537474e-32,1.06304195451638e-30,"","Os07g0605800",""
"Os07g0606600",518.471865873959,-1.43472275441451,0.124847532859897,-11.4917990091526,1.45059175914943e-30,3.04329483627818e-29,"","OsHAP3F",""
"Os07g0607800",4340.16554259752,-1.38259889669468,0.0968670386986185,-14.2731615962407,3.21658806542328e-46,1.22048089581918e-44,"","OSJNBa0072I06.32",""
"Os07g0608400",1252.78170518571,-1.07101383531937,0.137394787032367,-7.79515626795262,6.43288189504939e-15,5.53236774431235e-14,"","Os07g0608400",""
"Os07g0613500",1561.21292344853,-1.39630725296038,0.194245087835082,-7.18837870508144,6.55651960818377e-13,4.82909888026068e-12,"","P0616D06.105",""
"Os07g0615200",1384.19811286874,-2.29250071975067,0.254667070165196,-9.00195191417399,2.21739680107883e-19,2.57815300517739e-18,"","OsJAZ6",""
"Os07g0617000",126.639915453482,-1.2252569143791,0.29375006205834,-4.17108648690518,3.03150769134908e-05,9.94593035865414e-05,"","OsERF#065",""
"Os07g0617700",101.460129977948,-3.79588707816067,0.311220598220624,-12.1967732851338,3.2338659368241e-34,8.01254963166906e-33,"","OsFbox397",""
"Os07g0618000",384.061098628338,-2.28599031652607,0.222869441252885,-10.2570828179724,1.09979012882402e-24,1.71704473987855e-23,"","B1056G08.141",""
"Os07g0619200",1817.85280255489,-2.2741667740602,0.164901685566699,-13.791046260351,2.88544511414822e-43,9.97108418315906e-42,"","Os07g0619200",""
"Os07g0619400",940.333158895347,-4.24813231593173,0.294837497238727,-14.4083854859616,4.58298830712376e-47,1.7938815368974e-45,"","P0560B08.113",""
"Os07g0619500",60.9236566357278,-1.92492232963753,0.354572938465917,-5.42884727177949,5.67191942191684e-08,2.61749203793693e-07,"","P0560B08.115",""
"Os07g0620600",6.92422511920168,-3.35626611147196,0.934641902431266,-3.59096473498713,0.000329456215747386,0.000920078523170985,"","P0594D10.115",""
"Os07g0621800",13.4014953396133,-3.09013619042401,0.711033335638874,-4.34597934518426,1.38655617162769e-05,4.76024695363992e-05,"","P0594D10.128",""
"Os07g0626400",2199.9046951844,-2.15585799292884,0.142679201231824,-15.1098266202515,1.39506321380938e-51,6.47293656339982e-50,"","OsDjC60",""
"Os07g0628700",13612.7320125671,-1.30954765035049,0.168635807858601,-7.76553726625206,8.12998558967471e-15,6.93413607419519e-14,"","Os07g0628700",""
"Os07g0629000",69.5495347713216,-1.65482168625013,0.319469469739963,-5.17990557156244,2.21998248798664e-07,9.61449154078744e-07,"","R2R3-MYB",""
"Os07g0630800",4333.79312273354,-4.41545311566416,0.233113329206137,-18.941229704457,5.21644208967513e-80,5.36297865792036e-78,"","P0011H09.138",""
"Os07g0630900",44.8767003605994,-1.02307009741271,0.370158648407958,-2.76386922691907,0.00571204267830705,0.0125123580090543,"","OsCslA7",""
"Os07g0631300",216.46542711285,-1.643479330692,0.237330044666222,-6.92486841690594,4.36380942561762e-12,3.00589675114061e-11,"","P0519E12.107",""
"Os07g0631700",44.1866270890906,-2.58075252180293,0.478038286407308,-5.39863143849534,6.71511627649695e-08,3.07713031223904e-07,"","P0519E12.112",""
"Os07g0633000",67.172527271701,-1.5458517738515,0.275044467575406,-5.62037036221313,1.90548528452286e-08,9.27001941775436e-08,"","Os07g0633000",""
"Os07g0634300",460.004887563865,-1.14826679808375,0.139434422030638,-8.23517450971641,1.79296084189037e-16,1.72991397116502e-15,"","P0455H11.114",""
"Os07g0634400",181.964062584382,-1.11166113190478,0.255347639361883,-4.35352030151065,1.33968682754546e-05,4.60635866307158e-05,"","P0455H11.115",""
"Os07g0634900",5.47336187991023,-2.11666028002902,0.891130777193453,-2.37525213380609,0.0175369663803532,0.0343896648995655,"","OsMYB86",""
"Os07g0635300",301.903921124103,-2.3047821558914,0.24349911309414,-9.46525893505142,2.92834625033728e-21,3.79078553002126e-20,"","Os07g0635300",""
"Os07g0635500",11.2486375646023,-2.86427195446552,1.13156909055068,-2.53123912484354,0.0113660331661557,0.0232952439207412,"","OsCYP709C5",""
"Os07g0637000",50.9940466777529,-3.15383382933863,0.470920100541995,-6.69717394884779,2.12488635646683e-11,1.37678632986869e-10,"","OsCIPK21",""
"Os07g0637300",13667.2092455419,-4.00438055592191,0.17467969338865,-22.9241331848028,2.66993510654973e-116,6.36086366682525e-114,"","OS-PYDK",""
"Os07g0639100",1.6841441185423,-4.52385347394505,1.9435307052548,-2.32764703007455,0.0199308539790135,0.0385440812549187,"","OsACS8",""
"Os07g0642600",1248.39233721661,-3.11058346409251,0.118900784554889,-26.1611685384342,7.35555659141672e-151,3.87763033330919e-148,"","Os07g0642600",""
"Os07g0642800",4.05377484307476,-2.83453089315139,1.02822005626095,-2.75673565779193,0.00583815271874798,0.0127592758148027,"","OJ1003_C06.117","P0524G08.133"
"Os07g0645300",79.3259452100871,-10.0683225044731,1.04988389862687,-9.58993896148074,8.81371385561178e-22,1.16966999571769e-20,"","P0503D09.101",""
"Os07g0646100",211.741701364874,-2.23128867647814,0.18913586761039,-11.7972794090779,4.03135079134007e-32,9.08869686597207e-31,"","OsPP2C65",""
"Os07g0646500",6.52361381731637,-4.96296277321768,1.30869242248732,-3.7923064945887,0.000149254542993576,0.000441403653825714,"","Os07g0646500",""
"Os07g0646600",949.081611827971,-1.34985503990037,0.208645628764024,-6.46960613503694,9.82586946368258e-11,6.01124858522626e-10,"","P0503D09.119-1","OJ1316_A04.102-1"
"Os07g0646800",8.25786412949308,-6.79804268548555,1.23293137233155,-5.51372350322309,3.51320387785147e-08,1.66333774059883e-07,"","OsSTA200",""
"Os07g0650375",40.5066469029678,-2.57095869861322,0.361777208410099,-7.10646950345989,1.19048948580945e-12,8.56716758347394e-12,"","Os07g0650375",""
"Os07g0650451",4.42814175446243,-1.95639242301343,0.836577856854318,-2.33856586925432,0.019357912942375,0.0375680276473116,"","Os07g0650451",""
"Os07g0654100",41.9537259239656,-2.18947427405554,0.36177242614814,-6.05207615562993,1.4299083760704e-09,7.80886926028129e-09,"","Os07g0654100",""
"Os07g0656700",3363.80433207416,-4.25435155079596,0.168358442624293,-25.2696062310931,6.89671304004585e-141,2.7561267579551e-138,"","P0047B07.113",""
"Os07g0656800",913.519003505379,-1.59184649881423,0.173419225826568,-9.1791812080063,4.34381670326662e-20,5.28099835411369e-19,"","Os07g0656800",""
"Os07g0657100",3.11438449769473,-5.40382462231131,1.39303348905919,-3.87917782648633,0.000104810115861303,0.000317156844247129,"","GLYI10",""
"Os07g0657600",122.191615382323,-1.32869250594982,0.240056766275545,-5.53490962393746,3.1138887473093e-08,1.48542205414098e-07,"","Os07g0657600",""
"Os07g0657900",3299.66925637152,-1.26348671143323,0.157692696398832,-8.01233500527925,1.12550779774804e-15,1.02449326615735e-14,"","NTRC",""
"Os07g0658000",241.61835842213,-2.68871912370673,0.21527787045616,-12.4895286171751,8.51566809490129e-36,2.22331621061506e-34,"","OJ1477_F01.108","P0047B07.129"
"Os07g0658400",75781.3829857982,-2.48669419424221,0.148517026266452,-16.7434957240584,6.31671524197299e-63,4.35958923538621e-61,"","OsGLU",""
"Os07g0658700",91.7120304668359,-1.30411646367951,0.254347565405802,-5.12730075319904,2.93925779423795e-07,1.2536751655678e-06,"","OJ1477_F01.115",""
"Os07g0659300",377.422226694699,-1.95597303284241,0.249485256305672,-7.84003456479182,4.50422428101807e-15,3.91720480908335e-14,"","Os07g0659300",""
"Os07g0659400",1185.26834998372,-2.63380518550186,0.167539568307373,-15.720496430251,1.09462642469509e-55,5.93469560714883e-54,"","Os07g0659400",""
"Os07g0659900",568.705495564277,-1.4789670177982,0.247285275826194,-5.98081310282989,2.22026508196954e-09,1.19098306854209e-08,"","OsGRL16",""
"Os07g0662800",675.484673300871,-1.08025417857755,0.15874437809568,-6.80499172025131,1.01055048601495e-11,6.7199166376791e-11,"","Os07g0662800",""
"Os07g0662900",3652.46336976299,-1.26740271491234,0.206293718094494,-6.14368060559071,8.06308959179457e-10,4.51274386301997e-09,"","OsDPE2",""
"Os07g0663200",5.64292534861967,-2.59454422367537,0.990591352394305,-2.61918723336746,0.00881395560260364,0.0185102032518826,"","Os07g0663200",""
"Os07g0663300",23.180665686875,-1.93382188252762,0.528594856202749,-3.65841978943865,0.000253775137477533,0.000722318963961038,"","OJ1343_D04.110-1","P0453E03.130-1"
"Os07g0663700",29.1246077833702,-7.89355376966073,1.10034123875183,-7.17373255828781,7.29801138312509e-13,5.35612642297661e-12,"","OsSDR110C-MI3",""
"Os07g0664000",18.9527966642815,-6.53705644056604,1.10754707536597,-5.90228314982092,3.58505176961684e-09,1.87794561724728e-08,"","Os07g0664000",""
"Os07g0664500",14.9771332186475,-3.9478028049049,0.840766699397906,-4.69547950428106,2.65982038240193e-06,1.00568242964707e-05,"","Os07g0664500",""
"Os07g0667000",589.033570898916,-1.62822413297887,0.141190358420579,-11.5321198358935,9.08780498054406e-31,1.93111958836141e-29,"","OsTLP7",""
"Os07g0667100",4.26273266914574,-4.32615976631881,1.40116772803187,-3.08753882905618,0.00201821403496429,0.00487333487421403,"","OsSTA201",""
"Os07g0668700",429.185815422213,-1.5466844489244,0.273707998909952,-5.65085585764428,1.59650927282005e-08,7.83146114683478e-08,"","P0625E02.112",""
"Os07g0670800",3.99332079332382,-5.00060321289807,1.31814721167479,-3.79366065383888,0.000148442511752865,0.000439159416561282,"","Os07g0670800",""
"Os07g0671000",836.707970357894,-4.12189565307822,0.369419574003484,-11.1577619139351,6.56228148034121e-29,1.27026287686261e-27,"","Os07g0671000",""
"Os07g0671901",33.4517389666855,-1.76374265181076,0.379334381685587,-4.6495723482103,3.32623992051663e-06,1.24417642679107e-05,"","Os07g0671901",""
"Os07g0672300",51.6769471376288,-2.40623608341232,0.309637019349937,-7.77115116423758,7.77760128441348e-15,6.6473137986862e-14,"","Os07g0672300",""
"Os07g0673550",469.947135204055,-1.33916623076084,0.240049277098903,-5.5787138663579,2.42303435752685e-08,1.1680062699697e-07,"","P0470D12.144",""
"Os07g0673700",462.020629911359,-1.19192463973788,0.159827810968611,-7.45755468034262,8.81429878591534e-14,6.95737116975547e-13,"","OsFbox400",""
"Os07g0674100",226.29943693801,-1.27888601626185,0.210925493861246,-6.06321214591133,1.3342948000787e-09,7.3060380688508e-09,"","OsUXS6",""
"Os07g0676900",19.8819882368451,-1.94848485090198,0.685712006624636,-2.84154985194622,0.00448948322743457,0.0100738929474865,"","prx109",""
"Os07g0677200",8.32057314743755,-2.42397491052483,0.86184839272428,-2.81253052275553,0.00491533582364031,0.0109422529831389,"Peroxidase 2 [Source:NCBI gene (formerly Entrezgene);Acc:4344279]","POX22.3",""
"Os07g0678300",1008.28852479366,-1.35988445633549,0.234337990021423,-5.80309004191412,6.51038067363166e-09,3.31977159807721e-08,"","OsCIPK29",""
"Os07g0679000",120.078061381145,-1.12021111408877,0.23511267621269,-4.76457132015884,1.89255569692343e-06,7.29834280197228e-06,"","OsHAK9",""
"Os07g0679700",1823.99696525488,-1.55095626530274,0.164809220799292,-9.41061584892465,4.93238361388993e-21,6.31574515769255e-20,"","OsVAL2",""
"Os07g0681400",998.258886342552,-3.56682895670659,0.273553870930405,-13.0388538995086,7.35544049054729e-39,2.20369708626711e-37,"","OsCML24",""
"Os07g0683900",10690.6114536016,-2.80551409149154,0.246662611581194,-11.3738927578331,5.64142405188854e-30,1.15138026139738e-28,"","R40G2",""
"Os07g0685000",1442.78822018825,-1.74123574531815,0.169188275325129,-10.2917045638773,7.68045133938339e-25,1.20518393182965e-23,"","OsCDF3",""
"Os07g0685300",404.014627422252,-1.03099125501113,0.226562916057684,-4.55057373444395,5.34998346821389e-06,1.95108243143856e-05,"","Os07g0685300",""
"Os07g0685500",121.107124537154,-1.20853884597265,0.273045178456415,-4.42614974124351,9.59299445971762e-06,3.36808309095116e-05,"","OJ1200_C08.102",""
"Os07g0685600",6.04015822751577,-4.85782215542178,1.23031233873129,-3.94844626237854,7.86600681923584e-05,0.00024252868461947,"","Os07g0685600",""
"Os07g0686100",77.053407243027,-1.24676357648557,0.292146018365319,-4.2676042051223,1.97583483546589e-05,6.65243371631178e-05,"","OsbZIP62",""
"Os07g0689600",2.77460708955531,-5.23565409131245,1.71804381251299,-3.04745085845875,0.00230791258932517,0.00549837982939517,"","OsNAS3",""
"Os07g0690200",194.173414830068,-1.14782239036244,0.220484773793625,-5.20590320416781,1.93055265185579e-07,8.42283906586209e-07,"","P0597G07.118",""
"Os07g0690900",20.4368193371195,-2.50024155145178,0.602584403205637,-4.14919725461024,3.3364322144728e-05,0.000108743463533271,"","P0597G07.128",""
"Os07g0691100",404.860963463,-7.10850485964523,0.332592129228815,-21.3730399337104,2.38113548430692e-101,4.12569188074633e-99,"","OsPME23",""
"Os07g0691200",7946.45336326057,-2.65828093465278,0.207295089502645,-12.8236560790257,1.2086410692681e-37,3.43029779762378e-36,"","P0034A04.101-1","P0597G07.131-1"
"Os07g0691300",179.337302740853,-2.11794985336941,0.351489201428775,-6.0256470035498,1.68434443301719e-09,9.14744690926692e-09,"","P0034A04.103","P0597G07.133"
"Os07g0691700",43.7110441673803,-2.5610879858283,0.4315376228678,-5.93479652784036,2.94210139222023e-09,1.55828230429758e-08,"","OsSCAR4",""
"Os07g0693000",115.942865216797,-2.83053240503909,0.250698032274678,-11.2906047939691,1.46028377731531e-29,2.92493542041563e-28,"","OsRLCK242",""
"Os07g0693100",2.22406271243751,-4.91564591342901,1.84816564730768,-2.65974314617843,0.00782002626388711,0.0166048461625704,"","pdc3*",""
"Os07g0693700",1302.7249883376,-1.16257950418045,0.175330146130975,-6.63080211723533,3.33867571496784e-11,2.12818029816718e-10,"","Os07g0693700",""
"Os07g0693800",59.1632471012225,-2.22557441858173,0.40324353435868,-5.51918190609376,3.40581496561766e-08,1.61455114354884e-07,"","FAD8",""
"Os07g0694300",69.158522457642,-2.98833069897715,0.398407147840902,-7.50069549497765,6.34801035457767e-14,5.07861325655056e-13,"","prx116",""
"Os07g0694800",1552.68618607308,-1.08266967091757,0.179677701551778,-6.0256206617023,1.68461880966158e-09,9.14744690926692e-09,"","Os07g0694800",""
"Os07g0695100",3498.5924683178,-1.71215029921375,0.191295418547078,-8.95029432601069,3.54535771120328e-19,4.08954041017149e-18,"","Hd2",""
"Os07g0695700",144.523040857751,-1.71363034034958,0.218795028184802,-7.83212650930161,4.79686488952412e-15,4.16731842102872e-14,"","Os07g0695700",""
"Os08g0100200",49.232467580631,-1.39326209937362,0.324514343063361,-4.29337602221665,1.75976597168e-05,5.97038497608041e-05,"","Os08g0100200",""
"Os08g0100300",107.724364713916,-1.1773560929387,0.288181992020907,-4.08546031860757,4.39895183492441e-05,0.000140877676758894,"","Os08g0100300",""
"Os08g0101700",2693.35552319846,-2.14909949366675,0.272260913618396,-7.89352928080946,2.93758605381944e-15,2.59019820838022e-14,"","Os08g0101700",""
"Os08g0101900",14.0945929793526,-1.92002295064921,0.578326954613714,-3.31996102780938,0.000900300153386973,0.00233187715873605,"","Os08g0101900",""
"Os08g0102000",1394.40915285806,-1.42190737457679,0.326920921338081,-4.34939241195378,1.36515238641764e-05,4.68871370644162e-05,"","OsSNAT2",""
"Os08g0102700",994.36379784006,-1.13605905811117,0.371521586665632,-3.05785477583466,0.00222927583215348,0.00532999780886489,"","Os08g0102700",""
"Os08g0103900",63.2453613402965,-3.69672301218367,0.382466543824095,-9.66548073779722,4.22630927786404e-22,5.70034104396502e-21,"","ONAC031",""
"Os08g0104600",70890.8775157832,-3.32452162130062,0.279305805517622,-11.9028017163462,1.14439436426261e-32,2.64009861856004e-31,"","Fd1",""
"Os08g0106000",5.11963799408614,-2.68915799034453,1.10845848839147,-2.42603400894775,0.0152648397377909,0.0303593621916234,"","Os08g0106000",""
"Os08g0108001",6.72878986821237,-3.62821768412656,1.0469075604382,-3.46565238540061,0.000528946681327313,0.00142763746440597,"","Os08g0108001",""
"Os08g0108100",19.6068013675628,-4.96625782021475,0.851771342429816,-5.83050587972084,5.52595916342375e-09,2.83746077446482e-08,"","PMEI28",""
"Os08g0109300",6647.63217333003,-3.1784179062866,0.284657982368263,-11.1657431133432,5.99874422370464e-29,1.16664745393038e-27,"","AK1",""
"Os08g0110000",1007.34933039583,-1.68509824418238,0.170142701705094,-9.90402895507758,3.99835197737242e-23,5.70006714288587e-22,"","Os08g0110000",""
"Os08g0111200",450.686560275361,-2.03955229948957,0.35798476452537,-5.69731592402734,1.21708273900607e-08,6.03113180487066e-08,"","Os08g0111200",""
"Os08g0111800",1.67612527280529,-4.50233605333763,1.61571418782651,-2.786591890608,0.00532655138858342,0.011749996773053,"","Os08g0111800",""
"Os08g0113000",1.63698875860217,-4.45530268408722,1.93827071055614,-2.29859671294774,0.0215278503845554,0.0412557466917882,"","prx117",""
"Os08g0113501",499.369561237947,-2.42828098762432,0.173523074939022,-13.9939946804057,1.69611116146818e-44,6.1082189313513e-43,"","Os08g0113501",""
"Os08g0114100",7635.16657168579,-5.1137390157969,0.25916401543636,-19.7316707228308,1.15296250619849e-86,1.40723901557044e-84,"","Os08g0114100",""
"Os08g0118900",1605.55940496261,-3.20036769148445,0.207710184689929,-15.4078515517281,1.44951328131674e-53,7.37465925486341e-52,"","Os08g0118900",""
"Os08g0119800",1335.46990722347,-1.89472071809632,0.181445850046011,-10.4423480482792,1.58832614020642e-25,2.58567390117572e-24,"","PsbY",""
"Os08g0126500",8.94675593351117,-2.66764771266767,1.05440092221716,-2.53001268915644,0.0114058401619933,0.0233690979652451,"","OsFbox404",""
"Os08g0126700",7713.77211964407,-1.4438529230058,0.314032548327844,-4.59778112394401,4.27014240573106e-06,1.5763009294815e-05,"","OsC3H54",""
"Os08g0127500",92.8233982286652,-1.80075417090433,0.25305278272145,-7.11612080111573,1.110070108985e-12,8.03042542783106e-12,"","Os08g0127500",""
"Os08g0127800",44.8770733275806,-3.23081601441707,0.452121667438899,-7.1458995378798,8.94084335612673e-13,6.52126216764062e-12,"","Os08g0127800",""
"Os08g0130000",12.6636560107115,-1.93147662124924,0.553404188173916,-3.49017347993442,0.000482707086698442,0.00131169483298172,"","OsSTA203",""
"Os08g0130100",71.0001315998237,-1.32176455087707,0.430004190164991,-3.07384109529239,0.00211321959173234,0.00508012305773387,"","OsLSD3",""
"Os08g0130400",196.043766409567,-1.28757099958357,0.31808828361475,-4.0478416399109,5.16920994436224e-05,0.00016365642063821,"","Os08g0130400",""
"Os08g0131300",5.85009923036712,-6.3043916376919,1.55477955309291,-4.05484599096419,5.01673446382879e-05,0.000159195222605387,"","GPAT",""
"Os08g0136100",224.829701629029,-1.73140222334949,0.183482665153795,-9.4363258888693,3.86080031917109e-21,4.96672115826076e-20,"","Roc7(t)",""
"Os08g0136800",2.66306637820938,-5.16253037538898,1.47467371086253,-3.50079501476257,0.000463872495698537,0.00126481444106115,"","Os08g0136800",""
"Os08g0137400",36.6049741133045,-2.98712332319354,0.516419953964502,-5.78429106052488,7.28187673312012e-09,3.70022682150364e-08,"","OsUCL23",""
"Os08g0137600",27.4774112606704,-3.92646241640362,0.581177612113397,-6.75604554367711,1.41808859187154e-11,9.31988887023902e-11,"","Os08g0137600",""
"Os08g0137800",4.94302584785514,-4.5411457276007,1.29960232106795,-3.49425793874316,0.000475381482285253,0.00129420140496448,"","OsUCL24",""
"Os08g0137900",1.62922798253485,-4.45000469440346,1.97539470413649,-2.25271672799624,0.0242770155280332,0.0458993982249582,"","OsUCL25",""
"Os08g0138500",1759.2315017518,-1.07036205463872,0.1452926457271,-7.36693897535017,1.7459035390727e-13,1.34802904292939e-12,"","OsPRI1",""
"Os08g0138700",31.4820521972816,-1.60176625836104,0.341050222505754,-4.69657004353374,2.64566537826107e-06,1.00063579723973e-05,"","OsRLCK245",""
"Os08g0143600",9.41019062292345,-5.50093003272117,1.28973557429579,-4.26516112477144,1.99757991601807e-05,6.72473336673638e-05,"","OsDAD1",""
"Os08g0143900",358.736853391411,-1.69548715922189,0.240156347862116,-7.05993064233032,1.66585730978706e-12,1.18742654098372e-11,"","Os08g0143900",""
"Os08g0144000",912.522104577553,-1.41735459876092,0.179488682636299,-7.89662377562225,2.86559675458898e-15,2.53032397678016e-14,"","Os08g0144000",""
"Os08g0144100",3.83908976235679,-4.18609474484165,1.35638172446998,-3.08622172454985,0.00202717596305539,0.00489402112799603,"","OsCML32",""
"Os08g0148300",6.44741804412977,-6.43605574939405,1.3337515753285,-4.82552813315992,1.3963275170438e-06,5.4741783053472e-06,"","Os08g0148300",""
"Os08g0152366",2187.79630648561,-2.15670061333761,0.160192767256695,-13.4631584825655,2.57662242793335e-41,8.44457326678634e-40,"","Os08g0152366",""
"Os08g0152400",554.456773861559,-1.66622624578373,0.232722294873534,-7.15971904062388,8.08425758010364e-13,5.91389577981186e-12,"","Os08g0152400",""
"Os08g0152700",818.753824650274,-1.41180952416761,0.151510956554287,-9.31820085012632,1.18329705152367e-20,1.48598839562098e-19,"","OJ1349_D05.118",""
"Os08g0153900",11.8771007080621,-3.15195030468675,0.685103373023864,-4.60069301771918,4.21087620576469e-06,1.55581389427724e-05,"","OJ1066_B03.114","OJ1349_D05.135"
"Os08g0154200",49.1202204507166,-1.00872967060317,0.291512882211442,-3.46032622280999,0.00053952134027548,0.00145459415103434,"","OsRH45",""
"Os08g0154900",17.5921881383885,-1.56301179444262,0.466551889082154,-3.35013496037391,0.000807721951014863,0.00211161140629054,"","Os08g0154900",""
"Os08g0155900",48.1986255026183,-3.90810662508,0.642838900241418,-6.07944949133027,1.2059586099497e-09,6.63263850804076e-09,"","OsDR10",""
"Os08g0156000",40.943012527733,-3.59437906842986,0.65663612375168,-5.47392831191412,4.40167187767871e-08,2.05968317494326e-07,"","Os08g0156000",""
"Os08g0156100",9.74545957709671,-5.5814968176024,1.16790122387595,-4.77908294254451,1.76096543672906e-06,6.8206097586112e-06,"","Os08g0156100",""
"Os08g0157000",180.641191952071,-1.4470325265975,0.200089440484343,-7.23192849704996,4.76182914735727e-13,3.55052184122995e-12,"","OsMAPK2",""
"Os08g0157400",195.675703657218,-1.16694342652283,0.198240204073563,-5.88651243563993,3.94430092228569e-09,2.05742064110805e-08,"","Os08g0157400",""
"Os08g0157600",15489.252716356,-6.77172123109993,0.211086551195383,-32.0803063613086,8.29953827069954e-226,1.86943327030111e-222,"","CCA1",""
"Os08g0158200",77.0973823082984,-5.01598992713545,0.370153049060462,-13.5511241630111,7.80259662562459e-42,2.61603432466983e-40,"","P0498E12.107",""
"Os08g0158500",520.668035424806,-2.18217305869092,0.171052729873042,-12.7573120891468,2.83826748732166e-37,7.93721823175719e-36,"","P0498E12.110",""
"Os08g0159500",6456.05548036452,-5.52504216415811,0.29344173304873,-18.8284130779741,4.41802707270178e-79,4.41392970888435e-77,"","OsLSD1",""
"Os08g0162600",14231.2080835326,-2.88338764404302,0.234242576367373,-12.3094088562315,8.06114472221189e-35,2.04642400391644e-33,"","NP122",""
"Os08g0162800",2055.44054789712,-2.41152711524276,0.316581814126307,-7.61738990566473,2.58856524885504e-14,2.13079339438144e-13,"","OsACBP1",""
"Os08g0163400",11258.5301978024,-1.28063980886743,0.156715721741852,-8.17173793818175,3.03978273151603e-16,2.89456943654008e-15,"","OsSIG1",""
"Os08g0167000",357.849752537645,-2.65265921692036,0.193930776094703,-13.6783818965639,1.36700892943906e-42,4.64614269474782e-41,"","OsABCG18",""
"Os08g0167800",3.41516905902786,-4.02078968476326,1.67739878331667,-2.39703863193049,0.0165281810108256,0.032581648572299,"","TPS",""
"Os08g0171700",1209.74659285845,-1.63571049191083,0.260477580280523,-6.27965942462012,3.39315497857203e-10,1.97538066034021e-09,"","Os08g0171700",""
"Os08g0171800",24.1063016210739,-5.27668487109316,0.74159471769527,-7.1153215431362,1.11652227362333e-12,8.07474383349832e-12,"","Os08g0171800",""
"Os08g0173300",9.36688104390107,-3.84776032989355,0.932920068502485,-4.1244265825152,3.71659516159247e-05,0.000120421182579805,"","OsPROPEP3",""
"Os08g0174000",2.60705587615598,-5.13850246027102,1.48984367181427,-3.44902123456589,0.000562622456417158,0.00151276143273445,"","Os08g0174000",""
"Os08g0174100",73.3147583680849,-5.38875889343611,1.0270621064685,-5.24677023862274,1.54788738616742e-07,6.81813435859024e-07,"","Os08g0174100",""
"Os08g0174300",107.503080737572,-5.22190468786599,0.474160293127711,-11.0129522938765,3.30976920230326e-28,6.1705155399148e-27,"","Os08g0174300",""
"Os08g0174500",42.497706364099,-2.99582389452212,0.392010625829267,-7.64220073929041,2.13539901558983e-14,1.771301687622e-13,"","HD5","DTH8"
"Os08g0174700",1021.9894085567,-1.46786801508332,0.133630313281796,-10.984543693974,4.53524609866932e-28,8.34842441208987e-27,"","BAK1","BISERK1"
"Os08g0176100",957.796542212783,-1.54166999963462,0.141191960788117,-10.9189644440746,9.35563906533431e-28,1.69200488410064e-26,"","Os08g0176100",""
"Os08g0177500",34.3268432149193,-1.44317457526737,0.425512187817656,-3.39161748261324,0.000694813683243075,0.00183787750931074,"","Os08g0177500",""
"Os08g0178200",5.90188964479821,-2.30110732423178,0.860352020103633,-2.67461140377703,0.0074815914468214,0.0159486699886341,"","OsMST5",""
"Os08g0178600",1.6644468266059,-4.49359522119026,1.67970253255009,-2.67523274753189,0.00746773862199763,0.015923174540925,"","Os08g0178600",""
"Os08g0178700",862.742470129726,-2.29399683512838,0.164171441126952,-13.9731784004653,2.27253989562339e-44,8.16039434693632e-43,"","Os08g0178700",""
"Os08g0178800",1103.53497252068,-5.93502839905608,0.235953631223808,-25.1533674996786,1.29825642335379e-139,5.02607803147449e-137,"","OsBBX24",""
"Os08g0179000",91.0988980307154,-6.21043772698072,0.570544527639046,-10.8851061155208,1.35740443396603e-27,2.44066833529582e-26,"","Os08g0179000",""
"Os08g0179100",20.958322174274,-6.68980114235133,1.1130342782681,-6.01041789365263,1.85045709111832e-09,1.00062800843821e-08,"","Os08g0179100",""
"Os08g0179400",57.3423611295404,-1.4959426963581,0.442419384944073,-3.38127746492664,0.000721496476016118,0.00190357983028978,"","OsbHLH070",""
"Os08g0185900",6.25450288638836,-3.20556317070802,0.958190967502894,-3.34543246536953,0.000821543634932682,0.00214289784637615,"","Os08g0185900",""
"Os08g0186200",12.3940921016963,-6.65730764366691,1.14528928325023,-5.81277389130374,6.14460325634847e-09,3.14003248819776e-08,"","Os08g0186200",""
"Os08g0187500",1679.141814198,-1.65890077494373,0.16314125809451,-10.1684932083992,2.74116173884667e-24,4.17441698853129e-23,"","Roc1(t)",""
"Os08g0187900",269.286065717455,-6.85258783180871,0.409013808922435,-16.7539278193618,5.30079431182949e-63,3.66865309117875e-61,"","Os08g0187900",""
"Os08g0190250",26.6162488322754,-1.68546834869848,0.594740314530654,-2.8339567833544,0.00459755490919433,0.0102921591963415,"","Os08g0190250",""
"Os08g0190300",157.977265744139,-2.48789536544303,0.355900321691851,-6.99042741410367,2.74050055040302e-12,1.92083117785956e-11,"","Os08g0190300",""
"Os08g0192100",103.158482858312,-2.1050330685564,0.353264535777115,-5.95880099859366,2.5409528827077e-09,1.35625139109972e-08,"","Os08g0192100",""
"Os08g0192200",166.331301171275,-1.33398280007653,0.177225031826802,-7.52705634371225,5.18969800272991e-14,4.17484244849478e-13,"","Os08g0192200",""
"Os08g0193100",124.396551883157,-2.42136938819362,0.297944673058957,-8.12690948065542,4.40373982375618e-16,4.15504423508023e-15,"","Os08g0193100",""
"Os08g0198000",2.05686258265472,-4.00553319952107,1.49861478463383,-2.6728237573739,0.00752157554345159,0.0160270104265652,"","OsWRKY105",""
"Os08g0198200",12.4266275603955,-1.84523177670587,0.697429859502316,-2.64575964387677,0.00815077082472254,0.0172328397238801,"","Os08g0198200",""
"Os08g0198300",10.3347459274906,-1.50786804334332,0.57911741429331,-2.60373459013204,0.00922141359958945,0.0192813083228572,"","Os08g0198300",""
"Os08g0198900",92.7837952647197,-5.36181851732809,0.432569566545797,-12.3952744991838,2.77194901360448e-35,7.13935350416612e-34,"","OsWRKY118",""
"Os08g0200100",9.27730457484449,-2.73104354766119,0.950249496651406,-2.87402788139867,0.00405273184083084,0.00918453643284238,"","Os08g0200100",""
"Os08g0200300",180090.236265043,-2.03650515949722,0.131913477751707,-15.4381886840283,9.06093142032153e-54,4.66741575470492e-52,"","OsPsbR3",""
"Os08g0200500",18.9373706978218,-4.92055566477673,0.731324466971988,-6.72827983610345,1.71680513556549e-11,1.12117239968124e-10,"","OsRLCK247",""
"Os08g0200600",12.5185356157695,-3.53720349183128,0.711006172554551,-4.97492655952982,6.52723813486616e-07,2.6687356314782e-06,"","OMTN6",""
"Os08g0200750",66.8384553104772,-3.52753024181742,0.420655036523602,-8.38580293955306,5.03806723694078e-17,5.07638031434249e-16,"","Os08g0200750",""
"Os08g0202400",45.8077053026822,-3.65994821643911,0.465574031525131,-7.86115197286632,3.80616658627646e-15,3.32646876572035e-14,"","Os08g0202400",""
"Os08g0203300",401.374604799621,-2.93720365417514,0.243510709644195,-12.0619074966634,1.6784975634057e-33,4.01817721048337e-32,"","Os08g0203300",""
"Os08g0205900",899.324530887798,-1.10289386046747,0.170977426731829,-6.45052321554299,1.11464655428818e-10,6.7756618438661e-10,"","Os08g0205900",""
"Os08g0215200",3002.03297718848,-1.45595108384128,0.213254451926108,-6.82729514292046,8.65305596050523e-12,5.79137675671092e-11,"","Os08g0215200",""
"Os08g0215300",5502.86709658274,-1.13355478101791,0.198930595815349,-5.69824252710775,1.21048770802571e-08,6.00205201956236e-08,"","Os08g0215300",""
"Os08g0215400",43.5382607371629,-1.14446446616422,0.309504750525454,-3.69772827144409,0.000217537570083597,0.000625426824548769,"","Os08g0215400",""
"Os08g0218700",3.09160439648264,-5.39106906033998,1.64495157456886,-3.27734210762586,0.00104789319601787,0.00268164116068319,"","Os08g0218700",""
"Os08g0224500",460.060197930233,-1.26764378594705,0.22206353950335,-5.70847329904839,1.13994056504233e-08,5.67154766667748e-08,"","OJ1006_H01.125",""
"Os08g0230800",18.393185582019,-7.95403431422489,1.13162117187513,-7.02888432269682,2.08191485604738e-12,1.47045622543575e-11,"","OsLecRK",""
"Os08g0235600",2.5926506242963,-5.13240069171141,1.60216782605813,-3.20341015980756,0.00135810406177105,0.00339656246477253,"","Os08g0235600",""
"Os08g0235651",3.50309846435931,-4.02906739920793,1.39141542695901,-2.89566100902992,0.00378360876886226,0.00862829953668663,"","Os08g0235651",""
"Os08g0235800",40.3758659928873,-1.2790877340228,0.365942204205468,-3.4953271837009,0.000473480958185814,0.00128945237425477,"","OsWRKY25",""
"Os08g0237000",303.511624645899,-1.54152766458144,0.230672618910989,-6.68275095613441,2.34497903763126e-11,1.51070061402469e-10,"","OsXTH17",""
"Os08g0241400",14.6682767213931,-2.08461830951621,0.519571453041917,-4.01218792393513,6.01585791755939e-05,0.000188533913007044,"","OsRFP",""
"Os08g0241800",132.60324126561,-1.32564550162042,0.200829831568572,-6.60083958277775,4.08835756269884e-11,2.58543224428252e-10,"","Os08g0241800",""
"Os08g0241900",148.079483204105,-1.12074856065897,0.277333471028862,-4.04115866902461,5.31877546687221e-05,0.00016791959702178,"","Os08g0241900",""
"Os08g0242700",20366.2195268052,-2.13718682081411,0.159130424376037,-13.4304098615597,4.01184905625727e-41,1.30448273053657e-39,"","Os08g0242700",""
"Os08g0242800",8731.47851113522,-1.07034610825298,0.12213533088122,-8.76360755344349,1.8909932110397e-18,2.08979209589343e-17,"","OsSIG6",""
"Os08g0243500",5174.38194432755,-2.50881428690634,0.19071085099383,-13.155068386683,1.59139460308952e-39,4.92259476663535e-38,"","OsCPR2",""
"Os08g0243600",601.014542497522,-1.0005917165737,0.128591647450924,-7.78115636908348,7.18646013923757e-15,6.1612084038024e-14,"","Os08g0243600",""
"Os08g0245200",10.8561374985115,-1.88896625509264,0.584366517345863,-3.2325025459572,0.0012271104238821,0.0030948814100699,"","4CL1","4CL"
"Os08g0247600",3503.4951832136,-5.61823280202172,0.291512649373395,-19.2726895868776,9.10775271870014e-83,9.89749075049269e-81,"","Os08g0247600",""
"Os08g0247700",916.819586410187,-5.94340672465831,0.281085670788032,-21.1444671227665,3.10273912124316e-99,5.12510448046945e-97,"","Os08g0247700",""
"Os08g0249000",957.574922115136,-2.48305205522147,0.143580058664562,-17.2938504017642,5.2336656933658e-67,4.06503244152114e-65,"","OsBBX25",""
"Os08g0249100",80.8992243683381,-2.10720492993208,0.346288449892024,-6.08511467994133,1.16407958428144e-09,6.42083701240902e-09,"","OsRLCK249",""
"Os08g0249200",18.5554972889165,-1.94032025664732,0.474237253486607,-4.091454735751,4.28675624063359e-05,0.000137563734456908,"","Os08g0249200",""
"Os08g0250900",3079.95244516503,-1.47517494564462,0.173414083168953,-8.50666173523744,1.79012826684207e-17,1.85426455131881e-16,"","SMAX1L",""
"Os08g0256700",3.10328284268203,-5.39909075984427,1.4240360245936,-3.79140040462467,0.000149800219702122,0.000442858852590322,"","Os08g0256700",""
"Os08g0260400",14.3982230573673,-6.14493839129095,1.18367258354864,-5.19141735366419,2.08699222758422e-07,9.06864370797162e-07,"","Os08g0260400",""
"Os08g0266400",23.7336641384906,-3.27019339457005,0.562531044057331,-5.81335631005062,6.12325336988446e-09,3.13064994236151e-08,"","Os08g0266400",""
"Os08g0269500",388.059862428721,-3.42133674833221,0.26541084938084,-12.8907192615284,5.07680981797168e-38,1.46095373821004e-36,"","Os08g0269500",""
"Os08g0269600",177.798047864707,-5.87656368398637,0.892792688646602,-6.58222648854208,4.63454859074516e-11,2.91521224759819e-10,"","Os08g0269600",""
"Os08g0269700",1085.68327526868,-6.16224213175732,0.255487636211513,-24.1195316655391,1.55965258144884e-128,5.01863792344907e-126,"","Os08g0269700",""
"Os08g0273000",1.49930369734987,-4.34429793302953,1.95126888536148,-2.22639635450586,0.025987644456248,0.0486914599737188,"","Os08g0273000",""
"Os08g0277200",238.315329752997,-7.50497057887522,0.487500481066598,-15.3947962522112,1.77382352657809e-53,8.96939296286231e-52,"","OsCCR",""
"Os08g0278501",1.80989266392552,-4.59997574817778,1.9149056901268,-2.40219441192072,0.0162970446405655,0.0321703525539184,"","Os08g0278501",""
"Os08g0288200",1696.23134914185,-1.46677489488393,0.212632368719833,-6.89817314134598,5.26755232692545e-12,3.60536309403955e-11,"","Os08g0288200",""
"Os08g0289400",37.4919541795973,-1.21917286689272,0.341586322369754,-3.56915013000145,0.000358141157420916,0.000994248006433393,"","Os08g0289400",""
"Os08g0292400",127.083366772001,-1.19158143539933,0.198549778231385,-6.00142415677084,1.95594300578983e-09,1.05536585048899e-08,"","Os08g0292400",""
"Os08g0292600",1358.97924525347,-1.05540090979965,0.149401345565913,-7.06419949433473,1.61544525660921e-12,1.15215564545211e-11,"","OsCYP28",""
"Os08g0299300",12.4460880469733,-2.12353558052352,0.665827015912501,-3.18932024350688,0.00142607799513793,0.00354615962319675,"","Os08g0299300",""
"Os08g0305100",46.8010554853751,-1.95066862746222,0.365664225507374,-5.33458974488299,9.57608171619406e-08,4.3170774505484e-07,"","Os08g0305100",""
"Os08g0313200",1738.79636308723,-1.24024637994456,0.188844851216834,-6.56754140741966,5.11527903705203e-11,3.20863971395033e-10,"","OsCBSX1",""
"Os08g0320200",22.7768277215425,-8.26756140657953,1.08243256183304,-7.63794595441483,2.2071446532515e-14,1.82897736032149e-13,"","OsOPT5",""
"Os08g0345800",2399.15372971698,-3.01447840328518,0.236128936544883,-12.7662388498167,2.53091616179483e-37,7.08570731534357e-36,"glucose-1-phosphate adenylyltransferase small subunit 2, chloroplastic/amyloplastic/cytosolic-like [Source:NCBI gene (formerly Entrezgene);Acc:4345339]","OsAGPS2a",""
"Os08g0346400",1134.0477378069,-1.05845075459588,0.116435761759123,-9.0904266748008,9.86511467794282e-20,1.17175429710158e-18,"","P0404D10.1-2","P0410E11.132-2"
"Os08g0351200",35.8677739366847,-2.9130663564112,0.468852644241836,-6.21318103286334,5.19225706819629e-10,2.96698693216558e-09,"","Os08g0351200",""
"Os08g0351300",13.4611575081219,-3.19360974807249,0.855178059115848,-3.73443835939185,0.00018813456098605,0.000547049644120569,"","Os08g0351300",""
"Os08g0356500",161.046881300541,-3.82908847996081,0.326753479388766,-11.718585176579,1.02367312057949e-31,2.26865374853293e-30,"","Os08g0356500",""
"Os08g0356700",83.8244337516046,-3.94968096719013,0.40753577776251,-9.691617724645,3.27302711457523e-22,4.43874071252493e-21,"","Os08g0356700",""
"Os08g0359000",7040.92102367205,-2.39813291060498,0.187133874384967,-12.8150657837159,1.35023807243843e-37,3.82778589482919e-36,"","Os08g0359000",""
"Os08g0360300",6.06462321760686,-2.30217712191547,0.884998453009251,-2.60133462842494,0.00928618245733298,0.0194032503580148,"","Os08g0360300",""
"Os08g0364900",715.922630212261,-1.42205283981899,0.258378395582842,-5.5037606244561,3.71774258965282e-08,1.75523071920404e-07,"","Os08g0364900",""
"Os08g0365500",60.2871180442139,-1.77190331197459,0.367008001581847,-4.82796915690527,1.37932449629909e-06,5.40923125115581e-06,"","OsWAK77",""
"Os08g0365800",29.0745730892701,-2.51802772865937,0.381019119968756,-6.60866501624864,3.87801108107221e-11,2.45742917022318e-10,"","Os08g0365800",""
"Os08g0366200",225.449200883359,-1.0800861818984,0.169171169018153,-6.38457597808824,1.71873033098985e-10,1.02862273939458e-09,"","ELF4_chr.8",""
"Os08g0367300",227.108055566577,-2.86995291604127,0.75198431502059,-3.81650635354367,0.000135354591477687,0.000402747773873263,"","Os08g0367300",""
"Os08g0369600",34.2594792435973,-1.30148654696982,0.329511056015387,-3.94975076923987,7.82326103018675e-05,0.000241300807350849,"","Os08g0369600",""
"Os08g0374100",1125.23067542094,-1.0853061229394,0.113065153973896,-9.59894436786388,8.07673586733015e-22,1.07416685230724e-20,"","OsUBC5",""
"Os08g0374800",1487.35489496543,-1.14346355965138,0.155202024002902,-7.36758149255837,1.73751226457321e-13,1.34196824748536e-12,"","OsUGE2",""
"Os08g0376300",65.4757154301638,-1.26413997552496,0.527727217333516,-2.39544206552841,0.016600337401067,0.0327082751321063,"","OJ1705_C03.108",""
"Os08g0382400",2488.67043378452,-1.59682895459264,0.165848766595363,-9.62822327457262,6.0771121740428e-22,8.1478684164642e-21,"","OsCYP38",""
"Os08g0383800",5.98288664223785,-3.16047377801361,1.03824675318286,-3.04404879507191,0.00233417277764318,0.00555080131602505,"","B1090H08.29",""
"Os08g0386200",148.138966001136,-3.19801639836825,0.434268244162303,-7.36414978842669,1.78279426630032e-13,1.37522707148577e-12,"","OsWRKY69",""
"Os08g0387200",353.380028595321,-1.7399331536281,0.192824661111938,-9.02339536651925,1.8234805633222e-19,2.12914127791867e-18,"","Os08g0387200",""
"Os08g0397900",2660.08398365579,-1.74107896584066,0.179614186198318,-9.69343793322802,3.21519774519908e-22,4.36270287693305e-21,"","Os08g0397900",""
"Os08g0398350",9.93938218030143,-1.80837078260702,0.618862074709414,-2.92209016598107,0.00347690869553126,0.00799511524354321,"","OsABCA5",""
"Os08g0398500",5.59958575942773,-4.73796163402927,1.35978814176236,-3.48433810276402,0.000493355833216911,0.00133886938440476,"","Os08g0398500",""
"Os08g0404000",29.1873667336261,-2.8077237125192,0.509343096282701,-5.51244089300629,3.53891056036146e-08,1.67462923900069e-07,"","Os08g0404000",""
"Os08g0406150",125.534062558536,-3.21441829886871,0.393379771009616,-8.17128519501361,3.05121385520486e-16,2.90433829006572e-15,"","Os08g0406150",""
"Os08g0406400",249.060295411756,-2.77332876387892,0.213587037708344,-12.9845368597037,1.49741231006169e-38,4.40111326291796e-37,"","OsSultr1",""
"Os08g0409100",3825.62227472226,-1.51494050910536,0.241344628513913,-6.27708401232566,3.44981699673627e-10,2.00648158986231e-09,"","OsTPP6",""
"Os08g0411200",1958.7597137906,-1.17257817640778,0.202088220693461,-5.80230837989523,6.54081233068948e-09,3.33460302710892e-08,"","Os08g0411200",""
"Os08g0416800",1439.71412397456,-3.78588687152084,0.132316054891058,-28.6124527717965,4.70317945856242e-180,4.01829922223452e-177,"","Os08g0416800",""
"Os08g0422000",2227.17260138361,-1.31637193922007,0.143463379961024,-9.17566517377259,4.48795004860844e-20,5.45087933109663e-19,"","Os08g0422000",""
"Os08g0422800",307.062286856795,-1.01703146911753,0.177366207843897,-5.73407686549084,9.80448631380179e-09,4.91852110542755e-08,"","Os08g0422800",""
"Os08g0425000",13.8555017090684,-3.13242926917051,0.619671586724971,-5.0549828913824,4.30429352486066e-07,1.80117346166986e-06,"","P0456B03.107",""
"Os08g0427100",41.9301663502381,-1.48512301596379,0.278937882158611,-5.32420696848667,1.01394408783561e-07,4.56026368929079e-07,"","Os08g0427100",""
"Os08g0428900",3263.92247076331,-2.51579039637252,0.18606599559497,-13.5209573803529,1.17634858958231e-41,3.91226698041354e-40,"","P0479C08.109",""
"Os08g0429200",40.1477319648201,-1.14894461324269,0.374432436479401,-3.06849647975383,0.00215138863167088,0.00515970923694797,"","Os08g0429200",""
"Os08g0429225",50.818451759609,-1.07238343012873,0.370246807273151,-2.8964015598859,0.00377469047617842,0.00861351132144711,"","Os08g0429225",""
"Os08g0430600",361.629428159807,-1.02539199701313,0.228594786079596,-4.48563160428378,7.2698257286122e-06,2.60069985674017e-05,"","Os08g0430600",""
"Os08g0431300",228.704603240136,-1.01859989688125,0.222570467779779,-4.5765276365825,4.72757279695434e-06,1.7350773395073e-05,"","Os08g0431300",""
"Os08g0432500",3941.82404906157,-2.78522539433005,0.123466258656481,-22.5585955599363,1.10577956421574e-112,2.40332458443625e-110,"","Os08g0432500",""
"Os08g0434700",1106.71285915579,-3.13163986696649,0.218815843106508,-14.3117601655662,1.84776691860782e-46,7.09800324687532e-45,"","Os08g0434700",""
"Os08g0435900",199337.987704563,-1.68053816790236,0.215860332675532,-7.78530333513591,6.95461462497564e-15,5.97484350079825e-14,"","cab",""
"Os08g0438600",100.648566982843,-2.74578109310523,0.297574418707773,-9.22720812168223,2.77777530901436e-20,3.42072260593682e-19,"","Os08g0438600",""
"Os08g0440100",1019.24475625429,-1.02987998448699,0.170058770941983,-6.05602391915643,1.395272641843e-09,7.62476185420029e-09,"","Os08g0440100",""
"Os08g0440800",9700.79835166598,-1.19681927313205,0.133911282967484,-8.93740427699925,3.9841857715324e-19,4.57867211786913e-18,"","OsALDH11A3",""
"Os08g0440900",1246.99883167011,-2.07210988474515,0.212651352207763,-9.74416510044422,1.9537823867096e-22,2.68193164518027e-21,"","Os08g0440900",""
"Os08g0442400",60.9219555384778,-2.2615922240813,0.30958897342646,-7.3051446214331,2.76968678578487e-13,2.10504691691385e-12,"","AP2/EREBP#109",""
"Os08g0446800",68.9285082908249,-3.1547476096134,0.372628071451822,-8.4662102812651,2.53506313777944e-17,2.59765340631767e-16,"","Os08g0446800",""
"Os08g0447000",1111.43971684998,-1.34490697620174,0.163593894249874,-8.22100960655365,2.01797099874155e-16,1.94096535076939e-15,"","Os08g0447000",""
"Os08g0450100",2.0832729076805,-4.82215777095534,1.56008731083633,-3.09095378025366,0.00199514687603555,0.00482186443108981,"","OsPME25",""
"Os08g0450200",340.942734890663,-9.72751495016871,0.741071697362326,-13.1262804729847,2.32813943406899e-39,7.14799389813225e-38,"","OsPME26",""
"Os08g0452900",457.298079151076,-4.67942005876927,0.19654475233892,-23.8084202355101,2.73221451231811e-125,7.96424458490656e-123,"","OsDjC62",""
"Os08g0453700",16.6232356830416,-2.28342262262236,0.609595919643943,-3.74579709122081,0.000179821896264269,0.000524417034338488,"","RbohF",""
"Os08g0453733",11.3248919578219,-2.08660390410681,0.815988846015957,-2.557147581483,0.0105534433071463,0.0217775185159627,"","Os08g0453733",""
"Os08g0454500",23.7715329656661,-2.56211057480985,0.496349797715409,-5.16190514552981,2.44449154827354e-07,1.05297578392861e-06,"","Os08g0454500",""
"Os08g0455900",38.2053487821668,-2.80462314333031,0.553627043801319,-5.06590704831393,4.06460228887642e-07,1.70605879911047e-06,"","COPT6",""
"Os08g0456000",9.97849464641808,-2.0022137676154,0.753077990704179,-2.6587070560158,0.00784411343303855,0.0166455634232953,"","Os08g0456000",""
"Os08g0457400",12.1269248543785,-2.19004077742691,0.814277161426456,-2.68955201149248,0.0071547996557801,0.0153060327293441,"","OsRLCK255",""
"Os08g0463100",81.6432277787034,-1.48902998073066,0.298747951911851,-4.98423494186837,6.22074562994083e-07,2.54889059819818e-06,"","Os08g0463100",""
"Os08g0463500",105.344412420381,-1.25955925401858,0.279858354331807,-4.50070271093362,6.77291783228641e-06,2.43524285489131e-05,"","Os08g0463500",""
"Os08g0465700",686.892611407521,-3.09784321213,0.198694585701541,-15.5909794984715,8.38381425338031e-55,4.45763445828334e-53,"","CYP76M1",""
"Os08g0466200",5.7161101389247,-3.71562250083616,1.16289245934506,-3.19515572654826,0.00139755409504896,0.00348572557006523,"","OsHAK4",""
"Os08g0468100",777.205757887246,-4.74945436839169,0.240855422331425,-19.7191091751976,1.47808855608825e-86,1.79522549775483e-84,"","OsNR1",""
"Os08g0468700",120.123910042894,-7.20845524644731,0.563266404879065,-12.7975948574369,1.69108015562058e-37,4.78309281002411e-36,"","OsNIA2",""
"Os08g0469700",341.29481979162,-2.75399440023095,0.205561565642745,-13.3974188784748,6.26027004179213e-41,2.02765520166951e-39,"","Os08g0469700",""
"Os08g0469750",23.7341222626381,-2.49990901533907,0.487041713921408,-5.13284374599272,2.85396835521764e-07,1.22002715557673e-06,"","Os08g0469750",""
"Os08g0470700",115.915582839239,-8.16083665723854,0.800448690450724,-10.1953276388562,2.0804185626184e-24,3.18976056472747e-23,"","OsalphaCA7",""
"Os08g0472400",5.05015077258151,-2.8656248941147,1.10916797391904,-2.58358063115503,0.00977806082531149,0.0203247494185187,"","Os08g0472400",""
"Os08g0472800",579.561760919432,-2.01006918723264,0.206579972615922,-9.73022293390371,2.24101274642975e-22,3.06771120543038e-21,"","OsABA8OX2",""
"Os08g0473900",3.60563814566106,-5.59997122208699,1.3754934842438,-4.07124518308108,4.67624974877175e-05,0.000148963023946153,"","Amy3D/E*(RAmy3D/E)",""
"Os08g0474866",256.934161109486,-2.00094937450349,0.202617129621045,-9.87551930207416,5.31569039957923e-23,7.52610634459283e-22,"","Os08g0474866",""
"Os08g0475000",95.0176965017668,-1.93913310242559,0.224112847347032,-8.65248523402545,5.03898785052787e-18,5.41652936974096e-17,"","Os08g0475000",""
"Os08g0477500",5.4682749968914,-6.19770404408035,1.34060015381017,-4.6230817044632,3.78080716403368e-06,1.40423858003617e-05,"","OspPLAIIzeta",""
"Os08g0478700",3134.5385075414,-1.55361633009768,0.240586519063081,-6.45762005347576,1.06362368836515e-10,6.4830022451718e-10,"","Os08g0478700",""
"Os08g0479300",57.2429553416115,-4.17034937803701,0.399162371844836,-10.4477517727,1.50039780612606e-25,2.44735723781338e-24,"","CycD4",""
"Os08g0480000",137.645813204962,-5.00783358120282,0.755519377823334,-6.62833241369729,3.39500263874544e-11,2.16297198200555e-10,"","OJ1113_A10.30-1",""
"Os08g0485800",5.69589506442214,-4.77174156892385,1.45318893053378,-3.28363468002135,0.00102477666630851,0.00262818460419479,"","Os08g0485800",""
"Os08g0485900",819.614001263716,-2.28025426512966,0.320493005249882,-7.11483317194953,1.12048284309418e-12,8.09629728881438e-12,"","Os08g0485900",""
"Os08g0486233",22.4664953674238,-1.10113005709116,0.422865111240132,-2.60397471397413,0.00921495550747575,0.0192706745956049,"","Os08g0486233",""
"Os08g0486867",33.4236279557243,-1.84465426333723,0.387519200649657,-4.76016223259326,1.93437407361362e-06,7.45264910930255e-06,"","Os08g0486867",""
"Os08g0487900",416.847093628178,-3.5640176795524,0.194033699207418,-18.3680344914856,2.36834371524061e-75,2.20603203881641e-73,"","Os08g0487900",""
"Os08g0488100",7.43268799230123,-6.64722983020603,1.24878668047414,-5.32295061609898,1.02097469528113e-07,4.58855251677498e-07,"","Os08g0488100",""
"Os08g0488700",506.396006656129,-2.13972313139445,0.207683483839548,-10.3028083496883,6.8433741061936e-25,1.07587741262157e-23,"","Os08g0488700",""
"Os08g0488800",1143.48852083259,-2.34651943686764,0.214425987051077,-10.9432605121164,7.15784744150741e-28,1.30308586376362e-26,"","Os08g0488800",""
"Os08g0489100",48.1296922793145,-2.67712212575607,0.34005060561785,-7.8727168295787,3.47021508662635e-15,3.04144036792858e-14,"","Os08g0489100",""
"Os08g0489300",4.14245056053167,-5.81670761450176,1.60150470641321,-3.63202655053639,0.000281204180992276,0.000794820441757428,"","TagI",""
"Os08g0490400",8.03788601478603,-6.76950989684296,1.2247390863933,-5.52730779318745,3.25182173610095e-08,1.54586314572857e-07,"","OsAGP10",""
"Os08g0490600",7.04158469753988,-3.1509212220163,1.30321457527032,-2.41780692282597,0.0156143595241143,0.0309749388253786,"","OsFLA4",""
"Os08g0490700",30.2271097308043,-8.6715056217998,1.08249172199223,-8.01069000864107,1.14066633945769e-15,1.03791002176802e-14,"","Os08g0490700",""
"Os08g0492000",14.339280601562,-2.04946499345042,0.658243403643695,-3.11353669798381,0.00184859518957228,0.00449927730962989,"","OsOPT9",""
"Os08g0494100",35.5046014591859,-4.70136132939692,0.575817952688685,-8.16466611963852,3.2232548200594e-16,3.06456579726062e-15,"","MADS62",""
"Os08g0500300",700.810444076047,-1.25964133027528,0.166300697177818,-7.57448015343195,3.60568507931152e-14,2.9368198293919e-13,"","OsPP2C66",""
"Os08g0502700",106290.094449216,-1.80527357276668,0.210298989417484,-8.58431882039558,9.13762340903079e-18,9.6547076846719e-17,"","Os08g0502700",""
"Os08g0503200",272.919440891254,-1.22574438769283,0.179313065226147,-6.83577845343811,8.15609078337984e-12,5.47948647884496e-11,"","Os08g0503200",""
"Os08g0504500",2637.88720739478,-1.25896632321835,0.272374662016296,-4.62218590341208,3.79717488746071e-06,1.40968837558607e-05,"","Os08g0504500",""
"Os08g0504700",1567.12971854486,-1.2702862565479,0.251005737835125,-5.06078573144929,4.17532228942392e-07,1.74868087162029e-06,"","SAP11","ZFP60"
"Os08g0504800",50.7536518907855,-3.3419505537211,0.434046579392412,-7.69952054085818,1.36577716697694e-14,1.14672520725814e-13,"","Os08g0504800",""
"Os08g0505700",1.58338634069208,-4.43013759916657,1.96517019374377,-2.2543276980641,0.0241755600858112,0.0457285176155541,"","Os08g0505700",""
"Os08g0505900",109.135602917189,-2.40250690072671,0.348471911168947,-6.8944061880555,5.40902665168115e-12,3.69708836824011e-11,"","PGIP6",""
"Os08g0506400",11.2748443569766,-3.314243005224,0.853724296264801,-3.88209990007829,0.000103558314712628,0.000313637008145065,"","OsRLCK257",""
"Os08g0506700",2511.87661471442,-2.30371375108728,0.210214086242915,-10.9588933465915,6.02313736803071e-28,1.10218075751623e-26,"","OsFBH1",""
"Os08g0507000",1960.70565550206,-2.07947518183132,0.175262971698766,-11.864886014859,1.80147666746764e-32,4.12524837244415e-31,"","Os08g0507000",""
"Os08g0507100",100.365221186721,-1.97061527084006,0.31186493245902,-6.31881005441035,2.63585014123871e-10,1.54686070462984e-09,"","CYP76M10",""
"Os08g0508100",62.0279509228413,-1.17363104148256,0.318294679673068,-3.68724680754337,0.000226693465685121,0.000650015507381118,"","Os08g0508100",""
"Os08g0508700",41.07559968627,-4.8305618799349,0.778529776580381,-6.20472334552532,5.47932061946548e-10,3.1223810254944e-09,"","OsEIL4",""
"Os08g0508800",38.936749550675,-2.06510601684237,0.637833714423409,-3.23768714344175,0.00120502876368042,0.00304228629281738,"","Lox2:Os:1",""
"Os08g0509100",218.272263171942,-3.00428635058898,0.468331907644952,-6.41486582816084,1.40946940051809e-10,8.50107676159609e-10,"","OsLOX8",""
"Os08g0509200",6.8203558602936,-5.79068662032844,1.31760902884746,-4.39484436851019,1.10852143518704e-05,3.85933568203231e-05,"","Os8bglu27",""
"Os08g0510700",211.839001604303,-1.60214916023558,0.180263650135866,-8.88781048773854,6.23248661151616e-19,7.06982081529722e-18,"","OSJNBa0016N23.124-2",""
"Os08g0512500",7540.44528555795,-2.67078611773619,0.148222523038344,-18.0187603273037,1.38819367557506e-72,1.22403112810403e-70,"","Os08g0512500",""
"Os08g0518600",3.31641762825444,-5.47732999595698,1.40759414366198,-3.89127080459943,9.97205589217622e-05,0.000302717016467104,"","Os08g0518600",""
"Os08g0521200",79.4900529305537,-4.93880305229711,0.400355952233217,-12.3360300371409,5.79431609533563e-35,1.4785352203309e-33,"","OsRLCK258",""
"Os08g0524100",2062.20298993556,-1.45521198409327,0.133147856244308,-10.9292933821116,8.34960576418051e-28,1.51337367973007e-26,"","Os08g0524100",""
"Os08g0524200",1674.74380279906,-1.46223378467758,0.233679217722334,-6.25744043021858,3.91347060028197e-10,2.26287190345826e-09,"","OJ1191_A10.101",""
"Os08g0526300",8212.16361348329,-1.10725580292082,0.165684220897146,-6.6829285065606,2.34213856439429e-11,1.50926312639785e-10,"","OJ1191_A10.128",""
"Os08g0526400",182.566110906775,-1.29388644961751,0.252484756058355,-5.12461215408372,2.98150834593715e-07,1.27060255052089e-06,"","Os08g0526400",""
"Os08g0528500",3.5103167327121,-4.0327713146731,1.35655613286594,-2.97280091620922,0.00295095788324425,0.00687763848404035,"","Os08g0528500",""
"Os08g0530066",12.3548505229963,-5.90871421767751,1.21462859250551,-4.86462631798346,1.14673252196424e-06,4.54092883118234e-06,"","Os08g0530066",""
"Os08g0530100",11.0159075060899,-4.7396322100785,0.924603505667769,-5.12612398830938,2.9576786768442e-07,1.26109799649232e-06,"","Os08g0530100",""
"Os08g0530300",229.291556453262,-2.00064496028878,0.187441884716902,-10.6734146602847,1.35551518624304e-26,2.31624825996853e-25,"","OsEXO70F4",""
"Os08g0530400",5123.50012683815,-1.5009926089619,0.158756444640301,-9.45468772850606,3.23987568423675e-21,4.18313704160157e-20,"","OsMCP",""
"Os08g0531600",12.6713150459463,-2.1482406138202,0.54966006806201,-3.90830758616769,9.29449279449409e-05,0.000283607940848744,"","GW8",""
"Os08g0535750",3.08356908241845,-3.83867699325935,1.4892750832643,-2.5775473157353,0.00995042576643134,0.0206604960374482,"","Os08g0535750",""
"Os08g0535800",4418.87046418381,-2.47446410152685,0.206857927972542,-11.9621429344265,5.60953390490624e-33,1.30873278306838e-31,"","ONAC005",""
"Os08g0535900",81.6574856955327,-1.64050827357901,0.439571634727775,-3.73206127050251,0.000189919289775722,0.000551915346325717,"","Os08g0535900",""
"Os08g0540400",123.475529794563,-2.33575011058218,0.360293417425486,-6.48291086546217,8.9969655972542e-11,5.52323628848284e-10,"","OsCDPK21",""
"Os08g0541400",2221.46187820212,-1.06764415391439,0.194927151905762,-5.47714437663638,4.32244534679501e-08,2.02490505497334e-07,"","OsFKBP16-3",""
"Os08g0544800",371.17960231964,-1.04103031107989,0.219337307500673,-4.74625280551827,2.07219693168067e-06,7.95272976707745e-06,"","PCF2",""
"Os08g0545700",1526.74167303306,-1.13984562687644,0.193510410673305,-5.89035816166394,3.85359501273899e-09,2.01308293549724e-08,"","Os08g0545700",""
"Os08g0547100",69.5189594339554,-1.10806863079637,0.29604919271266,-3.74285307331286,0.000181942622833198,0.000530352043051546,"","Os08g0547100",""
"Os08g0547200",163.711315368003,-1.27462419284099,0.201329716280314,-6.33102860516784,2.43532186207357e-10,1.43495766412834e-09,"","Os08g0547200",""
"Os08g0547300",136.346510186581,-5.75488649092596,0.938036981332314,-6.13503156640176,8.51422863962706e-10,4.75342593519693e-09,"","Os08g0547300",""
"Os08g0547500",29.8923441242164,-1.40388681465486,0.402730212288594,-3.48592375694139,0.000490440764633437,0.00133139594886849,"","Os08g0547500",""
"Os08g0547800",23.8805985477216,-1.43445477532966,0.42611721953621,-3.36633843826104,0.000761731885917188,0.00200015164660557,"","Os08g0547800",""
"Os08g0547900",3101.11197180135,-2.97088452977653,0.301629516581906,-9.84944896455383,6.89207929221624e-23,9.686049269611e-22,"","Os08g0547900",""
"Os08g0548000",6.75204728382578,-1.95943408997773,0.83893531776193,-2.3356199798633,0.019511056327868,0.0378267169511412,"","Os08g0548000",""
"Os08g0548400",80.3151206969254,-2.19405391292558,0.250331718797798,-8.76458613979237,1.87464039155835e-18,2.07264457749404e-17,"","OsDjC66",""
"Os08g0548500",4.24430270442785,-5.84429766507475,1.3035862809007,-4.48324575879755,7.35161795086901e-06,2.62806287647787e-05,"","Os08g0548500",""
"Os08g0549100",9685.80912877771,-1.23854519324978,0.141000574131689,-8.78397269569291,1.57800013016679e-18,1.75170740256015e-17,"","OsAPx4",""
"Os08g0549200",47.5041421044143,-1.72848010850883,0.342940402366505,-5.04017635886945,4.65103043889332e-07,1.93743411540787e-06,"","OsBgal10",""
"Os08g0549950",54.5941234862137,-1.40277638259636,0.293953862792139,-4.77209712188164,1.8231754482041e-06,7.04834109535854e-06,"","Os08g0549950",""
"Os08g0550500",84.0946864384335,-1.13059870516479,0.368313888847499,-3.06966079585698,0.00214302011676548,0.00514113181962608,"","Os08g0550500",""
"Os08g0553500",17.2777883421067,-4.7867249477551,0.722770571717686,-6.62274466485168,3.52589777356041e-11,2.24232980327275e-10,"","Os08g0553500",""
"Os08g0553700",21.5188088712805,-3.27068492557812,0.661995706122082,-4.94064371616174,7.7865075330751e-07,3.15084594393274e-06,"","Os08g0553700",""
"Os08g0553750",32.1904908838807,-1.69882720284494,0.37085566109201,-4.58083125343869,4.63131425850555e-06,1.70151354363867e-05,"","Os08g0553750",""
"Os08g0553800",3888.56994062489,-2.73554093036606,0.227807575025911,-12.0081210207998,3.22079936760425e-33,7.57851338377307e-32,"","OJ1125_C01.13-1",""
"Os08g0554400",1320.45726774347,-1.5775061591295,0.15983515332672,-9.86958204309981,5.63991181255374e-23,7.96693814023056e-22,"","OsIDD6",""
"Os08g0556200",253.196843533899,-1.31040906266876,0.292675959709315,-4.47733754412303,7.55797006576119e-06,2.69444351538655e-05,"","Os08g0556200",""
"Os08g0556400",81.195762474151,-1.428841570529,0.241950251295339,-5.90551802645109,3.51540342310006e-09,1.84380081740369e-08,"","OJ1150_A11.12-2",""
"Os08g0556900",276.876255793509,-2.53802076537228,0.726500036905936,-3.49349020845389,0.000476750467008418,0.00129707327561959,"","CP",""
"Os08g0557200",1060.40532571112,-2.22508978475401,0.206042887409407,-10.7991584311899,3.47372774781055e-27,6.10848491181703e-26,"","Os08g0557200",""
"Os08g0557400",3380.52566965644,-1.53761060768395,0.143961191457699,-10.6807299391917,1.25282652287524e-26,2.14373499704971e-25,"","OsPP104",""
"Os08g0558200",6764.58291242283,-2.88759974216589,0.150037367889105,-19.2458704307594,1.52873969127147e-82,1.64685144915797e-80,"","OsGRX20",""
"Os08g0558900",547.667147615238,-1.23507192216896,0.217587014017967,-5.67622074204747,1.37703062318609e-08,6.79519771971355e-08,"","IF1-1",""
"Os08g0560700",13.3678673430419,-6.04003986467892,1.17694836679486,-5.13194973975581,2.86756080467586e-07,1.22506338957657e-06,"","Os08g0560700",""
"Os08g0560900",83564.8990037625,-1.39053069451587,0.19891203552756,-6.99068153833865,2.73554071809088e-12,1.91844020300418e-11,"","PsaD",""
"Os08g0561900",27.4466601991647,-8.53891286733295,1.09375325740564,-7.80698279938116,5.8573260007189e-15,5.05316735096839e-14,"","OsEXPA32",""
"Os08g0562600",1087.51688696738,-2.32353891972969,0.182461711274978,-12.7343917992088,3.80801942290979e-37,1.0542044384518e-35,"","Os08g0562600",""
"Os08g0562800",71.7026969348453,-1.95071132713557,0.306886642538154,-6.35645563131033,2.06462038944719e-10,1.22497843365261e-09,"","P0543D10.17-2",""
"Os08g0566400",1446.11485659428,-1.57813395197868,0.16125204797167,-9.78675292394389,1.28351635775855e-22,1.77861771790736e-21,"","Os08g0566400",""
"Os08g0566600",4814.34384438555,-4.71096952528239,0.243222243577449,-19.3689913224663,1.40992643304981e-83,1.57359221764303e-81,"","OsPGR5",""
"Os09g0110500",31.0630611895632,-1.10009008687049,0.40345551534286,-2.72667009133738,0.00639769694793806,0.0138635418295488,"","Os09g0110500",""
"Os09g0111100",26.3429523504914,-1.4143302235513,0.460536925802667,-3.07104630336922,0.0021331006849012,0.00511981358808458,"","CycD3",""
"Os09g0114500",2121.49140016579,-1.18460331519405,0.176179461350522,-6.72384457367133,1.76991227257215e-11,1.15524542617282e-10,"kinesin-like protein KIN-4A [Source:NCBI gene (formerly Entrezgene);Acc:4346402]","BC12",""
"Os09g0124100",46.7435760336258,-1.63481811685482,0.358225072449053,-4.56366190584643,5.02690095413471e-06,1.83894175314625e-05,"","Os09g0124100",""
"Os09g0124166",69.1133224225413,-1.33870975215527,0.240600387204637,-5.56403822832032,2.63602159905572e-08,1.26673210162536e-07,"","Os09g0124166",""
"Os09g0128750",36.4288017522209,-1.1101897736007,0.33896025593867,-3.27528007826844,0.00105557265488647,0.00269934190010549,"","Os09g0128750",""
"Os09g0129600",55.7182652161001,-7.07162442480955,1.41630217325764,-4.99301953942788,5.94425411357069e-07,2.44206241372809e-06,"","Os09g0129600",""
"Os09g0129800",41.5851146323787,-5.44406571853502,1.24293558927596,-4.38000630564158,1.18675874726474e-05,4.11652267688346e-05,"","P0448B11.33",""
"Os09g0130700",15.6856906495298,-7.72276009286688,1.18058887536657,-6.54144745389793,6.09262414006601e-11,3.8005273997587e-10,"","Os09g0130700",""
"Os09g0130800",4782.66235622552,-1.08860873917594,0.139082163410856,-7.82709092581582,4.9928800144798e-15,4.32698804192956e-14,"","Os09g0130800",""
"Os09g0237900",884.779227212119,-1.81864218489953,0.149948861197127,-12.1284161172034,7.46798776807178e-34,1.82120406426687e-32,"","Os09g0237900",""
"Os09g0240200",19.3708657425203,-1.51547256018295,0.591133897047048,-2.5636705452916,0.0103571803585795,0.021427843833043,"","OsB",""
"Os09g0240350",32.5114285518344,-1.56470805486009,0.427370941605763,-3.66124109650742,0.000250996421677657,0.000715067073692918,"","Os09g0240350",""
"Os09g0240500",3135.85445899046,-2.56181829779806,0.152327546352657,-16.8178268418185,1.80665191639576e-63,1.26094125443769e-61,"","OsSultr4",""
"Os09g0248100",14.0187838441937,-3.69491088648,0.801235062681157,-4.6115192139942,3.99736700349715e-06,1.48104489117536e-05,"","OsFLA11",""
"Os09g0249750",4.97811846234937,-1.79059120857173,0.79278592988871,-2.25860618997501,0.0239078924348312,0.0452740638075368,"","Os09g0249750",""
"Os09g0249900",699.628519559648,-1.54464696325854,0.187380668729066,-8.24336348960284,1.67435929551321e-16,1.61926620862337e-15,"","Os09g0249900",""
"Os09g0250300",70.0784298301984,-3.34631506839446,0.393788464119954,-8.49774783492673,1.93304469162883e-17,1.99979324945668e-16,"","Os09g0250300",""
"Os09g0250700",5281.18582965632,-2.52889342113058,0.192692168748098,-13.1240072575889,2.39905987590615e-39,7.3566220971939e-38,"","Os09g0250700",""
"Os09g0258000",3608.90593766967,-3.03379013376999,0.213289237763042,-14.2238312893239,6.51842473795922e-46,2.45078922203969e-44,"","P0523B07.38-1",""
"Os09g0267400",12.02591716323,-7.3518144044855,1.14092855299138,-6.44371147098553,1.16586630666324e-10,7.07833116397824e-10,"","Os09g0267400",""
"Os09g0268000",114.956606953297,-2.24051362190901,0.309052238143647,-7.24962755606261,4.17919218642608e-13,3.13117159973024e-12,"","Os09g0268000",""
"Os09g0268100",97.5708703692581,-3.60838425795161,0.397825822995521,-9.07026152998681,1.18731684411886e-19,1.40019749865459e-18,"","Os09g0268100",""
"Os09g0271100",504.795510043767,-1.77205290928132,0.251620409135551,-7.04256429503972,1.88733696723841e-12,1.33836714474145e-11,"","Os09g0271100",""
"Os09g0272900",3.7317718391192,-3.02001339907291,1.26485914769961,-2.38762822292536,0.0169574862408321,0.0333456854435792,"","Os09g0272900",""
"Os09g0275400",9.55753343945694,-6.28753265812639,1.23689302248654,-5.08332777679229,3.70878864958357e-07,1.56226889443611e-06,"","Os09g0275400",""
"Os09g0278700",1110.64964708558,-2.88639742263793,0.241278566070439,-11.9629251352367,5.55693126584463e-33,1.29768224292019e-31,"","Os09g0278700",""
"Os09g0279400",3993.30824540196,-1.99802206406155,0.138667200478362,-14.4087574939781,4.5583721469878e-47,1.78706940958729e-45,"","OsStr3",""
"Os09g0279900",10.3293172122411,-1.47557823374999,0.626281563659216,-2.35609399888532,0.0184682437078809,0.0360050101778397,"","Os09g0279900",""
"Os09g0286600",646.587677115651,-1.48127704828907,0.192673611665616,-7.68801205045048,1.49438738015095e-14,1.25047065579197e-13,"","Sub1C",""
"Os09g0294000",348.924055427203,-3.66176050540723,0.326727111998223,-11.2073971548071,3.75060807152478e-29,7.40468654885813e-28,"","Os09g0294000",""
"Os09g0296500",6.28546632998194,-4.91826545629195,1.24354071178682,-3.95504981033148,7.65187078842633e-05,0.000236249722772385,"","Os09g0296500",""
"Os09g0296800",1932.85174157776,-2.12810628896887,0.191232786628216,-11.1283547475895,9.13051651537089e-29,1.74423136238508e-27,"","CabE",""
"Os09g0297800",16.8569392533976,-7.83327552678142,1.09638042973092,-7.14466923557173,9.02128511639716e-13,6.57219586383336e-12,"","Os09g0297800",""
"Os09g0297900",48.3339200337318,-9.35054493422896,1.0541844803653,-8.86993226364776,7.31904090031014e-19,8.25791786825976e-18,"","Os09g0297900",""
"Os09g0299000",940.188505398539,-1.23089643218114,0.193875288182909,-6.34890833028635,2.16848194637197e-10,1.28352788306876e-09,"","OsPHL3",""
"Os09g0299300",19.8026060084743,-1.50256050860378,0.463772780803783,-3.23986350815938,0.00119586928817484,0.00302285792216976,"","Os09g0299300",""
"Os09g0304800",128.77714095242,-4.72333593990545,0.852804580696907,-5.53859119289154,3.04914464553249e-08,1.45593865643396e-07,"","Os09g0304800",""
"Os09g0309500",237.007174851197,-1.13159383455996,0.214444121220758,-5.27687039457264,1.31408755518005e-07,5.84020580353292e-07,"","Os09g0309500",""
"Os09g0314200",290.983401938372,-1.75139110613225,0.192978250472871,-9.0755880615596,1.13065281184016e-19,1.33591724935449e-18,"","Os09g0314200",""
"Os09g0314333",255.32203565513,-2.49286706756086,0.182935643479266,-13.627016693679,2.7666071425584e-42,9.35173603972297e-41,"","Os09g0314333",""
"Os09g0315000",2990.46825548526,-4.04649353943353,0.144809322698529,-27.9435982713468,7.8855955424706e-172,5.58232573587983e-169,"","Os09g0315000",""
"Os09g0320201",13.9655905664897,-4.75442071663443,0.850204440997182,-5.59209113405489,2.24351001418418e-08,1.08505656102755e-07,"","Os09g0320201",""
"Os09g0322000",93.3801680367501,-2.72313371183742,0.319478537128478,-8.52368279983178,1.54558540998144e-17,1.60768134773763e-16,"","OJ1742_G01.36-1",""
"Os09g0322100",7.85142740297111,-2.92156342713863,0.911298769007403,-3.20593369210937,0.00134625006682944,0.00337031806667,"","Os09g0322100",""
"Os09g0325366",13.335141060895,-1.86385722666538,0.572453357171682,-3.25591107697251,0.00113029144957659,0.00287115350073396,"","Os09g0325366",""
"Os09g0327400",841.066616327322,-1.44519338587175,0.230590127481201,-6.26736886638642,3.67199618381332e-10,2.12821168295538e-09,"","Os09g0327400",""
"Os09g0330700",97.4119909448694,-1.90545164627909,0.30110553647562,-6.32818535514831,2.48061059338952e-10,1.45956040542418e-09,"","Os09g0330700",""
"Os09g0332600",443.041484003163,-1.05379290284911,0.168617962515889,-6.24958863887239,4.11535134448756e-10,2.37295928001788e-09,"","Os09g0332600",""
"Os09g0332700",898.610736957475,-1.04019619472234,0.175498560394368,-5.92709246380648,3.08345373819756e-09,1.62931826127791e-08,"","OsPDR20",""
"Os09g0334500",333.710936462962,-1.94562556491043,0.321086681966469,-6.05950253992037,1.36543171924994e-09,7.46860342809538e-09,"","WRKY74",""
"Os09g0338500",287.242786375218,-1.16125759078011,0.234310844965763,-4.95605566592441,7.19386135172121e-07,2.92728367074391e-06,"","Os09g0338500",""
"Os09g0339000",28.946363038719,-8.60981468781712,1.10190784524239,-7.81355239913294,5.55982848829048e-15,4.80152912005484e-14,"","Os09g0339000",""
"Os09g0341500",1.79186509370187,-4.60469155830152,1.59846653447462,-2.88069312618734,0.00396801771635917,0.00900820734453282,"","Os09g0341500",""
"Os09g0344800",1205.18651578479,-1.38102862253046,0.133296599275875,-10.3605690620227,3.74725925220938e-25,5.97079372938854e-24,"","Os09g0344800",""
"Os09g0344900",170.18174451848,-1.28138764342198,0.210793031331704,-6.07888996769338,1.21017362493868e-09,6.65434352088455e-09,"","Os09g0344900",""
"Os09g0345300",453.126849114045,-5.75451456941361,0.251204182173165,-22.9077180150081,3.89205227716348e-116,9.18413135916949e-114,"","OSJNBb0085I16.18",""
"Os09g0346500",384080.708054818,-1.39159896347391,0.16418344240594,-8.47587882847051,2.3331149931919e-17,2.40064743298653e-16,"","CAB1R",""
"Os09g0349650",26.0405815846796,-2.64023921747495,0.418937738685641,-6.30222339424071,2.93405857013035e-10,1.71334360575347e-09,"","Os09g0349650",""
"Os09g0349675",6.6676736683595,-3.09103577554483,0.874942318889929,-3.53284520454622,0.000411113110537344,0.00112915968737211,"","Os09g0349675",""
"Os09g0349700",4.79122110378558,-2.11601250483288,0.953369264806568,-2.21950988241917,0.0264520556490877,0.0494942291811997,"","Os09g0349700",""
"Os09g0353200",133.131434964664,-7.74484058349079,1.27196482162359,-6.08887954432967,1.13703624612909e-09,6.27306770659996e-09,"","Os09g0353200",""
"Os09g0356200",11.6540907682453,-4.47890719610886,0.946254517290101,-4.73330072857737,2.20897825850495e-06,8.4488814928955e-06,"","Os09g0356200",""
"Os09g0356800",40.1266283083406,-1.87950395755241,0.595285525643017,-3.15731506409837,0.00159229202016524,0.00392325172868278,"","Os09g0356800",""
"Os09g0357400",103.938209582067,-2.41011491831833,0.328863834779813,-7.32861039564292,2.32551357072767e-13,1.7772748223911e-12,"","Os09g0357400",""
"Os09g0364100",2.11634173727794,-4.84779812991337,2.17201055576565,-2.23194040979441,0.025618901647355,0.04811335754692,"","Os09g0364100",""
"Os09g0367900",3742.74811849117,-1.81107248395128,0.20599461055982,-8.79184401489644,1.47124943745057e-18,1.63467028303644e-17,"","Os09g0367900",""
"Os09g0369400",746.991508343091,-1.28302831111325,0.344818763663884,-3.72087730226854,0.000198531885579887,0.000574652398249165,"","OsTPP7",""
"Os09g0370500",133.491537391267,-1.35715546162672,0.294300429459892,-4.61146272914861,3.99845355815002e-06,1.48108362700378e-05,"","OsVQ35",""
"Os09g0375900",578.251584028903,-1.27749384337144,0.161302083409633,-7.91988433359037,2.37731626177355e-15,2.11500053924464e-14,"","ATL3I",""
"Os09g0376900",1732.77370410404,-1.0152105273461,0.141319564647719,-7.18379319860498,6.7803400501725e-13,4.98950060656739e-12,"","OsHAK23",""
"Os09g0381600",41.3342762108712,-1.42637579236277,0.322903968353231,-4.41733745062689,9.9924164293887e-06,3.4984047176906e-05,"","Os09g0381600",""
"Os09g0392666",1563.28847560505,-1.36920475562713,0.2143923807493,-6.38644316949028,1.69788490651396e-10,1.01706445724633e-09,"","Os09g0392666",""
"Os09g0394600",32.9014397877668,-3.61179423215504,0.501471954663752,-7.20238529505967,5.91682126482817e-13,4.36702652602465e-12,"","Os09g0394600",""
"Os09g0398300",49.4531058452325,-1.73326709289306,0.397335927703629,-4.36222091193801,1.28748769204589e-05,4.43981663824927e-05,"","Os09g0398300",""
"Os09g0400000",261.660537941112,-1.03411562460454,0.274112084691245,-3.77260136403454,0.000161554298396667,0.000474887988061954,"","OsCAD8B",""
"Os09g0400300",183.14859164875,-1.10788788391415,0.2459387683544,-4.50473055275966,6.64572117052644e-06,2.39228582656013e-05,"","OsCAD8C",""
"Os09g0401300",2498.25180616236,-2.61551127424295,0.159715302889184,-16.3760843634231,2.83410994109897e-60,1.77774030406606e-58,"","OsJAZ8",""
"Os09g0403000",96.5545685222448,-1.05983092523586,0.268583719096193,-3.9459983978265,7.94681447608879e-05,0.000244898286410512,"","Os09g0403000",""
"Os09g0403300",21.9445479495358,-4.74029810615736,0.849262959082617,-5.58166119864439,2.38232107861291e-08,1.14927510445467e-07,"","CYP735A4",""
"Os09g0407300",260.47377297954,-1.19208410753417,0.166709764331023,-7.15065558587881,8.63644321388977e-13,6.30295002976574e-12,"","Os09g0407300",""
"Os09g0408600",2362.75745533016,-1.47440724716708,0.182603232504433,-8.07437648800267,6.78223122403657e-16,6.29140183593988e-15,"","Os09g0408600",""
"Os09g0412700",1038.48767098432,-1.59484742895807,0.342383316655563,-4.65807576296857,3.19178753939976e-06,1.19731899869353e-05,"","Os09g0412700",""
"Os09g0413600",3568.82478133855,-1.38100236231111,0.117187436966812,-11.7845598304383,4.68863176409229e-32,1.05226656901191e-30,"","P0643D11.22-2",""
"Os09g0413700",2273.39218833589,-2.09637356684063,0.215466251049692,-9.72947529660761,2.25754418035839e-22,3.08693003072516e-21,"","P0643D11.24-1",""
"Os09g0414600",925.251277028613,-1.91127165929281,0.177348903735956,-10.7769014582599,4.42542484502875e-27,7.72718473469185e-26,"","OsZHD9",""
"Os09g0414701",64.3935284001315,-1.37305540542095,0.423690073673935,-3.24070704209519,0.00119233650946856,0.00301515836855505,"","Os09g0414701",""
"Os09g0416200",160.597678823895,-1.27806994515638,0.251565287451692,-5.08047019564178,3.76501804146235e-07,1.58541556786731e-06,"","Os09g0416200",""
"Os09g0416900",6.56659499197944,-2.84200573601373,0.842209387255764,-3.37446456786009,0.000739594363187185,0.00194676824994039,"","Os09g0416900",""
"Os09g0417600",466.231206047772,-4.78171503675444,0.68275107758904,-7.00359939912484,2.49468772903708e-12,1.75449553966369e-11,"","WRKY76",""
"Os09g0417800",63.5919256197376,-4.0320093104549,0.525977053400305,-7.66575135624075,1.77787317648469e-14,1.48217912832305e-13,"","WRKY62","XB10"
"Os09g0420800",5285.28852970646,-1.91622458793047,0.138407672441721,-13.8447858715154,1.36787756695728e-43,4.76679359725747e-42,"","RUB1","NEDD8"
"Os09g0421300",18.9406921183954,-6.54223223438165,1.12461428608542,-5.81731204674092,5.98014431943993e-09,3.06199702010256e-08,"","OsPLDalpha8",""
"Os09g0421500",1170.55246492669,-1.02680235599436,0.131536880007683,-7.80619363888202,5.89410000640394e-15,5.08312272393562e-14,"","OJ1740_D06.19-2",""
"Os09g0421600",20.2792317753362,-1.26495512967669,0.505017449201422,-2.50477509574561,0.0122529278722469,0.0249386365088618,"","Os09g0421600",""
"Os09g0423700",463.425876920592,-1.55968706321563,0.166163410380764,-9.38646516487352,6.20476800964463e-21,7.89602141627966e-20,"","Os09g0423700",""
"Os09g0423800",94.8352691750069,-1.34372960473503,0.2444669892306,-5.49656871450862,3.87252239752158e-08,1.82413474226981e-07,"","AP2/EREBP#153",""
"Os09g0424200",110.120348691032,-9.09287854056238,1.05465247070607,-8.62168230116111,6.59775434838151e-18,7.04319515251395e-17,"","Os09g0424200",""
"Os09g0425700",192.091588861038,-1.48807033674118,0.27112918861973,-5.4884180648962,4.05549308088502e-08,1.90633564911949e-07,"","Os09g0425700",""
"Os09g0426500",70.623793372655,-2.29455184932081,0.568332156719665,-4.03734299069868,5.40600022586136e-05,0.000170521282744961,"","OsUMAMIT14",""
"Os09g0426800",200.629438397522,-1.65331722723768,0.228699421241173,-7.22921474074999,4.85794760722172e-13,3.61892266578872e-12,"","WSL2",""
"Os09g0431100",8.00856189414811,-5.26332566200489,1.25701874102045,-4.18714971403858,2.82479503336327e-05,9.31088819231631e-05,"","OsGLR1.3",""
"Os09g0431900",61.9224216037445,-1.41219990907111,0.423182151232484,-3.33709705137183,0.000846583807618504,0.00220218446208542,"","Os09g0431900",""
"Os09g0432900",46.9438402819975,-1.55766555399699,0.305327213566278,-5.10162699159101,3.36745946947246e-07,1.42405774492437e-06,"","Os09g0432900",""
"Os09g0433600",82.5183651913889,-1.01518740762032,0.266798796445483,-3.80506741838978,0.000141765571850129,0.000420359690489545,"","OSJNBb0064P21.1","P0534A03.129"
"Os09g0433650",24.0899535807944,-1.6714187560135,0.449911864169801,-3.7149915108322,0.000203210516483345,0.000587234309179827,"","OJ1081_G10.12",""
"Os09g0433700",9.71725566811088,-7.03413112660739,1.15485397078235,-6.0909269090032,1.12258799218424e-09,6.19611554518802e-09,"","OsPME27",""
"Os09g0433800",2481.00846135374,-2.79821942430652,0.221342519268047,-12.6420329612218,1.23810758068207e-36,3.35630104229318e-35,"","Os09g0433800",""
"Os09g0438100",465.248357439638,-6.39685415737575,0.345990906781488,-18.4885036918491,2.55547427911578e-76,2.42593816910543e-74,"","Os09g0438100",""
"Os09g0444900",42.0888934953107,-1.80975630263467,0.343062456586791,-5.27529686763268,1.32541351459361e-07,5.88631845332243e-07,"","Os09g0444900",""
"Os09g0445500",11.8642483240206,-5.85645080777465,1.12678209189949,-5.19750078553524,2.01985687030742e-07,8.79079460312785e-07,"","Os09g0445500",""
"Os09g0447000",24.8353708243072,-2.59548709539201,0.473860410113343,-5.47732420771593,4.31805633381103e-08,2.02323150118827e-07,"","Oshox11",""
"Os09g0447300",19.6433147457965,-2.01277092525861,0.681963756914362,-2.95143386265227,0.00316302276489963,0.00732705825036632,"","CYP76L1",""
"Os09g0448200",224.073007940829,-3.73063943585672,0.398320385594019,-9.3659264521277,7.53859876808408e-21,9.56884537278788e-20,"","OsHAK17",""
"Os09g0449650",268.280326257916,-2.55989831152861,0.303811985423289,-8.42592930612005,3.57898226741396e-17,3.63577054693381e-16,"","Os09g0449650",""
"Os09g0449800",278.220096701199,-1.01782384309676,0.201818850990073,-5.04325457262081,4.57679690419399e-07,1.90907907231001e-06,"","Os09g0449800",""
"Os09g0452200",11.9312400947367,-4.83634624252499,0.887000556317996,-5.45247261467458,4.96742239060336e-08,2.30785345156534e-07,"","LYP4",""
"Os09g0452800",163.580086650185,-2.03814296576522,0.34382526387434,-5.92784527465705,3.06935492793493e-09,1.62221431419462e-08,"","Os09g0452800",""
"Os09g0453300",3.50029219732603,-2.90914553084227,1.30416821208778,-2.23065207683997,0.0257041843659234,0.0482369594815182,"","OsANN10",""
"Os09g0453800",4394.39796916568,-1.22926482472864,0.144946301514373,-8.48082918905484,2.23594667881501e-17,2.30449462816138e-16,"","OsIDI4",""
"Os09g0453900",564.243505586136,-2.40197182207924,0.173414359020337,-13.8510549855768,1.2535731782213e-43,4.3746172727872e-42,"","P0488D02.28-1",""
"Os09g0454100",840.82050810583,-1.41894968553627,0.141798315555501,-10.0068162303443,1.42257018958809e-23,2.06243543519158e-22,"","OsRhmbd15",""
"Os09g0454500",4.30530989478987,-5.8610203727338,1.38036665188182,-4.24598809652755,2.17632184770085e-05,7.27603918775928e-05,"","OsalphaCA9",""
"Os09g0454600",153.726390081583,-2.36581690396372,0.260257452065858,-9.09029457248762,9.87710864617173e-20,1.17261677492188e-18,"","OsPT19",""
"Os09g0455500",112.299023535233,-1.74631695120073,0.215845292265535,-8.09059550417432,5.93737239841806e-16,5.54296442786753e-15,"","Os09g0455500",""
"Os09g0457100",336.27426026043,-3.41691988887705,0.181572233357021,-18.8185155059389,5.32558577362395e-79,5.29927866317592e-77,"","OsABA8OX3",""
"Os09g0457250",3.51896182950818,-3.40780090658777,1.15167460943577,-2.95899629866576,0.00308642808433777,0.00716772224628709,"","Os09g0457250",""
"Os09g0458500",17.8352824194219,-2.2854416115439,0.484751725526842,-4.71466421096287,2.42109683470689e-06,9.20195064788045e-06,"","Os09g0458500",""
"Os09g0458800",238.4364873448,-1.54629623921412,0.291133324722857,-5.31129935292056,1.0884636602063e-07,4.87682895279051e-07,"","Os09g0458800",""
"Os09g0458900",2108.21703678086,-1.37576407194828,0.162455209025208,-8.46857469331626,2.48413918917605e-17,2.54863423147888e-16,"","Os09g0458900",""
"Os09g0459450",61.99206088834,-1.79169822407344,0.333345424516307,-5.3748997055329,7.66253218669588e-08,3.48869092226688e-07,"","Os09g0459450",""
"Os09g0460300",344.759732075367,-2.34885841231084,0.232665444813166,-10.0954330119671,5.78750818814126e-24,8.61761360442164e-23,"","Os09g0460300",""
"Os09g0460500",2067.50730534826,-3.6397405441994,0.348932736009304,-10.4310664164865,1.78869404764677e-25,2.90042358760105e-24,"","Os09g0460500",""
"Os09g0460700",314.42249368959,-4.74734674905863,0.310812085243227,-15.2740095203942,1.13946173388233e-52,5.59058284760447e-51,"","Os09g0460700",""
"Os09g0461500",56.0386566597753,-3.57874540169507,0.37762717551134,-9.47692759889205,2.618801744739e-21,3.39717543609415e-20,"","Os09g0461500",""
"Os09g0461700",41.9945256043259,-3.59006123723186,0.502960438297439,-7.13786008574451,9.47950457480825e-13,6.88779134457548e-12,"","Os09g0461700",""
"Os09g0461900",351.309054937527,-2.20226212891032,0.218783008668038,-10.0659650962742,7.81173693355047e-24,1.15072179549691e-22,"","Os09g0461900",""
"Os09g0462200",130.649825427131,-1.20070404334127,0.234261139718852,-5.12549390301052,2.96758770195227e-07,1.2651053078333e-06,"","Os09g0462200",""
"Os09g0463232",13.7416660663448,-1.76584384167622,0.494884179496499,-3.56819618576777,0.000359447328808148,0.000997650550675421,"","Os09g0463232",""
"Os09g0465500",133.829992405064,-3.33911760806115,0.265903222686733,-12.5576424923403,3.60927243808135e-36,9.5848813717408e-35,"","Os09g0465500",""
"Os09g0465600",1976.31103728815,-1.04965075160663,0.205052521467149,-5.11893608572277,3.07264061030087e-07,1.30674247170314e-06,"","Os09g0465600",""
"Os09g0466300",5.52268520241623,-3.64130656287255,1.05595729213658,-3.44834643407299,0.000564030098243389,0.00151588824646669,"","Os09g0466300",""
"Os09g0466400",165.678191447514,-5.31231962733456,0.402079071187716,-13.21212668852,7.46841347460206e-40,2.33937902225304e-38,"","OsZHD1",""
"Os09g0467200",1739.80394423017,-3.86130074046729,0.3139563181876,-12.2988470585899,9.18761786315234e-35,2.32524624918617e-33,"","OsGSTU17",""
"Os09g0467400",1359.0260548952,-1.58865564628048,0.209237191990414,-7.59260641556145,3.1353379933972e-14,2.55961349134769e-13,"","OsPUP3",""
"Os09g0468300",109.264525906397,-1.63939140543058,0.268064240226262,-6.11566617034349,9.61544269667863e-10,5.34534044639009e-09,"","Os09g0468300",""
"Os09g0468800",99.5223420191472,-1.3743779223394,0.226813917567918,-6.05949554188116,1.36549112197893e-09,7.46860342809538e-09,"","Os09g0468800",""
"Os09g0469300",506.170454167381,-1.118892907204,0.249218401223669,-4.48960791703263,7.13543906413759e-06,2.55631540908237e-05,"","OsUCL31",""
"Os09g0469950",409.794858563413,-1.86727291501928,0.216289955368067,-8.63319293696133,5.96626744421318e-18,6.38558135919093e-17,"","Os09g0469950",""
"Os09g0470000",323.952817157297,-1.32061703874345,0.211195217163454,-6.25306319186841,4.02479187844883e-10,2.32344520904768e-09,"","Os09g0470000",""
"Os09g0471400",185.316427510079,-2.27697929256638,0.234722578773409,-9.70072544560988,2.99362473417297e-22,4.06427616649883e-21,"","OsWAK81",""
"Os09g0471800",50.174646478319,-2.12700204467799,0.327695261293876,-6.49079280633998,8.53858409561832e-11,5.24833783520553e-10,"","OsWAK85",""
"Os09g0472700",9.8875366755555,-2.83845891694668,0.893609495808328,-3.1763974423516,0.0014911650405193,0.00369281321428753,"","Os09g0472700",""
"Os09g0474000",23.809595812267,-3.78766276517382,0.569755464706439,-6.64787439489568,2.97355883826413e-11,1.90082217068293e-10,"","OsbZIP73",""
"Os09g0475400",683.523754381273,-1.07136009150214,0.118058145599966,-9.07485109187113,1.13833046219315e-19,1.34434765785318e-18,"","OsbHLH032",""
"Os09g0477100",5.50506063045142,-4.72860002881527,1.31667395675413,-3.59132190969452,0.000329004960179988,0.000918921868828719,"","Os09g0477100",""
"Os09g0481100",47.3882033945211,-1.10784406243734,0.314214174270863,-3.52576093999612,0.000422267954703693,0.00115761596743676,"","OsSNDP10",""
"Os09g0481200",38523.7973119808,-3.62045792637724,0.284729045573012,-12.715449943265,4.85308000873615e-37,1.33753908093944e-35,"","PsaG",""
"Os09g0481700",1639.33785196707,-1.02955356516673,0.140879183831956,-7.30806026243597,2.71026247094874e-13,2.06177995832659e-12,"","OsWRKY90",""
"Os09g0482860",148.445749313775,-3.08158596550639,0.207213514539601,-14.8715491475217,5.04327056346393e-50,2.20772287545841e-48,"","Os09g0482860",""
"Os09g0482900",49.8131396533553,-3.05439843501952,0.344255775629912,-8.8724682379857,7.15422531123013e-19,8.08668980549038e-18,"","Os09g0482900",""
"Os09g0483400",14.6766822331845,-2.01761965475368,0.505690232110461,-3.98983315602774,6.6119788449804e-05,0.000206069182191295,"","Os09g0483400",""
"Os09g0484900",37.810458662907,-1.95235040487519,0.406064509187361,-4.80798090131625,1.52462327140484e-06,5.9461027539112e-06,"","Os09g0484900",""
"Os09g0487900",1305.09960955244,-2.38729301414447,0.113706892633783,-20.9951477773054,7.26367148710287e-98,1.1686492755581e-95,"","OsbHLH143",""
"Os09g0491692",178.100082295828,-1.05843139883547,0.186056600665973,-5.68876027535118,1.27964958474233e-08,6.33104587882603e-08,"","Os09g0491692",""
"Os09g0491708",1542.69948710078,-1.15683244230665,0.232722468207212,-4.97086702121358,6.66541556716399e-07,2.7216381263616e-06,"","OsAHL2",""
"Os09g0491756",10201.7068816981,-1.95720628159298,0.199832843944152,-9.79421722156926,1.19217229903508e-22,1.65481529709759e-21,"","OsC3H60",""
"Os09g0491820",1700.89776159772,-3.15954729009842,0.227603644794247,-13.881795667001,8.16719329520305e-44,2.86626838916779e-42,"","OsCCR16",""
"Os09g0492900",2.43914865914125,-5.04418667317567,1.81126372800476,-2.78489907084498,0.00535443868973087,0.0118010075978884,"","Os09g0492900",""
"Os09g0493000",11.8280518487934,-4.21858352588904,0.790430168531022,-5.3370730190234,9.44590067725902e-08,4.25988911587266e-07,"","Os09g0493000",""
"Os09g0494500",155.978535676115,-2.25948940071966,0.277081110126159,-8.15461364252108,3.50297894009444e-16,3.3241405284841e-15,"","Os09g0494500",""
"Os09g0494600",245.757811403786,-3.07930021894196,0.304384737411192,-10.1164737927781,4.66935792499052e-24,6.99049433882115e-23,"","Os09g0494600",""
"Os09g0497000",304.185659970324,-2.186183645994,0.254363029378338,-8.59473820286315,8.34548410834263e-18,8.83658375010279e-17,"","Os09g0497000",""
"Os09g0497600",1963.27920990177,-2.36857912327044,0.120690186312976,-19.6252835100296,9.40509696086766e-86,1.09403796901135e-83,"","OsFbox493",""
"Os09g0502950",10.2738439800796,-5.65512290012227,1.18163732188424,-4.78583639445698,1.70276724420199e-06,6.60104771694105e-06,"","Os09g0502950",""
"Os09g0503000",4.78528117472393,-3.46181105437899,1.06254648150495,-3.25803257987906,0.00112187525531414,0.00285240669070481,"","Os09g0503000",""
"Os09g0503100",460.120891963134,-1.70448691181279,0.19212585020858,-8.87172085360886,7.20241382758171e-19,8.13373780337248e-18,"","Os09g0503100",""
"Os09g0505000",22.4650948075295,-1.41803421865618,0.523373175979698,-2.70941325183846,0.00674023285080297,0.0145131441161332,"","Os09g0505000",""
"Os09g0511600",1602.60424689427,-4.83356742963762,0.190337365643589,-25.3947374615271,2.88308193054139e-142,1.19056868321707e-139,"","Os9bglu31",""
"Os09g0513200",17.7612773664881,-3.34693671731313,0.66333774293835,-5.04559970082117,4.52101065541223e-07,1.88803440096323e-06,"","Os09g0513200",""
"Os09g0513500",176.016173777162,-3.12800643199336,0.290870370354106,-10.7539534817016,5.67747962240166e-27,9.85780747051479e-26,"","OsFT",""
"Os09g0513800",333.286888342785,-1.15361073806322,0.253635224536554,-4.54830649083193,5.4079337586011e-06,1.97047609907146e-05,"","Os09g0513800",""
"Os09g0514200",74.5452387670235,-1.30670005603702,0.30716707595578,-4.25403683637346,2.09950740150739e-05,7.04298603941899e-05,"","OsCDPK22",""
"Os09g0516600",4682.5429515907,-1.99774960142686,0.123389941936376,-16.1905384675274,5.8811659898477e-59,3.53683615850623e-57,"","OsGLYII3",""
"Os09g0516700",43.7281782589781,-1.237652989337,0.309628969516132,-3.99721315247447,6.40925846315207e-05,0.000200128792616911,"","Os09g0516700",""
"Os09g0517600",54.4016679770508,-2.56386456161547,0.572517522499402,-4.47822898139882,7.52648453309932e-06,2.68437753385061e-05,"","OsFH15",""
"Os09g0517900",14.5345861816136,-1.63883500149959,0.486266073884836,-3.37024334929794,0.00075101828843028,0.0019755791625902,"","Os09g0517900",""
"Os09g0518000",246.320360003537,-2.5905404587902,0.345843457221657,-7.49050012280521,6.86116620168808e-14,5.4679676738252e-13,"","OsUGT74H4",""
"Os09g0518200",2.55843104912986,-3.56502111910158,1.42447095972403,-2.50269834900128,0.0123250541679764,0.0250782513853947,"","OsSGT",""
"Os09g0518500",3706.4580555623,-1.30199789009632,0.143297818181712,-9.08595752969035,1.02789870753839e-19,1.21915970687787e-18,"","P0498F03.5",""
"Os09g0519100",10.4452809979471,-7.13992324551093,1.16336103050566,-6.13732371833665,8.39232624778751e-10,4.68853816102438e-09,"","OsbHLH167",""
"Os09g0519200",533.080493925948,-1.29060880808663,0.198637337931565,-6.49731224514939,8.17676412084506e-11,5.03844030395867e-10,"","Os09g0519200",""
"Os09g0520500",43.1662454569404,-3.84771607425441,0.471482779576022,-8.1608835803387,3.32582612262471e-16,3.15966234050125e-15,"","Os09g0520500",""
"Os09g0520550",102.044116613338,-1.32771674082897,0.256825498299259,-5.16972321526224,2.34440960071477e-07,1.01285852967585e-06,"","Os09g0520550",""
"Os09g0525400",731.660198186663,-1.54672908435969,0.163202717918252,-9.4773488094386,2.60825518699346e-21,3.38526656721514e-20,"","Os09g0525400",""
"Os09g0526700",1460.63965692387,-3.1797164264284,0.295084719291643,-10.7756051687847,4.48820898000323e-27,7.83129252799577e-26,"","OsUGE3",""
"Os09g0526800",204.442666561775,-1.49126892324965,0.189695525785564,-7.86138163814899,3.79919324172354e-15,3.32154590508766e-14,"","OJ1439_F07.19-1",""
"Os09g0527900",5264.71236220028,-3.0739256666056,0.157924408248941,-19.4645381337132,2.19463902725975e-84,2.48294845563538e-82,"","OsBBX29",""
"Os09g0528000",9.08664307447756,-1.82510723157081,0.721863470277681,-2.52832745625532,0.0114607404015007,0.0234757576825382,"kinesin-like protein KIN-7J [Source:NCBI gene (formerly Entrezgene);Acc:4347645]","KIN7J","OJ1439_F07.32"
"Os09g0528500",8.22818148281894,-6.78961454738058,1.22810704750813,-5.52852014094123,3.22943354672332e-08,1.53639928930806e-07,"","Os09g0528500",""
"Os09g0528750",7.96597087515929,-2.78617256810181,0.991238328733741,-2.81079987258061,0.00494185137375813,0.010995353043068,"","Os09g0528750",""
"Os09g0529325",136.322205038192,-1.05738111627063,0.172855746848714,-6.11713024037357,9.52754974857772e-10,5.3000471513361e-09,"","Os09g0529325",""
"Os09g0529350",163.822011670571,-1.4497905159193,0.27231321539867,-5.32398148138638,1.01520246430239e-07,4.56509463847917e-07,"","Os09g0529350",""
"Os09g0529400",294.948079553505,-1.44590756362654,0.180577513762759,-8.00712964475832,1.17416692240709e-15,1.0668255898966e-14,"","Os09g0529400",""
"Os09g0530275",83.6295329555901,-1.45674663748552,0.348001831395664,-4.18603152645269,2.83873937223544e-05,9.35444774119822e-05,"","OsCYP71AK1",""
"Os09g0532700",4442.59339811293,-3.52965048783346,0.163253778564067,-21.6206357909707,1.1488380819314e-103,2.12423590716525e-101,"","Os09g0532700",""
"Os09g0532900",171.767473624488,-1.40515291993161,0.224608333711952,-6.25601417680983,3.94940861163702e-10,2.28205450490976e-09,"","OsMYB42/85",""
"Os09g0533200",12.3249256175519,-7.37807477861297,1.13817591254347,-6.48236770546766,9.02942492230449e-11,5.5417899752276e-10,"","Os09g0533200",""
"Os09g0535000",25140.5518635971,-1.26370152321837,0.185721925246203,-6.80426676356673,1.01565187437996e-11,6.74840613878043e-11,"","P0569E11.2-1","OJ1112_E07.32-1"
"Os09g0536400",106.277359745237,-1.09136575746365,0.213767622619649,-5.10538379989136,3.30123797465956e-07,1.3974845941934e-06,"","Os09g0536400",""
"Os09g0539100",1782.16342810919,-2.86092766711974,0.187591807068407,-15.250813518079,1.62594625309816e-52,7.88377109843699e-51,"","DHQS",""
"Os09g0539901",21.283246813914,-1.44384811198078,0.406626662924485,-3.55079546824729,0.000384068761713755,0.00106075930319716,"","Os09g0539901",""
"Os09g0541100",5.07274515636827,-6.09742772935097,1.29464112476229,-4.70974358277899,2.4802863261693e-06,9.41391763227584e-06,"","OsUCL32",""
"Os09g0545000",11.2357068033113,-4.74814142937355,0.890103823688695,-5.33436808494619,9.5877858946717e-08,4.32078157716044e-07,"","OsSTA234",""
"Os09g0546900",36.2861475422123,-8.93543574328302,1.09179433937667,-8.18417482214139,2.74175815114223e-16,2.61580830615522e-15,"","OsSAUR53",""
"Os09g0549300",24.7536980171254,-4.26599260054232,0.727203013039352,-5.86630215228697,4.45621423524822e-09,2.31131714688602e-08,"","Os09g0549300",""
"Os09g0549450",940.290708627544,-1.61706915407932,0.26137726106383,-6.18672468866532,6.1427107540649e-10,3.48358764828258e-09,"","Os09g0549450",""
"Os09g0551600",86.0178085542385,-3.86531517440205,0.293708491716055,-13.1603793673724,1.48339179220308e-39,4.59424980442695e-38,"","Os09g0551600",""
"Os09g0553100",3557.23240987658,-1.39679300036035,0.238211332083153,-5.86367150607581,4.52742744880848e-09,2.34579819947987e-08,"","OSJNBb0064P21.1","P0534A03.129"
"Os09g0553600",475.665596167196,-1.08389014379835,0.140466311593799,-7.71637079026284,1.1968879201319e-14,1.01040177162208e-13,"","Os09g0553600",""
"Os09g0553800",497.251559534387,-1.77717262759151,0.14522949516732,-12.2369951471911,1.97198936364469e-34,4.92044113424213e-33,"","Os09g0553800",""
"Os09g0553900",14019.3124771018,-5.14802090263801,0.161949504018541,-31.7878151824944,9.5394134586679e-222,1.96965039387845e-218,"","Os09g0553900",""
"Os09g0554000",76.2709578573172,-1.19923861100392,0.317703770156551,-3.77470689256532,0.000160195908428917,0.00047134236113802,"","OsSTA235",""
"Os09g0554101",9.42363887814167,-4.90946186221078,1.05899517724521,-4.63596243656359,3.55280486568829e-06,1.323329016193e-05,"","Os09g0554101",""
"Os09g0555700",216.259618442404,-1.83798061560253,0.199115450245458,-9.23072827014065,2.68798023214835e-20,3.31673736115237e-19,"","OsIDD3",""
"Os09g0556400",1272.85566898574,-1.41730586194637,0.209744833740156,-6.75728615896307,1.40600331075398e-11,9.24536731171743e-11,"","Os09g0556400",""
"Os09g0559500",37.6590761095373,-1.07292125327235,0.386393893979067,-2.77675519719903,0.00549045144941201,0.0120749969431991,"","Os09g0559500",""
"Os09g0559600",1011.53132673929,-2.71039780312931,0.148195474196674,-18.2893426254858,1.00621187134642e-74,9.23367093938899e-73,"","Os09g0559600",""
"Os09g0559900",6.40332890230652,-2.44511938108487,0.943066625546605,-2.5927323848065,0.00952168299020721,0.0198451160370427,"","Os09g0559900",""
"Os09g0562700",188.326374224638,-2.07429796724934,0.285964635761152,-7.25368702227176,4.05576701824067e-13,3.04329919475921e-12,"","Os09g0562700",""
"Os09g0564000",520.055397170656,-5.3968447716,0.739515720745447,-7.29780939093475,2.92490589555951e-13,2.21351232053384e-12,"","Os09g0564000",""
"Os09g0565300",46.7620252181811,-1.21094718758374,0.506484388482888,-2.39088748857785,0.0168077026731801,0.0330721449438838,"","Os09g0565300",""
"Os09g0565350",7.0713947665297,-1.76597548920449,0.788997284795706,-2.23825293601835,0.0252045653565609,0.0474070838715181,"","OsFbox506",""
"Os09g0566050",2.93670229643721,-4.54212168172868,1.60048845818122,-2.83795966069652,0.00454029203191939,0.0101704019234126,"","Os09g0566050",""
"Os09g0570300",851.186362774493,-1.49798844904862,0.164483529262729,-9.10722463071603,8.45162766870192e-20,1.00751221678038e-18,"","Os09g0570300",""
"Os10g0100300",5210.88277308033,-1.7268716681633,0.251029604354511,-6.8791554390715,6.02084368947406e-12,4.09718330387527e-11,"","TIC62",""
"Os10g0100700",2624.65061460289,-3.45151877576615,0.307623371704483,-11.2199497607803,3.25455283344913e-29,6.44073926153108e-28,"","OsPDX1.3b",""
"Os10g0104800",3.00887418885608,-5.3373290370504,1.49864678362825,-3.56143228368238,0.000368837240940412,0.00102153815322832,"","Os10g0104800",""
"Os10g0109300",11.0166671705147,-1.74552851822629,0.781940054986784,-2.2323047746362,0.025594826532839,0.0480754315066448,"","OSJNBa0015O22.19",""
"Os10g0109801",2.48233864977456,-4.29259618605481,1.48712884332396,-2.88649917949289,0.00389553762940604,0.0088558340988892,"","Os10g0109801",""
"Os10g0109900",31.0352824088082,-4.28238672148118,0.591949548640182,-7.23437788122082,4.67667937019201e-13,3.48913233228688e-12,"","Os10g0109900",""
"Os10g0112100",384.249152974624,-3.12045411812666,0.281740284793151,-11.0756405333289,1.64698170344215e-28,3.11268235440017e-27,"","OsFWL5",""
"Os10g0112500",84.4682579926111,-2.06817247507526,0.374711943529469,-5.51936630467347,3.40224327002935e-08,1.6133470143831e-07,"","OSJNBb0012A20.15","OJ1014H12.16"
"Os10g0113900",807.822152140953,-1.41760261911105,0.23129047709869,-6.12910067415429,8.83771936237754e-10,4.93069517319586e-09,"","Os10g0113900",""
"Os10g0120300",6.50105260512563,-3.90492559517253,0.954539287803604,-4.09090086187837,4.2970079877131e-05,0.00013787486002534,"","Os10g0120300",""
"Os10g0124400",29.9351764054705,-1.05367602254598,0.391975200110223,-2.68811910102906,0.00718557622928184,0.0153652388222073,"","Os10g0124400",""
"Os10g0132300",81.8445410616846,-1.62186268106094,0.213528702253251,-7.59552539750541,3.06546099869256e-14,2.50339245763367e-13,"","Os10g0132300",""
"Os10g0136500",6.68878264727855,-1.89827296292465,0.77178595501627,-2.45958474702306,0.0139097852933959,0.0279629006259206,"","Os10g0136500",""
"Os10g0138100",633.526271011007,-1.85816717563777,0.210392763247404,-8.83189681506641,1.02915364288431e-18,1.15173169872379e-17,"","AO",""
"Os10g0139700",39.8374508472142,-1.7603446683714,0.313497843739131,-5.61517312966344,1.96365532023223e-08,9.53429117566021e-08,"","Os10g0139700",""
"Os10g0140300",130.683288145125,-2.02935770358107,0.408213423463399,-4.97131546131781,6.65001429245597e-07,2.71669256593869e-06,"","OsGELP102",""
"Os10g0140700",792.500755895311,-3.16181445998858,0.37343238471967,-8.46689946926295,2.5201142080075e-17,2.58340379527521e-16,"","Os10g0140700",""
"Os10g0142600",42.4707420707105,-2.63025965710153,0.375232488448957,-7.00967996660908,2.38863864360898e-12,1.68229959274303e-11,"","OsWAK101",""
"Os10g0144700",19.3015059790175,-4.95288144626311,0.828912984935509,-5.975152442145,2.29875125435268e-09,1.23201730108364e-08,"","Os10g0144700",""
"Os10g0147900",997.638871251884,-1.33443715068284,0.203752170665707,-6.54931501501511,5.78015898829678e-11,3.61015879135441e-10,"","Os10g0147900",""
"Os10g0155800",40.0495145463926,-1.25937799498147,0.299830814892922,-4.20029540803279,2.66566951156265e-05,8.81806321601973e-05,"","Os10g0155800",""
"Os10g0158550",3.15364891274626,-3.85811654310667,1.32691181957345,-2.90759075787486,0.00364224638067277,0.00833970414692997,"","Os10g0158550",""
"Os10g0158700",140.077840528121,-1.56993162420076,0.252251952941519,-6.22366489493431,4.85673855690732e-10,2.78360886478123e-09,"","Os10g0158700",""
"Os10g0161800",2254.18901522721,-1.2131630915889,0.210249562289812,-5.77010995112871,7.92198265703308e-09,4.01068582536388e-08,"","Os10g0161800",""
"Os10g0162100",1077.01764717273,-2.91254398207976,0.322936160336284,-9.01894659008401,1.89906556629132e-19,2.21218371114246e-18,"","Os10g0162100",""
"Os10g0163300",29.4703726788311,-1.83273219376732,0.404362420184897,-4.532399902368,5.83173128118146e-06,2.11742095477481e-05,"","Os10g0163300",""
"Os10g0163340",19.3005517592803,-7.29678224284675,1.08873770657257,-6.70205706920685,2.0550574036897e-11,1.33293605474397e-10,"","FBA2",""
"Os10g0180800",282.081803699974,-2.79921303173832,0.733033105770341,-3.8186720486473,0.00013417199278512,0.000399372833401839,"","WAK112",""
"Os10g0181333",245.726291856607,-1.04868117346209,0.214530183633993,-4.88826866083903,1.01726644290097e-06,4.05874567725563e-06,"","Os10g0181333",""
"Os10g0181600",6150.27841764805,-2.8446997408739,0.259637007293466,-10.9564494311805,6.18797174267164e-28,1.13150830899022e-26,"","Os10g0181600",""
"Os10g0186200",34.0739672801562,-8.84939926426784,1.06406456228685,-8.31659993003527,9.05226712916638e-17,8.95718940332889e-16,"","Os10g0186200",""
"Os10g0190500",195.541800653387,-2.40151051149767,0.263465468140243,-9.11508642270851,7.86077968741948e-20,9.39086491394371e-19,"","Os10g0190500",""
"Os10g0190900",332.728879903768,-1.31606538633108,0.243987027853573,-5.39399736907693,6.89072272202882e-08,3.15410007174779e-07,"","Os10g0190900",""
"Os10g0193500",6.44164571129218,-6.43674449267893,1.23512744862115,-5.2114010581375,1.87419790226857e-07,8.18850316073149e-07,"","OsSTA239",""
"Os10g0195250",68.4679556879964,-1.79471835754767,0.620958009548093,-2.89024109513264,0.00384946473199184,0.0087623507271072,"","Os10g0195250",""
"Os10g0195600",4.46410390002163,-5.9220689862112,1.29998740503295,-4.55548181719585,5.2265636830379e-06,1.90860086034827e-05,"","AT1","SPL18"
"Os10g0196000",20.8211746027586,-2.85794424949317,0.570876312148786,-5.00624073669448,5.55033338198825e-07,2.28933927427206e-06,"","Os10g0196000",""
"Os10g0203000",843.25148452214,-1.98918177380529,0.183081086773493,-10.8650314943033,1.69164802533276e-27,3.01973797720963e-26,"","Os10g0203000",""
"Os10g0205500",79.5801231523344,-1.55545944227342,0.249463864053146,-6.23520944878028,4.51174022953804e-10,2.59126999692313e-09,"","OsPDR13",""
"Os10g0205700",1234.32178118561,-2.18524436092436,0.230935236547863,-9.4625852407389,3.0042201305643e-21,3.88697452610922e-20,"","Os10g0205700",""
"Os10g0205802",89.1593985129234,-1.39722659982466,0.318039269617943,-4.39325181919557,1.11667652946063e-05,3.88539451909087e-05,"","Os10g0205802",""
"Os10g0206500",634.634425059913,-4.63283694814158,0.19587175632834,-23.6523990747066,1.11509538048373e-123,3.10435036429724e-121,"","Os10g0206500",""
"Os10g0206650",19.4043250270378,-8.03892480341442,1.09340186973286,-7.35221424614765,1.94949991422046e-13,1.4986894003922e-12,"","Os10g0206650",""
"Os10g0206800",491.303273219008,-1.11682748164553,0.148366763592238,-7.52747754689148,5.17299002059999e-14,4.16275328809373e-13,"","OsFRDL2",""
"Os10g0208200",45.4183918374423,-1.87802558080583,0.379532162935279,-4.94826463791972,7.4878060134079e-07,3.03691880167306e-06,"","Os10g0208200",""
"Os10g0209700",2326.92688188849,-2.59014224111251,0.211849888595813,-12.2263091960092,2.24928418403824e-34,5.60105670632315e-33,"","Os10g0209700",""
"Os10g0322600",53.6895621993276,-1.08590923961688,0.308435235706072,-3.52070423189816,0.00043040240248821,0.00117900280004979,"","Os10g0322600",""
"Os10g0323500",3.92359816994213,-3.12789893909167,1.07971646830961,-2.89696325924217,0.00376793879858014,0.00859968861573509,"","Os10bglu34",""
"Os10g0323600",14.892040248907,-4.56450090477694,0.716182200776194,-6.37337942751154,1.84907658126032e-10,1.10316808220291e-09,"","OsPRF1",""
"Os10g0323900",12.8690463064487,-7.44429956285225,1.13302290664596,-6.57029925801703,5.02142390298931e-11,3.15216164287728e-10,"","Os10g0323900",""
"Os10g0327000",8.82536766339496,-2.22614590120746,0.938602765323196,-2.37176576018388,0.0177033100640081,0.0346746967158836,"","Os10g0327000",""
"Os10g0328600",2.49907683132672,-5.07235793276934,1.49356461850524,-3.39614226925498,0.00068342826974762,0.0018104513761864,"","Os10g0328600",""
"Os10g0330400",1423.74042545954,-3.00416436434488,0.222073507781,-13.5277926411082,1.07194266112353e-41,3.57463301677761e-40,"","Os10g0330400",""
"Os10g0341101",83.7337682089111,-2.31918300076057,0.364385264382355,-6.36464541092696,1.95741405186097e-10,1.16415861648966e-09,"","Os10g0341101",""
"Os10g0341700",2019.33417078039,-1.04608760311157,0.20974799159743,-4.98735456365811,6.12116665098012e-07,2.5105801375821e-06,"","OsCslH1",""
"Os10g0343000",362.060854096394,-1.04937928929619,0.178331478488251,-5.88443105049074,3.99425605946783e-09,2.08173501021107e-08,"","Os10g0343000",""
"Os10g0343500",32.1548627866035,-3.69944985218425,0.573827804495615,-6.4469686257814,1.14109397475772e-10,6.93132763240304e-10,"","Os10g0343500",""
"Os10g0344000",416.096524379151,-3.09292130809413,0.285235376725507,-10.8434000845224,2.14353349182828e-27,3.80446485150639e-26,"","Os10g0344000",""
"Os10g0344500",13.6418013066018,-3.01778222112692,0.666389380273641,-4.52855689249988,5.9387891849698e-06,2.15502899291149e-05,"","Os10g0344500",""
"Os10g0362700",227.857755527454,-1.18782181432964,0.152785587806229,-7.7744362631644,7.57841361002934e-15,6.48378294253097e-14,"","Os10g0362700",""
"Os10g0363600",2093.93974534988,-1.02197122485161,0.148738226187153,-6.87093863527517,6.37808279934926e-12,4.32602675936153e-11,"","OsFbox547",""
"Os10g0369600",354.057843310177,-1.21349723469711,0.196107136065956,-6.18793002152139,6.09593768020103e-10,3.46023019249349e-09,"","Os10g0369600",""
"Os10g0369750",408.522390936495,-1.23004609828324,0.262990328706933,-4.67715335514853,2.90884720862858e-06,1.09615980666449e-05,"","Os10g0369750",""
"Os10g0370000",1649.94629787262,-1.96641143786756,0.110247965587926,-17.8362605367015,3.69619077424268e-71,3.17987912546565e-69,"","OsPP2C71",""
"Os10g0370400",148.0156942152,-1.02557228944382,0.209091545142421,-4.90489602889138,9.3476840149681e-07,3.74693932386596e-06,"","Os10g0370400",""
"Os10g0370700",315.337028858078,-2.10689215589422,0.215727265199401,-9.76646208325489,1.56833286210221e-22,2.16121153082905e-21,"","Os10g0370700",""
"Os10g0371100",33.6014104760479,-4.7580756752669,0.57192364985364,-8.31942458837735,8.83913733515874e-17,8.75328959845037e-16,"","OsERF#051",""
"Os10g0375700",541.082189993728,-1.35726454848914,0.167123554357549,-8.12132409286465,4.61124820035734e-16,4.34586902473388e-15,"","Os10g0375700",""
"Os10g0376200",2274.64941447069,-1.86660544937822,0.225552840904393,-8.27569026350428,1.27713588222084e-16,1.24630152634052e-15,"","Os10g0376200",""
"Os10g0378100",1240.84527696757,-1.60366412198362,0.224168471316444,-7.1538344021619,8.43868589133391e-13,6.16770856429441e-12,"","Os10g0378100",""
"Os10g0388500",15.000678232083,-1.7726761160069,0.744069858947976,-2.38240548879812,0.0171999464466838,0.0337768941197975,"","Os10g0388500",""
"Os10g0390000",4.93951727433631,-6.06622631675746,1.26878022853996,-4.78114820857364,1.74296799401469e-06,6.7530129769667e-06,"","Os10g0390000",""
"Os10g0392500",298.93281720033,-1.67239804560266,0.198052245489246,-8.44422663056085,3.06064906936112e-17,3.12072847701895e-16,"","Os10g0392500",""
"Os10g0394100",2037.99494705148,-2.10571592065267,0.225896819574181,-9.32158285637655,1.14617435878284e-20,1.44376014680033e-19,"","Os10g0394100",""
"Os10g0395000",27.0069158153687,-2.00109508916053,0.545756789229258,-3.66664259364793,0.000245755904079639,0.000701670204584146,"","OsRLCK298",""
"Os10g0396300",7.01881447226246,-2.17384793879105,0.920640283787747,-2.36123486781101,0.0182141909093428,0.0355769024959233,"","Os10g0396300",""
"Os10g0403400",4.29116271259988,-5.86262737984452,1.56069308633986,-3.75642554654584,0.000172357517160824,0.000504310604947301,"","Os10g0403400",""
"Os10g0406900",440.64705960889,-6.4103027295765,0.270359439935574,-23.7102974140798,2.82350225581831e-124,8.04113970027704e-122,"","Os10g0406900",""
"Os10g0412600",493.558067113448,-1.27708160053245,0.191365522754249,-6.67351977593412,2.49739911641089e-11,1.6047214187581e-10,"","Os10g0412600",""
"Os10g0414800",337.689444743372,-9.71467950429973,0.742835425459762,-13.077835508837,4.40814421958504e-39,1.33358472928765e-37,"","SIP8",""
"Os10g0415600",5078.96668908709,-1.88836392951327,0.152930818806824,-12.3478311582087,5.00423631388502e-35,1.28088804906125e-33,"","OsPOP21",""
"Os10g0415800",1092.61976509351,-1.63889970619427,0.175444897022899,-9.34139284758087,9.50750425412248e-21,1.20371708178024e-19,"","OsPOP22",""
"Os10g0416100",472.933077494601,-2.14777735107789,0.239575539014538,-8.96492755442602,3.10484897846679e-19,3.5897733616179e-18,"","Rcb4",""
"Os10g0417800",1011.66183072769,-1.16718868105753,0.188670136189921,-6.18639867775684,6.15542168816342e-10,3.48999732649028e-09,"","Os10g0417800",""
"Os10g0419500",5288.97955649766,-1.52265963199471,0.177313475920105,-8.58738809384572,8.89687078678608e-18,9.40835541972679e-17,"","ARD4",""
"Os10g0420800",13.9672790344057,-1.76323887757156,0.624636824029326,-2.82282249419348,0.00476029193663417,0.0106257435418004,"","Os10g0420800",""
"Os10g0420900",23.6201825108898,-1.33609376954016,0.479605257574608,-2.78581968908527,0.00533925622853552,0.0117717344344567,"","Os10g0420900",""
"Os10g0422200",5.25510924478062,-1.7516470075672,0.780260513494903,-2.24495149667553,0.0247712464858443,0.0467375246862445,"","Os10g0422200",""
"Os10g0430200",4904.54974629984,-2.61313200975078,0.168535931652959,-15.5048955087608,3.21439184990005e-54,1.67669446031523e-52,"","OsCAD3",""
"Os10g0433200",2.04859357269774,-4.78237964867939,1.55628965195033,-3.07293673943418,0.00211963416290267,0.0050948948054171,"","Os10g0433200",""
"Os10g0437100",374.308155409697,-1.08478604069154,0.154407493245084,-7.02547536970703,2.13338645079906e-12,1.50590783121854e-11,"","OsCAT7",""
"Os10g0442000",23.6108244365468,-1.14246626149947,0.380250371470765,-3.00451057307464,0.00266008513067467,0.00626153612794283,"","Os10g0442000",""
"Os10g0442800",16.8776942764013,-1.48290700732794,0.544488069201812,-2.72348852290152,0.00645964600057679,0.0139806646537641,"","OsRLCK301",""
"Os10g0444700",160.460956306289,-1.39028788842729,0.309959056095089,-4.48539205771997,7.27799846347927e-06,2.60324769639997e-05,"","PT8",""
"Os10g0449400",69.1738808628895,-1.67503654589439,0.372489268524606,-4.49687195695341,6.89604883808839e-06,2.47520501320174e-05,"","Os10g0449400",""
"Os10g0459300",3.1715858642199,-5.42407069055885,1.64701082725145,-3.29328174460795,0.000990251899121195,0.00254728730321074,"","Os10g0459300",""
"Os10g0463300",48.8712639358112,-9.36833061880259,1.05899568748357,-8.84642943264863,9.03640282551369e-19,1.01309933397173e-17,"","Os10g0463300",""
"Os10g0463400",81.6067960843878,-1.38305765916829,0.413352715993033,-3.34595033649568,0.000820010814120206,0.00213935010439679,"","EF1",""
"Os10g0463600",6.7552185853017,-4.00887440841487,1.0581079895371,-3.78871953340854,0.000151425747345137,0.000447237542254198,"","Os10g0463600",""
"Os10g0465175",47.8246003731936,-1.8188039318817,0.352906916890621,-5.15377807810271,2.55290041270694e-07,1.09738399593407e-06,"","Os10g0465175",""
"Os10g0467000",139.498761184083,-1.35934309579579,0.202243213653551,-6.7213285985674,1.80074977517317e-11,1.17425779016438e-10,"","OSJNBa0006L06.26",""
"Os10g0467900",36.0167456343452,-1.22760322250824,0.441767676313803,-2.77884346983374,0.00545528059247624,0.012007238806057,"","Os10g0467900",""
"Os10g0468500",85.0326903347185,-3.97186044847186,0.377889135659597,-10.5106500125733,7.71598778490968e-26,1.2762285003118e-24,"","Os10g0468500",""
"Os10g0469700",182.486816570619,-2.65855023175787,0.210347310881105,-12.6388600863101,1.28909263443379e-36,3.48688299163384e-35,"","Os10g0469700",""
"Os10g0469900",505.332119969492,-1.67240984317724,0.26791742822234,-6.24225849835099,4.3129738650915e-10,2.48113660216792e-09,"","Os10g0469900",""
"Os10g0470700",614.743564461209,-1.11880697616939,0.254010397874457,-4.40457156687875,1.05993145694426e-05,3.69834131935051e-05,"","OsPTR3",""
"Os10g0475100",56.7831391745844,-1.26995696373317,0.361603793754733,-3.51201227881629,0.000444727451383046,0.00121574855648578,"","Os10g0475100",""
"Os10g0476300",14.3367003885793,-2.53580709333692,0.779656856906448,-3.2524655826136,0.00114408450480986,0.00290291672049911,"","Os10g0476300",""
"Os10g0476900",1296.28492906798,-1.26068472554011,0.116919263303942,-10.782523682713,4.16304749731973e-27,7.28445111872111e-26,"","Os10g0476900",""
"Os10g0477600",18.5498960336571,-1.52138648857186,0.525351958070166,-2.89593759992928,0.00378027560693274,0.00862307942487319,"","ONAC120",""
"Os10g0479500",42.7606263771345,-7.72723645079404,1.05823441375886,-7.30200827938186,2.83503819439462e-13,2.15009921464694e-12,"","LOGL10",""
"Os10g0482900",209.190198817127,-1.31051606940389,0.203244907771122,-6.44796508692699,1.13361869388956e-10,6.88760921493419e-10,"","OsGRL19",""
"Os10g0484300",695.5713419193,-2.17458160087194,0.18531912381835,-11.7342536272914,8.50734682073671e-32,1.88876820947485e-30,"","Os10g0484300",""
"Os10g0488300",28.7563654312451,-1.36130746829198,0.463921435685512,-2.93434914530399,0.00334247987363809,0.00771032714171222,"","Os10g0488300",""
"Os10g0489000",70.7218292087704,-1.37127551620762,0.235907936452279,-5.81275703068605,6.14522239789762e-09,3.14003248819776e-08,"","B1288B10.1",""
"Os10g0489500",37.5523129187355,-2.01783005862331,0.337134971646511,-5.9852291465598,2.16085427884271e-09,1.16137714678711e-08,"","Os10g0489500",""
"Os10g0490400",52.8110970664561,-1.81061795779468,0.397422682709222,-4.55589989341258,5.21617758444511e-06,1.90508891523874e-05,"","Os10g0490400",""
"Os10g0490800",130.713977068463,-1.69562530751868,0.378464152878676,-4.48027982206877,7.45452439411719e-06,2.66216129883311e-05,"","Os10g0490800",""
"Os10g0491000",160.112657687414,-1.32888746986607,0.391492602047278,-3.39441272431909,0.000687759574952108,0.00182077347885334,"","Os10g0491000",""
"Os10g0491400",6.67750541213122,-5.01685903303415,1.26095230353154,-3.97862712093351,6.93143483535003e-05,0.000215078473281738,"","Os10g0491400",""
"Os10g0491450",3.92693904888752,-3.129167076122,1.14295131537706,-2.73779559463535,0.00618525066251749,0.0134573196053035,"","OSJNBa0051D19.11",""
"Os10g0492101",315.773924075549,-1.31988025467063,0.198036060531287,-6.66484806418427,2.64939296037452e-11,1.69974130966337e-10,"","Os10g0492101",""
"Os10g0492300",31988.9291146863,-4.52052158869276,0.249748284377639,-18.1003108788422,3.1687430970821e-73,2.82417078116558e-71,"","Os10g0492300",""
"Os10g0492400",248.098946592796,-1.56567839760107,0.306169403687241,-5.11376505537583,3.15800104766737e-07,1.34097329833855e-06,"","Os10g0492400",""
"Os10g0493600",1429.57032772618,-1.06849461135422,0.21984806579871,-4.86015015630167,1.17296752035011e-06,4.63854609811168e-06,"","alphaGa1",""
"Os10g0493850",809.251736179396,-1.16587590044662,0.225867352719077,-5.16177254663573,2.44622408671297e-07,1.05353892224035e-06,"","Os10g0493850",""
"Os10g0494000",1143.33611246138,-2.27172088403122,0.134356127536671,-16.9082045283806,3.91453921439285e-64,2.79511637219054e-62,"","OSJNBa0041P03.5",""
"Os10g0496900",29636.148167301,-2.30559992335283,0.241076896532013,-9.56375312823333,1.13562047593418e-21,1.4974597409378e-20,"","FGL",""
"Os10g0498000",77.5107635066695,-1.96145569146407,0.389524622479358,-5.03551143693879,4.76574671703406e-07,1.98222102413888e-06,"","Os10g0498000",""
"Os10g0498200",720.405906522556,-1.34722850387504,0.231255856922285,-5.82570544073953,5.68718493857395e-09,2.91741990109828e-08,"","Os10g0498200",""
"Os10g0498300",522.479516147457,-1.62167254114951,0.202158847848749,-8.02177376061624,1.0422898088067e-15,9.52593677344289e-15,"","Os10g0498300",""
"Os10g0498500",60.1403317145166,-1.0247681435212,0.305142626133223,-3.35832511015289,0.000784163250576424,0.00205382799783637,"","Os10g0498500",""
"Os10g0501401",49.635089970565,-2.48457135238137,0.290988803832202,-8.53837439674858,1.36123250287164e-17,1.42009506204844e-16,"","Os10g0501401",""
"Os10g0502100",7.35872859472335,-4.11255228724659,0.958249409847244,-4.29173474565685,1.77282649946461e-05,6.01387214912849e-05,"","Os10g0502100",""
"Os10g0502400",785.229413299598,-3.19858686744098,0.183925684528117,-17.3906481612252,9.71295959652509e-68,7.73819935444058e-66,"","HEMA1",""
"Os10g0503100",555.009161065491,-4.28420438886826,0.314876396877712,-13.6059877188321,3.68949997653632e-42,1.24204811030761e-40,"","OsPLIM2c",""
"Os10g0503200",1299.48964077925,-2.40037180849348,0.166406405657178,-14.4247560604043,3.61545909045166e-47,1.42190841085906e-45,"","Os10g0503200",""
"Os10g0503250",58.3600830833395,-2.65546113233476,0.328939151824576,-8.07280348844251,6.87021332958868e-16,6.36824824793186e-15,"","Os10g0503250",""
"Os10g0503300",26.7971295446469,-2.704385219004,0.547828541207078,-4.93655407775067,7.95149963798263e-07,3.21288823434924e-06,"","Os10g0503300",""
"Os10g0503500",3488.12772087248,-1.53115969502823,0.142008900414039,-10.7821389403341,4.18050014381992e-27,7.30982724512534e-26,"","Os10g0503500",""
"Os10g0503600",52.7749180469917,-1.03722585824008,0.255530730013111,-4.05910419536179,4.92613304194262e-05,0.000156460451711591,"","OsTET14",""
"Os10g0503800",18575.6036594725,-1.16042678201,0.143577165719656,-8.08225163237871,6.35817388890918e-16,5.90909506547272e-15,"","OsREM1.2",""
"Os10g0507000",25.6134824424175,-6.38469283215626,0.908796190452397,-7.02543969619632,2.13393162828764e-12,1.50590783121854e-11,"","Os10g0507000",""
"Os10g0507600",436.448253721836,-1.23025019535441,0.169598078983501,-7.25391586230225,4.04891690481585e-13,3.04000042880674e-12,"","Os10g0507600",""
"Os10g0508700",5.71046756113443,-3.08648031839015,0.954570473184507,-3.23337082498839,0.00122338648381485,0.00308580341132857,"","Os10g0508700",""
"Os10g0509200",1819.18428173984,-2.03720035994538,0.17826704655362,-11.427801151867,3.03702014344843e-30,6.26546611941896e-29,"","Os10g0509200",""
"Os10g0509401",558.550580423404,-2.33402796411597,0.198618892977306,-11.7512887577249,6.95499501278399e-32,1.5524676705563e-30,"","Os10g0509401",""
"Os10g0510000",78.159555186116,-1.93324077925292,0.361991486699208,-5.34056973792679,9.26549255685342e-08,4.1831470313622e-07,"","ACT2","AC2"
"Os10g0510500",7079.71085721926,-2.78638486456546,0.154277208259214,-18.0608976271065,6.47609136907735e-73,5.75118694808708e-71,"","OsSAUR56",""
"Os10g0511600",279.098373787547,-1.91648329684102,0.147838262011541,-12.9633781591089,1.97360655570176e-38,5.76651528663e-37,"","OsProCP4",""
"Os10g0513200",313.729273355747,-3.55461677478258,0.23118429093973,-15.3756847419588,2.38310557351562e-53,1.20012615436985e-51,"dwarf and tiller-enhanced1 [Source:NCBI gene (formerly Entrezgene);Acc:4349102]","NIP3",""
"Os10g0513400",60.8809386566151,-2.1725630800446,0.302325451614333,-7.18617327268915,6.66324729829446e-13,4.90624898394775e-12,"","Os10g0513400",""
"Os10g0516100",4904.16489656101,-2.65240046811996,0.299470743794582,-8.85696023094443,8.22258523585724e-19,9.24788898723717e-18,"","OsGDCH",""
"Os10g0516150",12.9466129702411,-2.32609826202873,0.700886355793549,-3.31879518384275,0.000904067135757018,0.00234114458848784,"","Os10g0516150",""
"Os10g0516200",37.3387217267727,-2.24400728699615,0.340360182437255,-6.59303703190907,4.30919033409039e-11,2.71883903508423e-10,"","OsRLCK303",""
"Os10g0516600",89.9419761640359,-1.59062871039165,0.289726844718262,-5.4900977917266,4.01711265091129e-08,1.88936978268089e-07,"","OsSTA247",""
"Os10g0516701",90.1130902470481,-1.38055066920151,0.291819892381655,-4.7308312601115,2.23602328932979e-06,8.54572713862783e-06,"","Os10g0516701",""
"Os10g0516900",64.2485371947649,-2.14896715308915,0.379917489887259,-5.6564049044619,1.54576559461894e-08,7.5900582912948e-08,"","Os10g0516900",""
"Os10g0517050",5.81181148936989,-6.30556003563233,1.31407853446578,-4.79846513754658,1.59886130162863e-06,6.22094636784746e-06,"","Os10g0517050",""
"Os10g0519300",34.8419011781675,-2.70826269808069,0.424063720859325,-6.38645223550992,1.6977842981125e-10,1.01706445724633e-09,"","Os10g0519300",""
"Os10g0519400",65.3332458924158,-2.83922560626171,0.417124348885155,-6.8066647604008,9.98873226053093e-12,6.65297901126814e-11,"","Os10g0519400",""
"Os10g0520900",36.3647549027279,-1.46872913528394,0.455873136794912,-3.22179355776494,0.00127390887210116,0.00320345479793469,"","Os10g0520900",""
"Os10g0521700",970.281364854814,-1.06152976906488,0.114140323451009,-9.30021693446929,1.40159421469571e-20,1.75301867024309e-19,"","Os10g0521700",""
"Os10g0522000",425.307547051783,-1.21248241676483,0.250318586827072,-4.84375703831551,1.27406713841809e-06,5.01948823160835e-06,"","Os10g0522000",""
"Os10g0522200",40.5061977717612,-1.30289534557621,0.437286173066234,-2.97950272801986,0.00288716659034073,0.00674352626403395,"","Os10g0522200",""
"Os10g0522800",128.067313223727,-1.87845578465741,0.28964548744162,-6.48536181678311,8.85190970356852e-11,5.43553325217639e-10,"","Os10g0522800",""
"Os10g0525400",179.56611890592,-4.12201054287049,0.289248019470752,-14.2507822539725,4.43287714263648e-46,1.67684575516189e-44,"","OsGSTU15",""
"Os10g0525500",25.5142369597225,-2.41503464341744,0.439125677081936,-5.49964342660568,3.80560044897081e-08,1.79363443644949e-07,"","OsGSTU21",""
"Os10g0525800",21.8199446324121,-1.80812209386245,0.411817361215083,-4.39059219972541,1.1304237009118e-05,3.93101867192865e-05,"","OsGSTU31",""
"Os10g0527601",4.08893385454812,-3.62384320191117,1.24153326528315,-2.91884503077307,0.0035133083306103,0.00806833260798327,"","OsGSTU20",""
"Os10g0528300",92.9148618466086,-1.03999178548641,0.384883598135208,-2.70209432286866,0.00689042121346811,0.0148082198287882,"","OsGSTU4",""
"Os10g0528900",3.26926750031552,-4.70301014000901,1.57186549652201,-2.99199273119433,0.00277162862308266,0.00649939829586591,"","OsGSTU14",""
"Os10g0529300",89.2515267774938,-2.19638018936803,0.251165007351367,-8.74476987272119,2.23470639079103e-18,2.45867319025885e-17,"","OsGSTU18",""
"Os10g0529500",42.9468734212789,-2.17063552319225,0.49632770012235,-4.37339185916314,1.22330855394714e-05,4.23737117868701e-05,"","OsGSTU30",""
"Os10g0529600",4.47415924911025,-2.9925729409045,1.02212287750388,-2.92780154594783,0.00341367857774292,0.00786285340901147,"","Os10g0529600",""
"Os10g0530400",4670.24832646827,-3.01709046253256,0.282064701452602,-10.6964481801334,1.05754535542561e-26,1.81837621591814e-25,"","OsGSTU23",""
"Os10g0530500",4563.41940277245,-4.70262974462368,0.340019801168097,-13.8304584864422,1.66952993342932e-43,5.80167505758459e-42,"","OsGSTU13",""
"Os10g0530750",143.810078796082,-4.61788015389022,0.31731076562805,-14.5531783163742,5.57513803010403e-48,2.25711102895241e-46,"","Os10g0530750",""
"Os10g0531400",5.54456582523207,-3.34060188430893,0.988516705931198,-3.3794086273555,0.000726419497706713,0.00191514108264303,"","OsGSTU10",""
"Os10g0532300",806.471838298334,-1.44290934287127,0.250007863162062,-5.77145584391455,7.85895542602026e-09,3.97958999776219e-08,"","Os10g0532300",""
"Os10g0532600",14.6546485144025,-3.49332337558866,0.724969011995231,-4.81858302601717,1.4458135923855e-06,5.65654877286209e-06,"","OsOFP17",""
"Os10g0532800",236.353155302288,-1.96486893689167,0.219659580561437,-8.94506368385836,3.71735346788703e-19,4.28195568916025e-18,"","Os10g0532800",""
"Os10g0533500",614.673035875227,-4.10106998653433,0.728021626998161,-5.6331705466556,1.76926335327879e-08,8.63443728662369e-08,"","OsBCH3",""
"Os10g0533800",6.95651432132697,-6.54718042198749,1.24346122413098,-5.26528716370963,1.39970394360742e-07,6.19736679963564e-07,"","Os10g0533800",""
"Os10g0534900",1363.8423052002,-1.73951838817873,0.231380568017304,-7.51799687884179,5.56218300849996e-14,4.46289534979286e-13,"","Os10g0534900",""
"Os10g0536100",3285.40784327425,-1.13243794434921,0.1209685517499,-9.36142433688472,7.86689216004678e-21,9.97533198820261e-20,"","OsMADS56",""
"Os10g0536400",286.735396036573,-2.05407380014627,0.318329235039541,-6.45267092697636,1.09895821328081e-10,6.6880297485474e-10,"","OsF3H-2",""
"Os10g0539350",29.7433702004785,-3.56963474256022,0.48578778572404,-7.34813605335892,2.00989865048311e-13,1.54320603851937e-12,"","Os10g0539350",""
"Os10g0539500",2227.70806724812,-1.61217978634294,0.210391386596922,-7.66276515602625,1.81971916099818e-14,1.51553551771603e-13,"","H4","P0534A03.129"
"Os10g0539600",218.623880704464,-2.28725327827939,0.280874784044327,-8.14332011348667,3.84583716260621e-16,3.6397367218447e-15,"calcium-dependent protein kinase 23-like [Source:NCBI gene (formerly Entrezgene);Acc:4349249]","CDPK",""
"Os10g0539650",73.1846789707013,-2.53248468889323,0.288474597379473,-8.7788828267672,1.65106427826977e-18,1.82953576130099e-17,"","Os10g0539650",""
"Os10g0539700",1866.40424514923,-1.67888211811326,0.201877841145758,-8.31632688652087,9.07313581033209e-17,8.97425492904584e-16,"","OSJNBb0064P21.6",""
"Os10g0540200",13.0963773202466,-1.88119862862926,0.520601552454888,-3.61350944836506,0.000302080342172016,0.000849658830513796,"","Os10g0540200",""
"Os10g0540300",573.280107622682,-1.24059314913842,0.160739828127973,-7.71801963201502,1.18151006198867e-14,9.97907414863989e-14,"","OSJNBb0064P21.4",""
"Os10g0541000",22.6338657842407,-1.99176863559258,0.430224067728797,-4.62960765097907,3.66359227902739e-06,1.36305354429308e-05,"","OsMLO4",""
"Os10g0542700",4.29939537954269,-4.3488367272274,1.27499155349102,-3.41087493114757,0.000647547870209164,0.00172352493073074,"","OSJNBb0015I11.12",""
"Os10g0543500",23.3778657677554,-2.72858366396482,0.637757500131681,-4.27840309741781,1.88238905018374e-05,6.35508291271325e-05,"","OsSTRL19",""
"Os10g0544200",8.54147870033965,-3.96682659169592,1.1062158606931,-3.58594261088475,0.000335862820806505,0.000936492585091466,"","OsbHLH004",""
"Os10g0544600",54.6301884885852,-2.0386549242935,0.330110495723745,-6.17567435965307,6.58816533882079e-10,3.72172760145834e-09,"","Os10g0544600",""
"Os10g0545700",1355.9635682383,-1.62653482232437,0.176816253414005,-9.19901191728079,3.61256245162076e-20,4.41363214318578e-19,"","ACR2.1","CDC25.1"
"Os10g0548000",4287.07027533796,-1.2098827268801,0.154550402869186,-7.82840228442607,4.94108755281981e-15,4.28510067540135e-14,"","OSJNBa0082M15.7",""
"Os10g0548600",126.738757510983,-7.48763761868398,0.593813847448851,-12.6094021735135,1.87409185285329e-36,5.03626614296594e-35,"","OsEXPB9",""
"Os10g0548700",286.6004224403,-1.44633020037918,0.211616137251835,-6.83468765266219,8.21838936561814e-12,5.51685270419725e-11,"","RLCK306",""
"Os10g0550900",347.631997000431,-1.34298188352626,0.216264843758254,-6.20989459122386,5.30201539354315e-10,3.02551900980697e-09,"","OsProDH",""
"Os10g0551200",90.5256488047304,-1.45354822147954,0.21739925782061,-6.68607720215381,2.29232129095989e-11,1.47831453998212e-10,"","Os10g0551200",""
"Os10g0551401",64.9325068695095,-1.6822234961596,0.380262152373053,-4.42385203381816,9.69564380030519e-06,3.39978724087407e-05,"","Os10g0551401",""
"Os10g0553600",186.839805687124,-1.57726386220539,0.275198021792066,-5.73137790720435,9.96180418113014e-09,4.99339717167432e-08,"","OSJNBa0015J15.1",""
"Os10g0553800",1064.00176571407,-1.44920068790433,0.217498620856098,-6.66303391810079,2.68231725210236e-11,1.71952844903855e-10,"","Os10g0553800",""
"Os10g0554001",22.2605294639336,-4.37980593538988,0.674280294993053,-6.49552710929362,8.27431853848751e-11,5.09475125318352e-10,"","Os10g0554001",""
"Os10g0555600",2.45599927724264,-5.06469689855788,1.59769661201579,-3.16999914781557,0.00152439384691484,0.00376869949561056,"","OsEXPB6",""
"Os10g0555700",7.50320024464013,-6.66804387500392,1.21338885674975,-5.49538908150624,3.89849916126287e-08,1.83602192964475e-07,"","OsEXPB2",""
"Os10g0555900",88.3218379766469,-8.7772189456498,1.0772514425588,-8.14779038476034,3.70634080595203e-16,3.51039778857315e-15,"","OsEXPB3",""
"Os10g0556100",30.8439762347063,-2.44494059156957,0.541746463645827,-4.51307162231516,6.38954325534651e-06,2.30778007635161e-05,"","OsEXPB4",""
"Os10g0556200",6000.65402641949,-2.92032050090917,0.151620649061744,-19.260704389413,1.1480614606342e-82,1.24216239345561e-80,"","OsbHLH113",""
"Os10g0557600",8.05619500895184,-3.18281982478523,0.956152187789999,-3.32877952425318,0.000872274255330031,0.00226402045090218,"","OsGATA7",""
"Os10g0557900",2554.03983845906,-3.51961929305446,0.249564044723116,-14.1030704040695,3.6359914755019e-45,1.3426074633161e-43,"","Os10g0557900",""
"Os10g0558900",4.21010222668606,-5.84008847016676,1.43636028501039,-4.0658938645916,4.7848709555117e-05,0.000152168845674128,"","RL14",""
"Os10g0559050",3.49878931345626,-5.57375153201764,1.45309654979467,-3.83577507826665,0.00012516892150165,0.000374418733314787,"","Os10g0559050",""
"Os10g0559200",88.0612893964241,-2.38336050088931,0.374585364755619,-6.36266316075702,1.98285222073585e-10,1.17843918141454e-09,"","Os10g0559200",""
"Os10g0560400",2062.86602926749,-4.01925062894092,0.220770567754618,-18.2055546163574,4.66307287866098e-74,4.20134388053029e-72,"","OsCCT35",""
"Os10g0560700",12.5046552361677,-4.88373457103812,0.991468656195717,-4.92575790522425,8.40339899854127e-07,3.38829970686505e-06,"","OsERF#036",""
"Os10g0561300",573.114053370391,-2.93493448418827,0.24449427207236,-12.00410324263,3.38108826433512e-33,7.94812371209025e-32,"","OSJNBb0089A17.11","OSJNBa0042H09.10"
"Os10g0562000",112.261626329378,-1.21122961341828,0.195141603641801,-6.20692661541099,5.40308125760096e-10,3.08035306763873e-09,"","OSJNBb0089A17.6",""
"Os10g0562100",3737.46447501841,-2.31257626275084,0.109678411027944,-21.0850635150215,1.09067235001086e-98,1.77786768527757e-96,"transcription factor MYBS2-like [Source:NCBI gene (formerly Entrezgene);Acc:4349391]","MYBS2","OsJ_32468"
"Os10g0562200",122.166191790737,-3.01617599195151,0.406740395326342,-7.41548178299706,1.21183462435836e-13,9.46583432778278e-13,"","OsDAD1",""
"Os10g0562900",47.9272530270545,-3.95943180500993,0.770511559352574,-5.1387052626918,2.76637902948181e-07,1.18442324543755e-06,"","DERF12",""
"Os10g0563800",21.4541204392243,-1.89437752977965,0.59335694232802,-3.19264408089187,0.00140976593813483,0.0035119415492828,"","Os10g0563800",""
"Os10g0567000",1267.00410565966,-3.74540931290757,0.157149741891428,-23.8333787114662,1.50611730124805e-125,4.4425081396456e-123,"","Os10g0567000",""
"Os10g0567400",20992.6062888638,-2.88480595346526,0.10980598684851,-26.2718457914794,4.02393648758026e-152,2.16741465984296e-149,"","CAO","LLS1"
"Os10g0567900",18.250948815663,-2.86621747338183,0.586555109439372,-4.88652716045957,1.02630175039993e-06,4.09215939325057e-06,"","Os10g0567900",""
"Os10g0568900",741.529605638787,-4.06084293441769,0.235579915748666,-17.2376449049676,1.38567945353535e-66,1.04355561763664e-64,"","Os10g0568900",""
"Os10g0569400",3.89628566298012,-5.71285404539545,1.7411411019886,-3.28109768867708,0.00103403923616305,0.0026502937989461,"","Rir1b",""
"Os10g0569500",15.277286374862,-4.37111740499124,0.711579064865054,-6.14284149270214,8.10581622549954e-10,4.53358484467725e-09,"","OsRALF-29",""
"Os10g0569600",3.61094553360716,-5.60235089326528,1.82475688441293,-3.07019030377173,0.00213922416407529,0.00513351642743763,"","Os10g0569600",""
"Os10g0569800",141.775332550349,-4.32103386270106,1.04587874257679,-4.13148645898959,3.60424926671813e-05,0.000116903369657645,"","Rir1b",""
"Os10g0570200",79.6607102987123,-3.21362573573362,0.481323035327839,-6.67665060647835,2.44464828024473e-11,1.5724571765219e-10,"","Os10g0570200",""
"Os10g0572100",638.718193513569,-3.09195515511022,0.170550376084314,-18.1292778479812,1.87201397480642e-73,1.67447257233858e-71,"","OsALMT2",""
"Os10g0573400",614.617165783902,-1.32247406161282,0.17704142658854,-7.46985655897572,8.02822860002211e-14,6.37345145859493e-13,"","OsPYL/RCAR10",""
"Os10g0573700",6966.26259759679,-6.9809314397457,0.363774494669234,-19.1902718361087,4.46299021217863e-82,4.76635812444612e-80,"","Os10g0573700",""
"Os10g0574700",115.202409839335,-1.49749493105833,0.341137823214338,-4.38970653253377,1.13503733084789e-05,3.94650855268288e-05,"","Os10g0574700",""
"Os10g0574750",11.9803091454463,-1.50232206469161,0.594545905739762,-2.52683947562022,0.0115094095465347,0.0235696041271585,"","Os10g0574750",""
"Os10g0575700",3729.58948590419,-1.11048880467332,0.164154648666368,-6.76489404165642,1.33406796552212e-11,8.78633758153682e-11,"","PAP3",""
"Os10g0578800",606.757239028877,-5.03336730159912,0.281446325849513,-17.8839332380925,1.5733560530632e-71,1.36304345897717e-69,"","Os10g0578800",""
"Os10g0578950",279.31944060062,-5.00647341046747,0.243411085197548,-20.5679762135907,5.31375791110673e-94,7.69935554172465e-92,"","OsACS2",""
"Os10g0579400",8.06138110867978,-6.77651701075861,1.2265606334966,-5.52481208486247,3.2983844653115e-08,1.56709629716248e-07,"","OsWRKY2",""
"Os10g0579500",340.147700881181,-1.33021933013793,0.185321235997584,-7.17791095541407,7.07846350014037e-13,5.19807617495489e-12,"","Os10g0579500",""
"Os10g0579800",11.6744722591796,-1.46876396827995,0.542727782095964,-2.70626272826448,0.0068045188527259,0.0146375728089937,"","Os10g0579800",""
"Os10g0579900",31.4801096219029,-3.17324076177167,0.428494197718751,-7.40556296599956,1.30595255624371e-13,1.01721428752123e-12,"","Os10g0579900",""
"Os11g0102200",647.794635531236,-1.68044700790128,0.241759919843406,-6.95089164899521,3.62984588464164e-12,2.51641554235495e-11,"","PHOT1B",""
"Os11g0103000",770.718208581273,-1.38227138997673,0.23877364573584,-5.78904504187187,7.07877155717371e-09,3.60367213626655e-08,"","Os11g0103000",""
"Os11g0103100",37.9146294526153,-1.21765432175697,0.343596261717041,-3.54385206542128,0.000394326436824506,0.0010865464996887,"","Os11g0103100",""
"Os11g0104300",1096.04339349641,-2.00328536945329,0.285737352443584,-7.01093277557689,2.36734468481209e-12,1.66825083207023e-11,"","D53",""
"Os11g0104400",55.6348981412334,-2.4553753208501,0.347921751677078,-7.05726304553974,1.69813988203402e-12,1.20869899043829e-11,"","OsFAD3",""
"Os11g0105750",10126.4416112274,-2.94604738073232,0.134186088921417,-21.9549388793767,7.76857635990937e-107,1.5156064288935e-104,"","Os11g0105750",""
"Os11g0105800",1526.68784952547,-2.28022459547395,0.150634332154937,-15.137482689727,9.16554152470004e-52,4.30103451434646e-50,"","Os11g0105800",""
"Os11g0105901",2.9830858425651,-5.33985199905958,1.39952018158067,-3.81548767165939,0.000135914242107047,0.00040417032845491,"","Os11g0105901",""
"Os11g0106900",30.5970425220004,-1.33428246057904,0.503152986664172,-2.65184247325079,0.00800538811790777,0.0169533795998691,"","LBD11-1",""
"Os11g0108700",1.75298664916845,-4.57830537505851,1.63638733906031,-2.79781275849248,0.00514499288802987,0.0113950543573066,"","OsLAC21",""
"Os11g0111900",12.5022352407459,-2.30380976667974,0.535823437344309,-4.29956886189612,1.71130697438844e-05,5.81234446942049e-05,"","Os11g0111900",""
"Os11g0116200",4461.99640331578,-1.82304321443697,0.180020376861715,-10.1268714476548,4.1986867090371e-24,6.32406447354482e-23,"","OsLTP1.13",""
"Os11g0117300",7.57665486719546,-1.87271278742625,0.658362981664427,-2.84449891561611,0.00444813372495355,0.00999015675336966,"","Os11g0117300",""
"Os11g0117400",44.0807226245132,-1.08737793093757,0.331591520146471,-3.2792694169539,0.00104076223508118,0.00266587055707707,"","OsWRKY104",""
"Os11g0117500",43.7018399922153,-5.00898157341016,0.514795904939177,-9.73003383545167,2.24518265517685e-22,3.07172228864257e-21,"","OsWRKY40",""
"Os11g0117600",13.1972248146632,-3.43072264103493,0.87212846679486,-3.93373542047436,8.36358435787679e-05,0.000257006734013535,"","OsWRKY50",""
"Os11g0117700",203.094854769069,-1.02300471680376,0.195708623138951,-5.22718263710557,1.72112469733426e-07,7.54365940666036e-07,"","Os11g0117700",""
"Os11g0118300",187.876562437679,-4.26604033407533,0.350102492856554,-12.1851184185176,3.73110981695588e-34,9.18943418834154e-33,"","Os11g0118300",""
"Os11g0118400",14.1899502346455,-3.31094157715045,0.753558523863205,-4.39374178952489,1.11416141888681e-05,3.87718784771889e-05,"","Os11g0118400",""
"Os11g0118500",10.9595166803074,-3.13218080154811,0.826446717583843,-3.78993676773888,0.000150685638356955,0.000445161596133215,"","Os11g0118500",""
"Os11g0118600",7.16872168537954,-2.42948631852833,0.87620976355278,-2.77272226307712,0.00555895428480608,0.0122083150429569,"","Os11g0118600",""
"Os11g0118950",29.891437026236,-2.19889299815059,0.456333570002397,-4.8186088920415,1.44562619788872e-06,5.65654877286209e-06,"","Os11g0118950",""
"Os11g0120100",279.670616667335,-1.22544539555889,0.190516366445277,-6.43223161570678,1.25743932386011e-10,7.61936271148987e-10,"","Os11g0120100",""
"Os11g0120200",9.81306500189149,-1.97356890388388,0.769521396271966,-2.56467060363112,0.0103273795022493,0.0213768990749567,"","Os11g0120200",""
"Os11g0120300",98.3960156041166,-3.4804999768623,0.298919493230281,-11.6436032299205,2.47340744044994e-31,5.42813252010879e-30,"","Os11g0120300",""
"Os11g0120725",3.52785549164848,-4.81783009521563,1.35721756399652,-3.54978466461105,0.000385546378242997,0.00106448435633238,"","Os11g0120725",""
"Os11g0124300",246.478557152869,-1.24105588894532,0.188809352566185,-6.57306363311785,4.92903801884363e-11,3.0965206641199e-10,"","OsSCR1",""
"Os11g0125900",33.8767353996615,-2.34945123101324,0.548922345930297,-4.28011584595168,1.86796055872566e-05,6.30895021313326e-05,"","Os11g0125900",""
"Os11g0127600",17.8343103693112,-4.6038069463109,0.776618213138451,-5.92801825713835,3.06612415288328e-09,1.6210602935199e-08,"","ONAC045",""
"Os11g0127800",5311.44632785756,-5.52647031659844,0.358875573332246,-15.3994050508477,1.65182115463999e-53,8.38671572715473e-52,"","Os11g0127800",""
"Os11g0128300",23.7330455543505,-1.56745516831739,0.46033490255393,-3.4050322050776,0.000661562513653419,0.00175837099343389,"","MIF1",""
"Os11g0130200",833.592465466401,-1.92549227836468,0.178361897508159,-10.7954238279877,3.61789398122524e-27,6.35748646615729e-26,"","Os11g0130200",""
"Os11g0130400",12.7640390103537,-2.61093169467209,0.695309256053492,-3.75506534961362,0.000173296256430528,0.000506817911423416,"","Os11g0130400",""
"Os11g0133100",6.6234565235422,-2.15085153466822,0.809247566187294,-2.65784121514482,0.00786429357978609,0.0166826714063664,"","Os11g0133100",""
"Os11g0134400",5.9558511403708,-3.83233929583129,1.19925065188724,-3.1956116011281,0.00139534807926675,0.00348197596535324,"","OsCML2",""
"Os11g0134700",16.3473105707271,-2.68978766340605,0.756810056626861,-3.55411194639057,0.000379257742290356,0.00104852366444188,"","OsMC7",""
"Os11g0135000",7.65517721016345,-3.30440980373502,0.778697087181153,-4.24351119084936,2.20049394018309e-05,7.35288447146547e-05,"","OsZIFL5",""
"Os11g0137200",203.284510554415,-2.01650676506182,0.180771400050326,-11.1550099435001,6.76852528477137e-29,1.30916277112241e-27,"","Os11g0137200",""
"Os11g0137250",60.5555088616891,-1.03686741313079,0.251893546724076,-4.11629208693691,3.85016324975003e-05,0.000124472200990418,"","Os11g0137250",""
"Os11g0137300",158.524751036888,-1.15343994757038,0.223318031547944,-5.1650103647038,2.40425599904512e-07,1.03654516945086e-06,"","Os11g0137300",""
"Os11g0138400",62.710029899136,-5.7910837844553,0.58563122259109,-9.88861857267957,4.66419519136405e-23,6.62262259349152e-22,"","Os11g0138400",""
"Os11g0138600",38.4642693787367,-2.50983588552491,0.473705548987964,-5.29830374773314,1.1688341262642e-07,5.22181809348143e-07,"","Os11g0138600",""
"Os11g0143300",279.646925249736,-2.34659649988976,0.386229326364991,-6.07565593730237,1.23481916694485e-09,6.78233529137496e-09,"","OSRR9",""
"Os11g0143600",6.89106916827992,-3.37075215460674,0.914986474405692,-3.68393659239186,0.000229659393096474,0.000657944633839486,"","Os11g0143600",""
"Os11g0145200",342.753704131719,-1.26443448550054,0.186570235560908,-6.77725727096355,1.2247867859294e-11,8.09456980394042e-11,"","OsUGT75E1",""
"Os11g0145400",4556.54997350437,-1.02815942222296,0.125062880591121,-8.22113977675287,2.01578160827487e-16,1.9396124624554e-15,"","Os11g0145400",""
"Os11g0147500",55.5818347351883,-2.55679709774172,0.546689233624423,-4.67687479555934,2.91279977730163e-06,1.09731549463589e-05,"","Os11g0147500",""
"Os11g0147800",4876.18254950581,-3.01135941657858,0.319319593182433,-9.43055008484286,4.07943872463399e-21,5.24254425727471e-20,"","Os11g0147800",""
"Os11g0147901",5.65773264123836,-3.04125683493986,0.966493886152079,-3.14669019485274,0.0016512982526603,0.00405734002441137,"","Os11g0147901",""
"Os11g0149400",61.3469511818434,-2.72482387622435,1.0638365544288,-2.56131815068845,0.0104275815620287,0.0215536988706419,"","OsPSK2",""
"Os11g0150400",28.992934689084,-2.79094232521119,1.20288759522383,-2.32020210058933,0.0203299470264623,0.039190468954692,"","Os11g0150400",""
"Os11g0150632",18.9127852446092,-1.78706449146995,0.544853601653821,-3.27989846455192,0.00103844452347475,0.00266075904427444,"","Os11g0150632",""
"Os11g0150700",3.95928129657188,-5.73440252440811,1.4053483370726,-4.08041364061604,4.49556294593123e-05,0.000143687516913491,"","Os11g0150700",""
"Os11g0151002",265.855124795993,-4.22952915982008,0.188775992076709,-22.405016195605,3.51665927197233e-111,7.32203922534944e-109,"","Os11g0151002",""
"Os11g0151700",3732.19677618563,-1.2393176733568,0.150745421108856,-8.22126247179252,2.01372008974956e-16,1.93838161086732e-15,"","OsPAP21b",""
"Os11g0153200",7.17573872573407,-6.59388044668735,1.20836082814979,-5.45688033994259,4.84572668954637e-08,2.25511965039238e-07,"","OsalphaCA10",""
"Os11g0153500",145.992288540342,-4.318848271314,0.422516063101883,-10.2217374639141,1.58474566793595e-24,2.44338789137828e-23,"","Os11g0153500",""
"Os11g0155600",1639.37330834214,-2.64501530189981,0.181417261436706,-14.5797333779213,3.77990058004188e-48,1.53532125691308e-46,"","OsABCC16",""
"Os11g0156401",86.3216015331513,-3.6651284280052,0.345281454628005,-10.6149009130939,2.5406384591453e-26,4.28227204777164e-25,"","OsOFP26",""
"Os11g0156600",10.9185423371462,-1.54379238132911,0.676776760045443,-2.28109544013516,0.0225427999119102,0.0429879899497729,"","Os11g0156600",""
"Os11g0156700",45.7265121920009,-2.63448738408856,0.46749923253657,-5.63527638279594,1.74777801737623e-08,8.53630907481387e-08,"","Os11g0156700",""
"Os11g0157200",1685.64641203947,-2.04271193852265,0.186205699247524,-10.9701902078049,5.31604461675419e-28,9.75671388661618e-27,"","Os11g0157200",""
"Os11g0158200",5.24414559903243,-4.63740579770598,1.33720487796315,-3.46798450568751,0.000524377522132445,0.00141669412996136,"","OsSTA249",""
"Os11g0158400",2569.40289015243,-1.08379951128296,0.253801910178475,-4.27025750326634,1.95247408474477e-05,6.58003949914596e-05,"","Os11g0158400",""
"Os11g0158832",1045.19230418095,-1.24454907637623,0.176094789911414,-7.06749516554299,1.57755240385864e-12,1.12740167033186e-11,"","Os11g0158832",""
"Os11g0161100",24.0706095601084,-1.11441509383262,0.483272984548834,-2.30597432395894,0.02111206706833,0.0405404701040078,"","Os11g0161100",""
"Os11g0163600",234.100532290023,-1.4807836487905,0.190360068619187,-7.77885645624973,7.31830415111428e-15,6.2634066304718e-14,"","OsTLP6",""
"Os11g0163800",418.371447561471,-1.05485894831349,0.189542767243086,-5.56528198704963,2.61728819405801e-08,1.25846205286581e-07,"","Os11g0163800",""
"Os11g0165700",15.5767941577678,-7.71810116321222,2.48762138296195,-3.10260283822712,0.00191826886732855,0.00465650511666499,"","Os11g0165700",""
"Os11g0166800",67.4708825920004,-1.76959265143694,0.263649948429212,-6.7119021337949,1.92103528137271e-11,1.2482950738676e-10,"","OsMed26_2",""
"Os11g0167600",11.7565575313296,-3.77595286990128,0.794577945227032,-4.75214910328576,2.0126586060333e-06,7.73741540445106e-06,"","OsEXO70C2",""
"Os11g0168600",52.9643074398633,-1.05774072734222,0.295086396263828,-3.58451199626472,0.000337709043351754,0.00094111815166833,"","OsRLCK311",""
"Os11g0170100",24.4517052660695,-1.390237292829,0.419400806354653,-3.31481788247538,0.000917028478212059,0.00237148675552241,"","Os11g0170100",""
"Os11g0171300",321702.378475208,-4.965196434585,0.285372885513934,-17.3989775715484,8.39886661819133e-68,6.73458634947983e-66,"","Aldo",""
"Os11g0171350",11.9140587858811,-5.86158577107286,1.1337289243048,-5.17018278833026,2.33865131293025e-07,1.01072324403406e-06,"","Os11g0171350",""
"Os11g0172400",3.51351328683294,-5.56950493230342,1.36724945116876,-4.07351045381108,4.63097718577197e-05,0.000147634742320988,"","Os11g0172400",""
"Os11g0173500",641.22443028327,-1.79184370604775,0.19308224775543,-9.28020948004191,1.69145685086042e-20,2.11023295034081e-19,"","25L1",""
"Os11g0175700",14.2790129312287,-1.36793167942078,0.55317856840486,-2.47285733314893,0.0134037639571303,0.0270531980747651,"","PCF3",""
"Os11g0177200",421.404792131506,-2.10403379962957,0.195329399045812,-10.771721051249,4.68166803703319e-27,8.15162958212026e-26,"","Os11g0177200",""
"Os11g0178800",208.577536174753,-2.04415705406603,0.230269828119038,-8.87722490941935,6.85491046541381e-19,7.75898202839461e-18,"","Os11g0178800",""
"Os11g0180200",401.954390609535,-1.13199565643844,0.141721934264461,-7.98744148048445,1.37768016943858e-15,1.24579494737882e-14,"","OsPTP2",""
"Os11g0180900",43.4477849102459,-2.99266757378691,0.345995727928939,-8.64943504274003,5.17550054256338e-18,5.55844720169454e-17,"","Os11g0180900",""
"Os11g0181500",3844.49015441816,-1.0541037619518,0.150849398141105,-6.98778897987903,2.79251973533647e-12,1.95563203737795e-11,"","OsISC12",""
"Os11g0182500",3.51181228992157,-4.79550305795123,1.63448670224454,-2.93395048816602,0.00334677591020213,0.00771879984427795,"","OsPIANK1",""
"Os11g0182900",1141.53585789712,-2.44964474776691,0.339780763210003,-7.20948627174898,5.61633593693829e-13,4.15639054687933e-12,"","Os11g0182900",""
"Os11g0187100",2.52128014135213,-5.08371670242255,1.54692297002292,-3.28634120828088,0.00101497981786323,0.00260602641939867,"","OsWD40-185",""
"Os11g0191400",6132.27626414216,-2.02935271370049,0.200661849808777,-10.113296152878,4.82336264440869e-24,7.2123389402845e-23,"","Os11g0191400",""
"Os11g0208850",5.46512119077081,-3.65174820656636,0.996414512939015,-3.66488861728358,0.000247446248322415,0.00070600825595169,"","Os11g0208850",""
"Os11g0208900",3297.73618461849,-4.35961510484949,0.151210547371079,-28.8314220181398,8.66392304142117e-183,8.5866408478917e-180,"","Os11g0208900",""
"Os11g0209000",8405.30987902636,-3.46029531682807,0.186382831472281,-18.5655260706922,6.1085824361027e-77,5.9823062062971e-75,"","Os11g0209000",""
"Os11g0209050",3.8223461149028,-4.92513406837565,1.31986099757497,-3.73155512392954,0.000190301356074731,0.000552960795058473,"","Os11g0209050",""
"Os11g0210600",1283.8766447285,-6.2213204115525,0.633223361068708,-9.82484348185231,8.80106403888818e-23,1.22991519284564e-21,"","Adh3",""
"Os11g0212300",60.3028998356328,-1.39819071561545,0.416582112535742,-3.35633881902571,0.000789817434560537,0.00206667088141371,"","OsWD40-186",""
"Os11g0213600",76.640997557589,-2.37503251203541,0.284096485083214,-8.35995035749824,6.27446533136903e-17,6.28893315191466e-16,"","OsSCP48",""
"Os11g0214400",103.728624293983,-7.68098097875202,0.70413152990312,-10.9084462952665,1.05036147593462e-27,1.89685177035219e-26,"","Os11g0214400",""
"Os11g0214900",21.2506417455884,-1.89658028987843,0.530784288628701,-3.57316584252768,0.000352691231916175,0.000980436514438133,"","Os11g0214900",""
"Os11g0216100",6260.21563837229,-4.65844076679986,0.212415529720742,-21.9307918442885,1.32108437821821e-106,2.53740369295446e-104,"","Os11g0216100",""
"Os11g0216300",8953.45601432909,-3.51467837968016,0.143616842549721,-24.4726058398294,2.89216533512522e-132,9.68367304167534e-130,"","Os11g0216300",""
"Os11g0218000",1904.05433519041,-1.41378908200697,0.123477743798712,-11.4497482583717,2.35829386282207e-30,4.88149098071366e-29,"","OsbZIP82",""
"Os11g0220300",886.739082748345,-1.41105165687685,0.226915404062272,-6.21840400261946,5.02237063008204e-10,2.87587883294529e-09,"","Os11g0220300",""
"Os11g0222000",19.0068142079097,-1.9573671557658,0.482987068106668,-4.05262849673961,5.06453908365554e-05,0.000160547703269874,"","OsCRR4",""
"Os11g0226966",11.5427817304663,-7.28117989121119,1.16752670834659,-6.23641398450107,4.4771530809946e-10,2.57200143491313e-09,"","Os11g0226966",""
"Os11g0227800",974.076285995045,-1.54634021464506,0.180908910202913,-8.54761776471178,1.25655054592855e-17,1.3125443877096e-16,"","Os11g0227800",""
"Os11g0229700",457.923015535407,-1.0902380885806,0.192695295037879,-5.65783450170016,1.53294845744818e-08,7.53010783707245e-08,"","Os11g0229700",""
"Os11g0235200",134.944010731466,-1.38047959443934,0.197453329546434,-6.99142221410199,2.72113485368868e-12,1.90887764070907e-11,"","SP1",""
"Os11g0236932",7.93717218655531,-6.00479070267007,1.19884265814359,-5.00882301933476,5.4763902001837e-07,2.26072175924611e-06,"","Os11g0236932",""
"Os11g0237300",15.7263666903537,-4.21880762467483,0.757934250531423,-5.56619208291066,2.60366231697733e-08,1.25215336233982e-07,"","Os11g0237300",""
"Os11g0242400",6968.50156951506,-2.18553843404528,0.135681730036912,-16.1078314187969,2.24769282391419e-58,1.34195385778607e-56,"","Os11g0242400",""
"Os11g0242800",124244.95750253,-3.76282911418326,0.317372589120529,-11.8561880993265,1.99868991636092e-32,4.56419724033866e-31,"","ASCAB9-A",""
"Os11g0243300",29.4493330130763,-4.01847212485297,0.503582364846191,-7.97977134501191,1.46604618241528e-15,1.32184229482181e-14,"","OsZHD4",""
"Os11g0244600",4.39990015553877,-4.3832064162459,1.39209798968685,-3.14863353637333,0.00164035758698903,0.00403285770319778,"","Os11g0244600",""
"Os11g0246900",2429.78532166005,-1.18081681206482,0.15281015148479,-7.72734534055058,1.09812451593961e-14,9.29242866510786e-14,"","Os11g0246900",""
"Os11g0249000",29.9500954126419,-3.44515697003964,0.545517053417873,-6.31539738025496,2.69468149633991e-10,1.57914199230875e-09,"","Os11g0249000",""
"Os11g0252400",101.154944000376,-1.50328308308634,0.269479815505369,-5.57846264020613,2.42653576239282e-08,1.16946657430085e-07,"","Os11g0252400",""
"Os11g0257800",158.758110330215,-2.28022017767344,0.353465978562831,-6.4510315446614,1.11091371390594e-10,6.75628598170041e-10,"","Os11g0257800",""
"Os11g0262600",46.0855245449409,-2.68509873985194,0.642189027974194,-4.18116570493609,2.90018405282992e-05,9.53907610207977e-05,"","Os11g0262600",""
"Os11g0264500",221.121585699992,-4.84119422656216,0.244961812668897,-19.76305683656,6.19377946322598e-87,7.59719177031436e-85,"","Os11g0264500",""
"Os11g0265500",54.2942948352128,-1.09670059181973,0.261668750645611,-4.19117907321323,2.77508516367108e-05,9.16044299230993e-05,"","Os11g0265500",""
"Os11g0266500",285.133448864864,-1.17288026012929,0.17129084505864,-6.84730266657137,7.5255392278593e-12,5.06961080610848e-11,"","Os11g0266500",""
"Os11g0267000",1881.19631562969,-3.11619503562965,0.270518422792602,-11.5193449801337,1.05409245462156e-30,2.22843419352888e-29,"","GUN4",""
"Os11g0267300",1091.7177234404,-1.12054055457993,0.195628501867752,-5.72790030022024,1.01681292238567e-08,5.0875552863388e-08,"","Os11g0267300",""
"Os11g0274700",8.42727195418554,-2.71835173425603,0.793820295663624,-3.42439182911482,0.000616177090604636,0.00164728310033568,"","OsRLCK322",""
"Os11g0275000",15.0250267425069,-1.94603170023193,0.622185352571766,-3.12773628017459,0.00176158164166962,0.00430653264288587,"","Os11g0275000",""
"Os11g0283500",563.198745169445,-1.57763450768262,0.243441203976072,-6.48055662687935,9.1384847862605e-11,5.60594794625344e-10,"","Os11g0283500",""
"Os11g0284032",162.952573145686,-5.82260008127426,0.397550519261689,-14.6461890984011,1.42486452373959e-48,5.87418773788616e-47,"","Os11g0284032",""
"Os11g0284300",455.545008028715,-6.21462462795953,0.264970277422457,-23.4540443117369,1.20208190848528e-121,3.16850887729146e-119,"","Os11g0284300",""
"Os11g0285000",7.88822089609583,-3.5971751432917,0.86187779903267,-4.17364868584502,2.99759874738186e-05,9.83989191360365e-05,"","OsOSC8",""
"Os11g0297800",43.3195344537234,-3.09967505513585,0.385719458757779,-8.03608681065363,9.27530421971418e-16,8.52426604791759e-15,"","Os11g0297800",""
"Os11g0298000",376.3876962273,-9.02980791221336,0.978903412938041,-9.22441151278824,2.8512221652528e-20,3.50768279982465e-19,"","OsATL8",""
"Os11g0305300",86.2526148932655,-2.34080734675231,0.302522746620781,-7.73762427090007,1.0129166014908e-14,8.59781933372308e-14,"","Os11g0305300",""
"Os11g0307950",424.963392914404,-1.29041804247448,0.178779044614672,-7.21794909048632,5.27774657025154e-13,3.91517146021325e-12,"","Os11g0307950",""
"Os11g0309000",2.26408491252197,-3.35218171008621,1.49449438815549,-2.24302060727273,0.0248954856659747,0.0469183424618433,"","Os11g0309000",""
"Os11g0323860",21.694708033319,-3.99129197852461,1.39328014753387,-2.86467297017709,0.00417440103492754,0.00943008155018232,"","Os11g0323860",""
"Os11g0416900",1948.83072268919,-2.37592847040195,0.340856189688497,-6.97047183615258,3.15879756996761e-12,2.20094284001933e-11,"","OsABCG28",""
"Os11g0424400",42.9681515215709,-9.18309664333064,1.05717279852362,-8.68646701481081,3.73885444075984e-18,4.06840564245527e-17,"","Os11g0424400",""
"Os11g0427500",2564.94936112392,-1.15937066263185,0.19723810320484,-5.87802581648129,4.15188179001378e-09,2.15979792381212e-08,"","Os11g0427500",""
"Os11g0432301",6.66299192567927,-3.95892972941318,0.948602746564358,-4.17343270800301,3.00044309493416e-05,9.8479240380426e-05,"","Os11g0432301",""
"Os11g0432400",2858.50423768794,-2.97221099084293,0.183468008868866,-16.2001594128997,5.02965232827258e-59,3.0321093853433e-57,"","Os11g0432400",""
"Os11g0438700",2300.40954184941,-1.55354939641931,0.229741420678923,-6.76216501068169,1.35944740359972e-11,8.94873228453511e-11,"","Os11g0438700",""
"Os11g0442380",79.4094791232439,-2.98169814271387,0.323633993974265,-9.21317969752883,3.1660437640447e-20,3.88534256274075e-19,"","Os11g0442380",""
"Os11g0443700",63.965958299893,-2.92808926195739,0.454326660154059,-6.44489861317956,1.15677719550773e-10,7.0248697483076e-10,"","Os11g0443700",""
"Os11g0444000",380.168122020793,-1.22783492218283,0.170062520917877,-7.21990310125857,5.20246313964684e-13,3.86279380314743e-12,"","Os11g0444000",""
"Os11g0446000",112.721294464201,-1.10174992137965,0.23948862933628,-4.60042685297023,4.21626059347068e-06,1.55757102615809e-05,"","RSS3",""
"Os11g0454800",6.84436416395422,-1.58043029514779,0.683316068532186,-2.31288325846438,0.0207290585216197,0.0398853679420806,"","Os11g0454800",""
"Os11g0455800",5338.29340058987,-1.44718431103632,0.189688062196129,-7.62928512359413,2.36059031332707e-14,1.94896188581489e-13,"","OsSHM2",""
"Os11g0456000",21.6597824699286,-2.60316129850395,0.547567824361582,-4.75404357722993,1.99388031965741e-06,7.67117588201112e-06,"","OsRALF-33",""
"Os11g0457000",11.5577484256432,-7.28862190831002,1.13950961134968,-6.39627944838225,1.59208517242628e-10,9.55829762956288e-10,"","Os11g0457000",""
"Os11g0472000",1841.65770014766,-1.72725247671598,0.128051560470866,-13.4887264970814,1.82220871564721e-41,5.9958652520041e-40,"","OsC3H63",""
"Os11g0474800",3.37525143439395,-5.52186802336047,1.38834137175173,-3.97731288263298,6.96984298894734e-05,0.000216161972383463,"","OsKS8",""
"Os11g0475600",4.71112044181883,-5.98633930906486,1.34123690295877,-4.46329749491608,8.07078737618391e-06,2.86613012497791e-05,"","HWH2",""
"Os11g0481150",103.479368419991,-1.24716958542419,0.202073113399111,-6.17187296442019,6.74857155927887e-10,3.80626809752453e-09,"","Os11g0481150",""
"Os11g0482200",3.09745129351703,-5.38405430959562,1.43933554452587,-3.74065264355656,0.000183543036291704,0.000534388461833085,"","Os11g0482200",""
"Os11g0482400",923.915919082876,-1.61632738505538,0.178893939506191,-9.03511538466311,1.6382950192254e-19,1.91924518635214e-18,"","Os11g0482400",""
"Os11g0485500",2530.05533822649,-1.06054433506394,0.161823002372735,-6.5537304308638,5.61172300612534e-11,3.50849510276981e-10,"","Os11g0485500",""
"Os11g0489250",244.391732485318,-2.55743633862867,0.275847342205465,-9.27120166604238,1.84060401207883e-20,2.29169073403403e-19,"","Os11g0489250",""
"Os11g0490300",52.9432759047999,-1.12278106060561,0.297319395951078,-3.77634650108853,0.000159145559943704,0.000468470809726306,"","Os11g0490300",""
"Os11g0492100",101.77259249414,-1.12975944471468,0.247476292952029,-4.56512190011539,4.99204176583615e-06,1.8273740846441e-05,"","Os11g0492100",""
"Os11g0492300",72.0864026294664,-3.74809597116548,0.324218181948225,-11.5604126475671,6.53937851308341e-31,1.39918982226829e-29,"","Os11g0492300",""
"Os11g0496400",3.29508646118381,-5.48227305299468,1.40004725582473,-3.91577714979714,9.01134579313226e-05,0.000275579011005231,"","OsSTA259",""
"Os11g0499600",21.1032630354782,-1.30082402483459,0.44291752845911,-2.93694410641208,0.00331463839246597,0.00765322853882483,"","OsHSD1",""
"Os11g0508600",100.00739636884,-1.62885209876676,0.494334978610376,-3.29503710893699,0.000984086835496231,0.00253274327652333,"","11N3",""
"Os11g0512800",59.782138239899,-9.66223810482635,1.07488132306515,-8.9891208429163,2.49215897163442e-19,2.89083440263043e-18,"","Os11g0512800",""
"Os11g0514400",57.5704948960698,-8.87974275456101,1.16071097594213,-7.65026172631258,2.00570661408426e-14,1.66539520030716e-13,"","OsBDG1",""
"Os11g0514500",13.7311708182357,-5.03853696646908,0.935530997368929,-5.38575095922997,7.21427964350516e-08,3.29429057735215e-07,"","Os11g0514500",""
"Os11g0526200",3585.45357357938,-1.54928998280166,0.119063508092209,-13.0122991303247,1.04160379796633e-38,3.08705948591051e-37,"","Os11g0526200",""
"Os11g0526900",172.479621681518,-1.04625700762112,0.230581465080345,-4.5374722866669,5.69325092641105e-06,2.07047817706864e-05,"","Os11g0526900",""
"Os11g0528500",3477.94917388026,-1.66543722137786,0.276620289132753,-6.02066184877207,1.7370531497808e-09,9.42596712486178e-09,"","Os11g0528500",""
"Os11g0531700",69.4477343611858,-4.41069132975633,0.419637285222853,-10.5107231532441,7.71000561016218e-26,1.2760909085036e-24,"","Os11g0531700",""
"Os11g0534300",3.1857549806389,-5.43647238227144,1.71671954746165,-3.16677956531097,0.00154137109274624,0.0038072526732104,"","OsSTA261",""
"Os11g0536000",57.7548315805791,-3.13552083797114,0.38001350359098,-8.25107741788563,1.569728152239e-16,1.52283298465253e-15,"","Os11g0536000",""
"Os11g0536400",60.4313636806468,-3.81946305668118,0.35392714828976,-10.7916645420887,3.76900354333967e-27,6.61832748358093e-26,"","Os11g0536400",""
"Os11g0537375",2810.62429231199,-1.55051051038286,0.165994335175569,-9.34074351840328,9.56599708703483e-21,1.21050413598295e-19,"","Os11g0537375",""
"Os11g0539200",31.3392052010565,-4.93366619000126,0.830273274010027,-5.94221968168721,2.81188235756172e-09,1.49346214733776e-08,"","OsXTH2",""
"Os11g0539500",4.88181368082127,-6.04985783759806,1.41208269094454,-4.28435096357658,1.83273412689484e-05,6.19927009721139e-05,"","Os11g0539500",""
"Os11g0543500",509.356540558783,-2.07606879377285,0.324519624821787,-6.39735977419837,1.58086544477739e-10,9.4955401515756e-10,"","Os11g0543500",""
"Os11g0549900",1728.38019505603,-2.4861661306436,0.188777562590242,-13.1698179409173,1.30912970650586e-39,4.06470009249319e-38,"","Os11g0549900",""
"Os11g0550500",202.398798762428,-2.7652521457082,0.252298855828951,-10.9602246772888,5.93518352674268e-28,1.08688870836736e-26,"","Os11g0550500",""
"Os11g0552000",45.3388678015639,-2.10929684189278,0.382176601349815,-5.51916793033096,3.40608581641433e-08,1.61455114354884e-07,"","OsNAAT5",""
"Os11g0555600",39.1515264901303,-1.04749926472184,0.353770034067152,-2.96096097422148,0.00306680796511693,0.00712750219976571,"","OsWAK117",""
"Os11g0557000",62.1790223863691,-2.61559384371647,0.330634891520994,-7.9108222114253,2.556944721681e-15,2.26666974486905e-14,"","Os11g0557000",""
"Os11g0557500",13.1688895682624,-1.61988175330081,0.632320086233009,-2.5618065732359,0.0104129293877021,0.021525226613572,"","OsLysM-RLK7",""
"Os11g0558200",497.018198587632,-1.44032542158751,0.167570316753814,-8.5953494001182,8.30118267869213e-18,8.79343322915583e-17,"","R2R3-MYB",""
"Os11g0565920",35.3423728882738,-1.77647980671967,0.514438332725488,-3.45324151353165,0.000553892857951358,0.00149042173560608,"","Os11g0565920",""
"Os11g0568800",42.7071032387639,-2.85139843266732,0.350273139519883,-8.14049982986339,3.93649389801314e-16,3.72411261210659e-15,"","Os11g0568800",""
"Os11g0570400",9.07888646111218,-6.93665882635153,1.16176150605702,-5.9708113844246,2.36076544725849e-09,1.26361385799792e-08,"","Os11g0570400",""
"Os11g0575900",144.612359043655,-1.26825236282358,0.203217731132676,-6.24085484940074,4.35185942906213e-10,2.50176383002024e-09,"","OsSTA263",""
"Os11g0579400",4.49233446813993,-2.41097954860505,0.945134065308813,-2.55093921285895,0.0107433061855687,0.0221306033721181,"","Os11g0579400",""
"Os11g0582000",12.7400881280279,-2.06219443355132,0.730248288186589,-2.82396339287878,0.00474338021921796,0.0105925913591641,"","Os11g0582000",""
"Os11g0590700",10.9830889321671,-4.72097990436786,0.90633273685642,-5.20888158662612,1.89982304675016e-07,8.2931493356816e-07,"","Os11g0590700",""
"Os11g0590900",10.0167759086909,-1.99747444746096,0.634350851815972,-3.14884805741608,0.00163915396877772,0.0040306984799926,"","Os11g0590900",""
"Os11g0595200",7183.34601279419,-1.95206910664977,0.192133086211893,-10.1599841294223,2.99125136730558e-24,4.5440978005966e-23,"","Os11g0595200",""
"Os11g0597400",3.75095237863952,-4.12680848029657,1.37194046782093,-3.00800842098581,0.00262965851202002,0.00619462340295873,"","Os11g0597400",""
"Os11g0597700",68.9367520178416,-2.69163142485573,0.311991165064081,-8.62726809684783,6.28347683992172e-18,6.71638074472564e-17,"","Os11g0597700",""
"Os11g0598200",44.4361776137977,-1.09213079431252,0.305749351232693,-3.57198074144513,0.000354291470485713,0.000984553585040884,"","Os11g0598200",""
"Os11g0598300",64.6843780248545,-1.94767906961946,0.326564542360968,-5.96414741030455,2.45914661175278e-09,1.31456905284571e-08,"","Os11g0598300",""
"Os11g0598500",18.1733501513793,-5.13430439635447,0.807008519182738,-6.36214398523824,1.98956798166471e-10,1.18214690363805e-09,"","Os11g0598500",""
"Os11g0599200",4243.86017377862,-1.20060937689311,0.137333358930553,-8.74229965860105,2.28412683752619e-18,2.51081679917419e-17,"","Os11g0599200",""
"Os11g0600600",12.8813473019885,-2.44108796164369,0.612345845826805,-3.9864530449254,6.70683931662744e-05,0.000208763012246329,"","Os11g0600600",""
"Os11g0600900",37.7601593370381,-1.05368116593458,0.369006281045869,-2.85545590971553,0.00429750893484172,0.00967290869173085,"","Os11g0600900",""
"Os11g0603200",20435.7922433044,-3.20221551046104,0.157612716205393,-20.3169870271639,9.09923949628996e-92,1.2186586864842e-89,"","OsABCF6",""
"Os11g0605600",11.7419849777145,-1.29736778427663,0.564867621710892,-2.29676429381298,0.0216322194895698,0.0414429368509294,"","Os11g0605600",""
"Os11g0605900",4.06788737208633,-2.2843641728552,0.95948062005884,-2.38083409409052,0.0172734895420081,0.0339105657540871,"","Os11g0605900",""
"Os11g0607200",2581.15222236613,-1.71750026163596,0.140841171949562,-12.1945893935833,3.32174116108274e-34,8.21385037406656e-33,"","OsSERL1",""
"Os11g0610600",358.824520807691,-1.3919769666674,0.195123531876153,-7.13382416402193,9.76180222981437e-13,7.0825233923312e-12,"","Os11g0610600",""
"Os11g0614900",1081.54873848086,-1.02924258887132,0.182454405961167,-5.64109473514377,1.68972354540438e-08,8.26906582747074e-08,"","Os11g0614900",""
"Os11g0615300",57.8852083278672,-1.29470301959486,0.294606273856995,-4.3946892326649,1.10931334512385e-05,3.86140162294656e-05,"","Os11g0615300",""
"Os11g0620500",15.8531749851682,-6.2812292140468,1.08997448373535,-5.7627305113795,8.27638904431423e-09,4.18242079035231e-08,"","Os11g0620500",""
"Os11g0621400",2663.66252847631,-2.59203758275151,0.149070207927501,-17.3880322486176,1.01665150531573e-67,8.07358152154098e-66,"","Os11g0621400",""
"Os11g0629400",206.449507452107,-3.37794897169454,0.259502538790486,-13.017017049,9.79220131276386e-39,2.91262151172089e-37,"","Os11g0629400",""
"Os11g0629600",589.621657660968,-1.32425807845528,0.183375383819411,-7.22156949789626,5.1390945686799e-13,3.81803136816137e-12,"","Os11g0629600",""
"Os11g0631800",14.6306046632298,-3.59945785740802,0.775649303746299,-4.64057382637108,3.47443017600473e-06,1.29510992133097e-05,"","Os11g0631800",""
"Os11g0635500",352.983934310147,-4.71492025117081,0.381777631456097,-12.3499122596265,4.87645819928402e-35,1.24947264533258e-33,"","Os11g0635500",""
"Os11g0637100",4.93679046867602,-6.06590194382586,1.27816897521272,-4.74577466787312,2.07709842338641e-06,7.97030627787597e-06,"","Os11g0637100",""
"Os11g0638200",18.2208235138604,-1.44631968062911,0.476679591252016,-3.03415482259332,0.00241210607886104,0.00572020983115811,"","Os11g0638200",""
"Os11g0640300",60.6946268904986,-1.11321057149025,0.261706309656675,-4.25366347854066,2.1030127700009e-05,7.05379009101291e-05,"","Os11g0640300",""
"Os11g0641300",27.4941747748755,-3.52839508652555,0.46623733426862,-7.56780898308045,3.79571559365279e-14,3.08551329606087e-13,"","Os11g0641300",""
"Os11g0642800",1560.90924002728,-1.25135396257014,0.182695356112358,-6.84940213696817,7.41592600600028e-12,4.99984758233112e-11,"","Os11g0642800",""
"Os11g0643400",11.4459611552272,-2.69903530969133,0.670539052994012,-4.02517243050932,5.69335822075549e-05,0.000178788766331633,"","OsSCP64",""
"Os11g0644000",7.19300456377827,-6.60731735575154,1.2665763945911,-5.21667495460044,1.82163513955223e-07,7.96765221627966e-07,"","OsRLCK342",""
"Os11g0644600",2488.050892705,-4.27415183926221,0.219403727935693,-19.4807621523868,1.59881720550373e-84,1.8339765694799e-82,"","Os11g0644600",""
"Os11g0644800",1265.10878544394,-1.53113688478395,0.162286640145051,-9.43476852694362,3.9185849164116e-21,5.03844205884432e-20,"","Os11g0644800",""
"Os11g0646801",17.4890388044218,-1.35000738820995,0.49410670591993,-2.73221830838443,0.00629094413502067,0.0136508217184732,"","Os11g0646801",""
"Os11g0647866",8.9585901431553,-2.82017245307026,0.93111767704586,-3.02880347199268,0.00245524345279659,0.0058130498834153,"","Os11g0647866",""
"Os11g0649700",178.694488214027,-9.7883648257104,1.21898697182078,-8.02991750690302,9.75382279321282e-16,8.94082380123692e-15,"","Os11g0649700",""
"Os11g0657400",59.3385084298255,-6.60413531724684,0.659047150730378,-10.0207326743283,1.23583369131602e-23,1.79485646950393e-22,"","Os11g0657400",""
"Os11g0658700",2.7500682467562,-3.67014825478708,1.49404591473717,-2.4565163751562,0.0140291408260444,0.0281639946724115,"","MADS68",""
"Os11g0660000",190.900973604959,-1.23566998639314,0.256765030402481,-4.81245434573478,1.49087937522571e-06,5.82366676335605e-06,"","OsMHX",""
"Os11g0661300",259.253510458382,-2.74201858320973,0.213054665187996,-12.8700236664155,6.63818095060683e-38,1.8992402934548e-36,"","ER-ANT1",""
"Os11g0665600",46.8365922802075,-1.70916985800787,0.446058430049859,-3.83171742279777,0.000127251847223766,0.000380190403793954,"","Os11g0665600",""
"Os11g0667700",22.9443392263479,-2.15643141480222,0.432391774238377,-4.98721655517291,6.12553924129517e-07,2.51195772561355e-06,"","OsRLCK348",""
"Os11g0669100",195.981879186025,-1.88749847366462,0.182846600675652,-10.3228524166704,5.55479308053784e-25,8.78870422455212e-24,"","Os11g0669100",""
"Os11g0670800",67.2479281581334,-1.49410407051512,0.274715010460232,-5.4387420185451,5.36580847077784e-08,2.4831646709089e-07,"","Os11g0670800",""
"Os11g0672200",3.58291334939925,-2.99078833232817,1.10927187853628,-2.69617249855338,0.00701413331305636,0.0150349667875766,"","OsRLCK351",""
"Os11g0672300",208.270460287203,-1.16384732907321,0.258103129750742,-4.50923369351303,6.5062208787794e-06,2.34513579740351e-05,"","Os11g0672300",""
"Os11g0676100",7.6990842766729,-3.82801394294047,0.95636062763538,-4.00268876857186,6.26266637691285e-05,0.000195699438543031,"","Os11g0676100",""
"Os11g0676500",173.572191311082,-3.59190152320867,0.452788834981757,-7.93284031253418,2.14189771919341e-15,1.9103599635873e-14,"","Os11g0676500",""
"Os11g0676800",3.01693031669149,-5.35232799243371,1.43244243337068,-3.73650477516163,0.000186595907136646,0.000542894174627136,"","Os11g0676800",""
"Os11g0677400",84.4596258636604,-10.1563373138606,1.05611924294568,-9.61665776066445,6.80049464283413e-22,9.09313846548846e-21,"","Os11g0677400",""
"Os11g0678000",62.8374297678448,-2.33552239736116,0.369006263398423,-6.32922155806187,2.4640109603215e-10,1.45048228947222e-09,"","Os11g0678000",""
"Os11g0678301",3.50838185010397,-2.98157879919486,1.25911281086355,-2.3679997324068,0.0178845488361038,0.0349909559785332,"","Os11g0678301",""
"Os11g0683500",4565.77817180225,-1.32926447839862,0.164812116872172,-8.06533223178968,7.30369711186947e-16,6.75237699032798e-15,"","Os11bglu36",""
"Os11g0683600",169.856619721112,-1.76070129916036,0.276397124171525,-6.37018675370774,1.88798167815573e-10,1.12502458007851e-09,"","Os11g0683600",""
"Os11g0683700",19.3724837667033,-6.57451429849754,1.11688412620059,-5.88647841281681,3.94511259067052e-09,2.05742064110805e-08,"","OsPME33",""
"Os11g0684100",192.349782122647,-1.31359464571058,0.191714102545951,-6.85184150913329,7.29053057815917e-12,4.9260288010649e-11,"","OsWRKY125",""
"Os11g0686250",14.3904600864899,-1.73779557428686,0.501128763168338,-3.46776258321278,0.000524810730398691,0.00141770992881469,"","OsWRKY63",""
"Os11g0686400",26.3513356871099,-1.12357535084426,0.382479697533078,-2.93760782099314,0.00330755136529925,0.00763828876670888,"","OsWRKY41",""
"Os11g0686500",28.7949289190591,-2.62991283967641,0.463096260958174,-5.67897662191218,1.35502995905517e-08,6.69062919400357e-08,"","Os11g0686500",""
"Os11g0687100",31.2917273130008,-6.23108942431481,1.42390531008516,-4.37605603419103,1.20845960442603e-05,4.18827858705604e-05,"","Os11g0687100",""
"Os11g0687200",31.6848027725314,-5.67856974337445,0.899683938956466,-6.31173848669673,2.75918193497528e-10,1.61464928679458e-09,"","Os11g0687200",""
"Os11g0691280",352.79201235877,-3.08299732671081,0.285103499825719,-10.8136074393875,2.96765380543284e-27,5.23714802971578e-26,"","OsRLCK353",""
"Os11g0691400",260.178281311453,-1.9133793082103,0.282102117737665,-6.78257690355096,1.18050984263585e-11,7.81445160859961e-11,"","Os11g0691400",""
"Os11g0691500",69.3728216452132,-3.64836509066232,0.362938252631235,-10.0523024625053,8.97456281767125e-24,1.31731482780474e-22,"","Os11g0691500",""
"Os11g0700500",703.75631830599,-2.17318505194925,0.304174658918863,-7.14453025006574,9.03041704152039e-13,6.57691484531895e-12,"","MYBAS1",""
"Os11g0703100",148.410330048203,-2.56460259592996,0.282529179835797,-9.07730166993895,1.11299795392338e-19,1.31568465192555e-18,"","Os11g0703100",""
"Os11g0703600",36.0769499340808,-1.82416362162715,0.336272487885866,-5.42465913014653,5.80652409607564e-08,2.67661855866914e-07,"","Os11g0703600",""
"Os11g0704550",122.354094519999,-1.02319335115406,0.263077397608388,-3.88932443629067,0.000100523658632458,0.000304968126599291,"","Os11g0704550",""
"Os11g0707000",939184.160386682,-5.85985237522412,0.20804498949574,-28.166274945757,1.51453851575616e-174,1.13714305469365e-171,"","OsRcaII",""
"Os11g0707050",22.0806374158342,-6.76658980530601,1.09608426927896,-6.17342114558154,6.68278876970989e-10,3.77002407438757e-09,"","Os11g0707050",""
"Os11g0707100",80.7344635650202,-5.71891128177122,0.513664048229765,-11.1335634671732,8.61223217595951e-29,1.64649133197337e-27,"","Os11g0707100",""
"Os11g0707300",11.7399204126413,-1.96610318046673,0.583926817175733,-3.36703696873546,0.000759805020363687,0.00199593818803553,"","Os11g0707300",""
"Os12g0101800",1009.65222040743,-1.45443631573697,0.307376047533275,-4.73178156661515,2.22557833408197e-06,8.50712039240187e-06,"","PHOT1A",""
"Os12g0102600",1585.85580158815,-1.42688470547769,0.21649421755179,-6.59086751421593,4.37263959163353e-11,2.75746732404947e-10,"","Os12g0102600",""
"Os12g0103000",1319.19822415594,-1.11211545515614,0.139378052894785,-7.97912893786559,1.47369568671309e-15,1.32782354223482e-14,"","Os12g0103000",""
"Os12g0104300",1022.78835928276,-1.29673066005474,0.264357868629597,-4.90520924070411,9.33277959042337e-07,3.74171973967508e-06,"","D53-like",""
"Os12g0104400",35.2675299982493,-2.36483023345235,0.428137789529868,-5.52352604998764,3.32263001849962e-08,1.5783129595162e-07,"","Os12g0104400",""
"Os12g0105300",9594.35949774714,-4.08533134941211,0.114933150639648,-35.5452828594329,9.82681877935757e-277,4.05798481493571e-273,"","Os12g0105300",""
"Os12g0105500",41.0327831903202,-2.08606777749642,0.403541057262941,-5.16940653237464,2.3483854944151e-07,1.01422254479908e-06,"","Os12g0105500",""
"Os12g0105800",117.502498553377,-2.8450166336523,0.338162052363518,-8.41317532161757,3.99057815517949e-17,4.0406438476045e-16,"","Os12g0105800",""
"Os12g0106100",116.641351261622,-1.3715804307041,0.419480844257749,-3.26970933114012,0.00107658047729353,0.00274795863664384,"","Os12g0106100",""
"Os12g0106550",233.657059701421,-1.0193636548201,0.172126385478623,-5.92218126224871,3.17699161040753e-09,1.67624193209258e-08,"","Os12g0106550",""
"Os12g0106600",1255.89169662362,-1.02602301899748,0.128878685475294,-7.9611536633354,1.70442555682497e-15,1.53009246454538e-14,"","Os12g0106600",""
"Os12g0114100",3852.26700777133,-1.93069662932823,0.21363681412971,-9.03728431447214,1.60612222380616e-19,1.88333603119949e-18,"","OsWNK8",""
"Os12g0115500",11250.4242499382,-1.35800362150955,0.233775907026149,-5.80899733759838,6.28480887077215e-09,3.20871026975318e-08,"","OsLTP1.20",""
"Os12g0116600",258.052683132655,-1.1142697037456,0.172746586707597,-6.45031386716596,1.11618743544589e-10,6.78336426000561e-10,"","OsWRKY95",""
"Os12g0116700",28.4219349657761,-7.13681098535779,1.0757000666608,-6.63457334116558,3.25442504770752e-11,2.07661317041075e-10,"","OsWRKY64",""
"Os12g0116800",6.09599013091976,-5.62257897139485,1.25500003367887,-4.48014248646112,7.45932261677197e-06,2.66349094214958e-05,"","Os12g0116800",""
"Os12g0117400",94.764123828131,-4.4546273800161,0.473737668182331,-9.40315216458914,5.29524266744593e-21,6.75593344857404e-20,"","Os12g0117400",""
"Os12g0117500",3.47935009118955,-5.56656461439002,1.4652415553925,-3.79907640068185,0.000145236319201041,0.000430239153615995,"","Os12g0117500",""
"Os12g0117600",13.0011936901136,-1.71243609324704,0.687134912935973,-2.49213955077641,0.0126976137645809,0.0257854910454078,"","Os12g0117600",""
"Os12g0117850",5.31528126562602,-5.40767572013175,1.27139590281167,-4.25333738151333,2.10607897586344e-05,7.06311840619496e-05,"","Os12g0117850",""
"Os12g0118700",89.8898886045448,-1.21679999336927,0.234129338144317,-5.19712737845453,2.02391686444928e-07,8.80537105363651e-07,"","Os12g0118700",""
"Os12g0120000",3.94725921408066,-3.16333973120201,1.39414269378815,-2.26902148918962,0.0232670191052832,0.0442159021607304,"","Os12g0120000",""
"Os12g0120100",63.0735616860315,-5.26272437836799,0.461802827543684,-11.3960419132994,4.37563897962139e-30,8.99711261394849e-29,"","Os12g0120100",""
"Os12g0121200",44.5568066832105,-1.49350342236906,0.438754909939268,-3.40395831143129,0.000664168891394951,0.00176491984363929,"","Os12g0121200",""
"Os12g0122000",157.73000875958,-2.26251544525986,0.221113850236068,-10.2323551547961,1.42022751949376e-24,2.19519508736724e-23,"","OsSCR2",""
"Os12g0123500",517.831266573319,-2.71290786199902,0.58055933239216,-4.67292094129405,2.96946091739552e-06,1.11696270153801e-05,"","APY3",""
"Os12g0123800",43.4593615172053,-1.184755112771,0.3528923986713,-3.3572701402235,0.000787161636806202,0.00206059206287874,"NAC domain-containing protein 77-like [Source:NCBI gene (formerly Entrezgene);Acc:4351370]","ONAC077",""
"Os12g0124000",5644.88275653099,-5.86738138647428,0.229575827166878,-25.5574877324053,4.53314955187126e-144,1.97048853415288e-141,"","Os12g0124000",""
"Os12g0124100",210.825855406414,-1.015231651064,0.237087678188868,-4.28209369132733,1.85142991300367e-05,6.25823723799345e-05,"","Os12g0124100",""
"Os12g0124500",82.3983428391562,-2.01671715420386,0.31578628581581,-6.38633545783605,1.69908066161929e-10,1.01735431495749e-09,"","MIF2",""
"Os12g0127200",33.1457109974238,-1.12875710011651,0.445906574204013,-2.53137577559032,0.0113616054747314,0.0232880955366827,"","Os12g0127200",""
"Os12g0132800",30.822793044874,-1.83924938457503,0.433899648286929,-4.23888194387006,2.24635742830556e-05,7.49199057761836e-05,"","OsZIFL10",""
"Os12g0132850",3.8100937143211,-3.53790632779588,1.36861578780971,-2.58502521986674,0.00973718747507666,0.0202465839266511,"","Os12g0132850",""
"Os12g0133000",54.2413032251253,-1.47607270401646,0.295460739949609,-4.99583364026032,5.85821461221541e-07,2.41031191376389e-06,"","OsZIFL11",""
"Os12g0133300",29.5021657152432,-1.26693575783603,0.516355951036974,-2.45360928888628,0.0141430555621644,0.0283628075810398,"","OsZIFL13",""
"Os12g0134000",453.190503072918,-2.11971381000591,0.166334180533145,-12.7437054922305,3.37953883200075e-37,9.40840827421152e-36,"","Os12g0134000",""
"Os12g0134500",2.70554377135787,-5.19581469338333,1.56578654905113,-3.31834163253733,0.000905536557554764,0.00234445969556263,"","Os12g0134500",""
"Os12g0134700",41.3831810306933,-9.12891289170682,1.0721830080438,-8.51432341607667,1.67565751155153e-17,1.73932828503193e-16,"","Os12g0134700",""
"Os12g0135051",16.3582431840331,-4.48272018409794,0.747644930489457,-5.99578757414065,2.02501591453034e-09,1.09026117588697e-08,"","Os12g0135051",""
"Os12g0135100",10.9122678971196,-1.61109212932849,0.630177197110001,-2.55657001985628,0.0105709793860571,0.0218032378765402,"","Os12g0135100",""
"Os12g0138050",23.3641459812973,-2.10661623235365,0.416386428340775,-5.05928168876239,4.20838786244297e-07,1.76193352598428e-06,"","Os12g0138050",""
"Os12g0139400",1051.51906671909,-3.64258682834876,0.362839789587592,-10.0391052273759,1.02600593547799e-23,1.49713480938388e-22,"","RR10",""
"Os12g0141100",2.45413070218762,-5.05171165997445,1.60823991011709,-3.14114307709641,0.00168289796064262,0.00412884075362335,"","Os12g0141100",""
"Os12g0144200",80.4321005702085,-3.89198191479512,0.412242835675825,-9.44099345817536,3.69261511290426e-21,4.75777039274201e-20,"","Os12g0144200",""
"Os12g0145100",2370.07294030808,-1.13889553051186,0.145745670322706,-7.81426664675626,5.52839512867558e-15,4.77938053395656e-14,"","Os12g0145100",""
"Os12g0145400",372.299065966654,-1.84238287871741,0.222301911203097,-8.28775096330232,1.15409904628112e-16,1.13158338225988e-15,"","OsTBL23",""
"Os12g0149300",4.19408534898326,-4.31600536452204,1.68268469065297,-2.56495194167791,0.0103190096419529,0.0213631435409983,"","OsGT3",""
"Os12g0151500",871.146867126736,-3.70559825576093,0.234654593220712,-15.7917141313978,3.5480576898593e-56,1.97108128658394e-54,"","STLP2","STV1"
"Os12g0152750",292.68682542698,-1.08454933986341,0.208963136550014,-5.19014673003737,2.10128429654492e-07,9.1275457600795e-07,"","Os12g0152750",""
"Os12g0152800",696.383698206281,-1.31262970892833,0.195020780155848,-6.73071714654903,1.68828883667951e-11,1.10400455282154e-10,"","OsStr19",""
"Os12g0153500",5.26976625074996,-6.15715487888505,1.30806692026448,-4.70706412913504,2.51309867758541e-06,9.52969787795129e-06,"","OsalphaCA11",""
"Os12g0153900",151.180223874242,-1.02814427656246,0.169014069762769,-6.08318750033994,1.17816430259071e-09,6.49130018352014e-09,"","Os12g0153900",""
"Os12g0154400",7.58706588733237,-1.59736570214961,0.64547612291246,-2.4747092037148,0.0133344699050983,0.0269352813336557,"","Os12g0154400",""
"Os12g0155100",617.299595143057,-5.11674185557439,0.242595760223538,-21.0916375902843,9.49184184998831e-99,1.5574792418355e-96,"","Os12g0155100",""
"Os12g0155200",27.095242592237,-2.10220469197703,0.482083211239343,-4.36066770832501,1.29666154469022e-05,4.46896412474468e-05,"","Os12g0155200",""
"Os12g0155400",3.5592197126316,-5.5918303856522,1.69754010243724,-3.2940785184537,0.000987449109021932,0.00254086889336758,"","Os12g0155400",""
"Os12g0156100",1.5292677834426,-4.36859444222603,1.94804270021914,-2.24255579291696,0.0249254736665064,0.046967713212794,"","ONAC134",""
"Os12g0156866",8.50964291448857,-4.74583137038338,1.06057570778565,-4.47476906697407,7.64939433900643e-06,2.72546798299629e-05,"","OsCAT9",""
"Os12g0158700",144.231985183173,-1.03679941257793,0.309639865377169,-3.34840415756871,0.000812783878124459,0.00212340216662692,"","Os12g0158700",""
"Os12g0159000",158.363872300201,-2.75953256588487,0.318591714738422,-8.66165828621931,4.6495034140837e-18,5.01308729724768e-17,"","Os12g0159000",""
"Os12g0159600",323.466118747307,-1.42591953672345,0.157837511000609,-9.03409796368333,1.65360555168012e-19,1.93535119291347e-18,"","Os12g0159600",""
"Os12g0160200",1.75414023154182,-4.57640374454194,1.88607034069511,-2.42642262369457,0.0152485015489463,0.030330091085866,"","Os12g0160200",""
"Os12g0161100",19.6355146545304,-3.65296529154597,0.744776484910825,-4.90478064970506,9.35318019571533e-07,3.74807934189291e-06,"","OsPUB37",""
"Os12g0165900",304.560598135039,-1.20646553333599,0.32654391911245,-3.69465013041791,0.000220189764747701,0.000632538179843916,"","OsNucAP2",""
"Os12g0168700",5238.04403671396,-1.23539523920412,0.124615353722908,-9.91366795741011,3.63066913230057e-23,5.18185997068037e-22,"","LACS1",""
"Os12g0169000",255.639493652709,-1.79690409258643,0.240596405096733,-7.46854090302795,8.10889115138824e-14,6.43130589173964e-13,"","Os12g0169000",""
"Os12g0169400",8869.02950774864,-3.15634088350414,0.103417548133596,-30.5203608136865,1.39918624052235e-204,2.03927279302484e-201,"","OsCBSCBSPB4",""
"Os12g0169600",9635.33785704506,-4.01245877475273,0.502276397347902,-7.98854733357798,1.36538043112667e-15,1.23602597522928e-14,"","Os12g0169600",""
"Os12g0170800",8.58152126008216,-6.85277760550084,1.44263024547803,-4.7501968206899,2.03218758813917e-06,7.80885730014333e-06,"","Os12g0170800",""
"Os12g0171500",323.976589901977,-1.41292352949641,0.23912871921772,-5.90863169475674,3.44960979330947e-09,1.8119775672849e-08,"","Os12g0171500",""
"Os12g0176200",49.8029212146821,-6.94302337538746,0.776821979420851,-8.9377277668736,3.97254288850853e-19,4.56741044772974e-18,"","OsISC14",""
"Os12g0178000",69.5453494299278,-1.11709520995925,0.311223944823909,-3.58936138603123,0.000331489036452578,0.00092533842453645,"","Os12g0178000",""
"Os12g0181500",21.2475817760327,-3.34024661796127,0.573686932823252,-5.82242060407948,5.80013560779688e-09,2.9722845905767e-08,"","OsAAP11A",""
"Os12g0181600",36.9304045247379,-3.07281480113648,0.462731956238649,-6.64059345741773,3.124226631129e-11,1.99610529240545e-10,"","OsAAP11B",""
"Os12g0182700",2227.52575424814,-2.10779528853518,0.185428528104909,-11.3671575246646,6.09399083741266e-30,1.24068045175492e-28,"","OsHDAC10",""
"Os12g0188700",3782.98973139174,-2.01974770169087,0.170934922043496,-11.8158868740522,3.23121018764094e-32,7.31807082442226e-31,"","OsTRX",""
"Os12g0189300",15981.9730844691,-9.39245977347691,0.312739313013259,-30.0328720523815,3.65449187652912e-198,4.5273672612381e-195,"","Os12g0189300",""
"Os12g0189400",28927.9955054368,-4.099871273217,0.298038924449386,-13.7561604773314,4.67714971733773e-43,1.60284562304947e-41,"","PsaN",""
"Os12g0189700",2099.33069208921,-1.93764995500113,0.205643659845397,-9.42236661445266,4.41033287938395e-21,5.65019740188708e-20,"","Os12g0189700",""
"Os12g0190000",17967.7833544611,-3.79837305766279,0.163388622976767,-23.2474757939719,1.50867369234767e-119,3.81432735462227e-117,"","OsGGP",""
"Os12g0190200",5534.49943408643,-3.42230105556168,0.159622016024672,-21.4400315244277,5.65753733726374e-102,1.00126287575274e-99,"","Os12g0190200",""
"Os12g0191601",6.09814506539222,-6.36189386199045,1.36203002346668,-4.67089106141579,2.99895962806321e-06,1.12771623470211e-05,"","Os12g0191601",""
"Os12g0194900",56.0437777805993,-2.41580464855762,0.361903459122802,-6.6752737164026,2.46771152257738e-11,1.58646830292942e-10,"","OsAAP10B",""
"Os12g0197500",117.771442707526,-1.86389618357907,0.233148575539996,-7.99445666464867,1.30146524125546e-15,1.17902757888799e-14,"","OsSGS3",""
"Os12g0199000",1586.93030162843,-6.88143695009844,0.544722669962953,-12.6329182344595,1.39025014362798e-36,3.75231239745865e-35,"","Os12g0199000",""
"Os12g0199500",281.276338599803,-9.86534989929555,0.852689673850783,-11.5696837921623,5.86986014586756e-31,1.26247851418542e-29,"","OsCOMTL1",""
"Os12g0202700",18.592157837532,-7.97136709842196,1.09563023788134,-7.27559976241295,3.44884708255773e-13,2.59811748752e-12,"","Os12g0202700",""
"Os12g0204600",2.02277139501922,-3.96649542092193,1.58001561907279,-2.51041532314068,0.0120589239354934,0.0245811565898576,"","Os12g0204600",""
"Os12g0208900",81.6423696748272,-2.0577502688218,0.291281882609249,-7.06446364047382,1.61237553496906e-12,1.1502973979248e-11,"","OsZHD3",""
"Os12g0208950",42.2635467680107,-2.12228625493641,0.370484764801225,-5.72840358516516,1.01380145154928e-08,5.07351213189993e-08,"","Os12g0208950",""
"Os12g0210400",668.686797363718,-2.9937239054517,0.342141362160675,-8.74996196468579,2.13424669832293e-18,2.35232341834285e-17,"","Os12g0210400",""
"Os12g0210601",3.65084234446984,-5.62523092213333,1.3915727791599,-4.04235481347178,5.29170780646676e-05,0.000167150234983206,"","Os12g0210601",""
"Os12g0218100",4.08497465600964,-4.28393452917655,1.30943824270315,-3.2715819574148,0.00106947585394089,0.0027315125485098,"","Os12g0218100",""
"Os12g0221600",1.39938078035603,-4.26177570485585,1.86796195499472,-2.28151097695558,0.0225182279080488,0.0429477432743995,"","OsRALF-35",""
"Os12g0226700",66.5805199670296,-6.18860906584552,0.533929311157859,-11.5906898844439,4.59417163051241e-31,9.94146641827127e-30,"","Os12g0226700",""
"Os12g0226900",2.58312219257052,-5.12647178868899,1.54481463170026,-3.3185028698535,0.000905013925278722,0.00234335145016521,"","Os12g0226900",""
"Os12g0230200",15.7376779120882,-5.68735802561213,0.932227063461226,-6.10082913115156,1.0551966209598e-09,5.83845615844592e-09,"","OsCDPK29",""
"Os12g0231000",2442.74095968649,-4.16172158912505,0.373170358907704,-11.1523369683131,6.97500237337473e-29,1.34699636636871e-27,"","OsPTR3",""
"Os12g0232300",40.9685481686993,-9.11309854774835,1.13452491818579,-8.0325239240413,9.54876096113453e-16,8.76257964200112e-15,"","FT-L",""
"Os12g0233300",758.854266942683,-2.53646604809173,0.269083227384518,-9.42632535199654,4.24707524859155e-21,5.44949681172205e-20,"","Os12g0233300",""
"Os12g0237900",41.1182450741108,-2.71734632359317,0.356589110182841,-7.62038504821376,2.5292011346575e-14,2.08331171919577e-13,"","Os12g0237900",""
"Os12g0257400",39.0627625662006,-1.60894863561668,0.411595282817021,-3.90905509073085,9.26578339226862e-05,0.000282801570719684,"","Os12g0257400",""
"Os12g0261300",113.678961169954,-1.83218723329847,0.335450090687486,-5.46187729311239,4.71125694998832e-08,2.19666566522131e-07,"","Os12g0261300",""
"Os12g0262700",1.87594773704408,-4.67463511310286,1.86278424852175,-2.50948821196686,0.0120906250990805,0.0246376690583039,"","Os12g0262700",""
"Os12g0263000",1843.38591289473,-1.60842234719087,0.154771133860521,-10.3922631247269,2.68895800131464e-25,4.32625405185538e-24,"","Os12g0263000",""
"Os12g0263200",764.388533199029,-3.39114507656581,0.168604953069834,-20.1129623704545,5.68265160040669e-90,7.29528801571382e-88,"","Os12g0263200",""
"Os12g0263600",936.101303823669,-1.33208704569831,0.134728157637401,-9.88722082345552,4.72976130039625e-23,6.71107749661408e-22,"","Os12g0263600",""
"Os12g0263800",190.335739138306,-1.0079372755969,0.254564956119476,-3.95945023604835,7.51224954431089e-05,0.00023219935997928,"","Os12g0263800",""
"Os12g0264800",8.59495517810587,-1.6930239933238,0.732679848367735,-2.31072820836485,0.0208478721198782,0.0400859636438167,"","Os12g0264800",""
"Os12g0266200",31.3926628283502,-2.97847486588964,0.455030868627833,-6.54565452860676,5.92353715532945e-11,3.69877722020155e-10,"","OsWAK124",""
"Os12g0267200",21.0164765129958,-2.43690322724527,0.583554177959026,-4.17596740677671,2.96722306422801e-05,9.74703828220379e-05,"","Os12g0267200",""
"Os12g0270300",277.141659074983,-3.34544103160006,0.238594364539762,-14.0214587132151,1.15221741332314e-44,4.17986688871265e-43,"","Os12g0270300",""
"Os12g0271600",156.054148088113,-1.05721476209774,0.214014120453661,-4.93992994413958,7.815064363414e-07,3.16085291760217e-06,"","BIP134",""
"Os12g0271700",1934.04359964762,-2.38710526279466,0.177066394302498,-13.4814134110426,2.01214904026685e-41,6.61207118974692e-40,"","OsSPS3",""
"Os12g0274700",58314.1006121883,-4.27910034180404,0.37337727971408,-11.4605268565908,2.08244144363156e-30,4.33221256497558e-29,"","RBCS",""
"Os12g0275500",6.2127401311021,-2.05407560439111,0.788440215141229,-2.60523951587524,0.0091810054444541,0.0192045396283022,"","Os12g0275500",""
"Os12g0281600",287.26755998963,-1.37732841193644,0.23034787550602,-5.97934063385987,2.24042625267679e-09,1.20153768966608e-08,"","Pi42(t)",""
"Os12g0283900",529.496279554839,-1.50015270081489,0.171021805669466,-8.77170425690764,1.75982120029498e-18,1.94830607147939e-17,"","Os12g0283900",""
"Os12g0285100",9577.38381998083,-1.37387942805273,0.119805052942989,-11.4676250650839,1.91852466698433e-30,4.00128667288474e-29,"","Os12g0285100",""
"Os12g0285600",7.45890662953817,-1.88143737597147,0.705451083270196,-2.66699906001967,0.00765318859188846,0.0162808494669203,"","Os12g0285600",""
"Os12g0290150",286.462378368082,-1.35602755566664,0.152307457719651,-8.90322493703919,5.42470927908363e-19,6.18536685724138e-18,"","QS",""
"Os12g0291100",53150.3853246053,-2.48883254258572,0.355818542057968,-6.99466792312429,2.65887947432822e-12,1.86679106646161e-11,"ribulose bisphosphate carboxylase small chain A, chloroplastic-like [Source:NCBI gene (formerly Entrezgene);Acc:4352014]","RbcS3",""
"Os12g0291400",3205.62041408952,-2.64383855694747,0.335786272469437,-7.87357546663291,3.44647030433334e-15,3.02169832733429e-14,"","RbcS5",""
"Os12g0291733",12.1591497708696,-2.9226553126593,0.673883377562527,-4.33703428511726,1.44418104688305e-05,4.9498511272128e-05,"","Os12g0291733",""
"Os12g0292200",7.03201200676727,-2.75109624010864,0.822721814409609,-3.34389606781345,0.000826106797036197,0.00215366667825819,"","Os12g0292200",""
"Os12g0292301",13.2540540565404,-3.32117462121753,0.610674042365954,-5.4385390417942,5.37192393204325e-08,2.48506645377587e-07,"","Os12g0292301",""
"Os12g0292400",16396.2012012425,-3.35048049402866,0.295670743478457,-11.331795816561,9.13131005880539e-30,1.84690995368997e-28,"","RBCS",""
"Os12g0292900",4881.32105052875,-1.34629606754728,0.150642560520148,-8.93702326154509,3.9979423283505e-19,4.59235127814281e-18,"","Os12g0292900",""
"Os12g0297500",3925.79806208897,-1.01686799858997,0.163676841542119,-6.21265653106028,5.20962410024568e-10,2.97553841244323e-09,"","GWD3","PWD"
"Os12g0405100",1939.50524083169,-1.34790572997493,0.097656148584767,-13.8025690088006,2.45929668344902e-43,8.51033434718105e-42,"","OsC3H66",""
"Os12g0409900",6.31381457329107,-1.56086822268397,0.680163273431335,-2.29484343488526,0.0217420984428676,0.0416148299049,"","Os12g0409900",""
"Os12g0417300",5.20458878648802,-4.65177071992651,1.28453729152451,-3.62135902991628,0.000293059479748126,0.000825973692380767,"","Os12g0417300",""
"Os12g0418900",233.789144719975,-1.21254219385545,0.194859488095676,-6.22264897493771,4.88830247652033e-10,2.80105158327346e-09,"","Os12g0418900",""
"Os12g0420200",56583.497611376,-3.57990261631434,0.215249717779929,-16.6313928456548,4.12883463225242e-62,2.77989499139452e-60,"","CSP41b",""
"Os12g0420400",82080.0669624204,-1.65202569950723,0.143940886688759,-11.4771121500688,1.71927435479015e-30,3.59177577475848e-29,"","PsaL",""
"Os12g0421000",134.445958640775,-3.16757044170786,0.238016997986275,-13.3081690320727,2.07504759029934e-40,6.58302869972429e-39,"","Os12g0421000",""
"Os12g0431100",138.272672321686,-6.42220578960242,0.856768363264011,-7.49584842878172,6.58708753136228e-14,5.2613883869943e-13,"","Os12g0431100",""
"Os12g0433700",14.2207336751033,-1.76328268009815,0.628461303927108,-2.8057140019279,0.00502052311879967,0.0111503676330673,"","Os12g0433700",""
"Os12g0438300",510.252982353947,-1.61483748610875,0.141716466480116,-11.3948472341803,4.43607396789631e-30,9.11381465195413e-29,"","Os12g0438300",""
"Os12g0438400",6534.56330650282,-2.09476806473469,0.137913432506243,-15.1890068042492,4.18208186793692e-52,1.98125128951956e-50,"","Os12g0438400",""
"Os12g0441600",27.1026669214332,-1.80298658190742,0.499592112498606,-3.6089172282768,0.000307477687385313,0.000863076318154063,"","Os12g0441600",""
"Os12g0443000",5.28135723177727,-2.96691578390427,1.15878580707603,-2.56036600188493,0.0104561977942282,0.0216074405961295,"","Os12g0443000",""
"Os12g0472300",15.9876737553415,-3.75974616979894,0.753395122445123,-4.99040418206689,6.02530832524492e-07,2.47290151357617e-06,"","Os12g0472300",""
"Os12g0472366",6.76470472397022,-2.87793439804014,0.820701864398105,-3.50667461947438,0.000453743614498619,0.00123896909151777,"","Os12g0472366",""
"Os12g0480200",95.4708751987933,-1.36550650409914,0.350964835827768,-3.89072170400925,9.99465102981853e-05,0.000303339122644136,"","Os12g0480200",""
"Os12g0484600",928.521980741691,-6.84486300241153,0.329089294828096,-20.7994094915395,4.38170126715729e-96,6.78533826852226e-94,"","Os12g0484600",""
"Os12g0488700",8.73278805973272,-3.73873915275626,0.898786767488178,-4.15976212378476,3.18579215884715e-05,0.000104148795777485,"","Os12g0488700",""
"Os12g0491800",146.731074090826,-7.03889830646255,0.515762708374184,-13.6475518531593,2.08775195650095e-42,7.07636528402519e-41,"","OsKSL10",""
"Os12g0498500",2703.78156876193,-1.12181591630493,0.17685052421072,-6.34329992128419,2.24894992618627e-10,1.32893470835004e-09,"","Os12g0498500",""
"Os12g0498650",128.360208670963,-1.12895375236213,0.347281874797969,-3.25082831638967,0.00115069321806039,0.00291759372327898,"","Os12g0498650",""
"Os12g0502800",875.741027076571,-2.00100450580067,0.163405729647753,-12.2456202124255,1.77316361266218e-34,4.4332668850586e-33,"","Os12g0502800",""
"Os12g0507700",205.427204305873,-2.01371397974422,0.282039042225571,-7.13984122146349,9.3438788625992e-13,6.79323023998299e-12,"","Os12g0507700",""
"Os12g0509600",2.61062704699811,-2.96663903402321,1.3279607745825,-2.23398092082645,0.0254843284547655,0.047882399797052,"","OsSTA285",""
"Os12g0512000",11.9176798960727,-2.57100608385632,0.591000917939895,-4.35025734446962,1.35977854691655e-05,4.672847858107e-05,"","YUCCA5",""
"Os12g0512100",109.057943184003,-3.0835862373515,0.357935442315416,-8.61492289616354,6.99886801307508e-18,7.45212517232321e-17,"","Os12g0512100",""
"Os12g0514000",2087.20237273512,-1.55297580626885,0.173128884163766,-8.97005611611208,2.96363408669745e-19,3.4329107885041e-18,"","Os12g0514000",""
"Os12g0515400",2398.82488265152,-2.04351338421789,0.184848520974681,-11.0550702458571,2.07174587658107e-28,3.900581123408e-27,"","Os12g0515400",""
"Os12g0515500",374.529300882941,-1.84692978722929,0.171570189558381,-10.7648641758994,5.0435869878174e-27,8.7633208132645e-26,"","OsC3H67",""
"Os12g0515800",9235.00821955235,-3.69753881353873,0.240582459302962,-15.369112213133,2.63758583305342e-53,1.32558750883498e-51,"","Os12g0515800",""
"Os12g0516000",2793.28414729551,-2.07158465766126,0.276559192820429,-7.49056517172565,6.85776630644887e-14,5.46701659507348e-13,"","Os12g0516000",""
"Os12g0516200",6342.32861277154,-2.97463482868359,0.278985155447437,-10.6623408830225,1.52704707627068e-26,2.60396733714787e-25,"","Os12g0516200",""
"Os12g0529800",197.810411359155,-3.10715275454043,0.385323467726827,-8.06375166524565,7.39879832598218e-16,6.83519858772784e-15,"","Os12g0529800",""
"Os12g0534200",1674.70532160463,-1.02164552864546,0.196104671322008,-5.20969501520896,1.89151299719902e-07,8.25832908045817e-07,"","Os12g0534200",""
"Os12g0535400",1586.84095420278,-1.08300623726411,0.148308419507176,-7.30239214242123,2.82695908406181e-13,2.14462845149417e-12,"","Os12g0535400",""
"Os12g0538500",1039.51183964362,-1.44924288826675,0.161990816699154,-8.94645090257341,3.67095131788531e-19,4.2324411727894e-18,"","Os12g0538500",""
"Os12g0538700",473.592034888297,-4.2535780323314,0.685672607496664,-6.20351168447705,5.52169385756679e-10,3.14580383327046e-09,"","OsGRX29",""
"Os12g0542000",13.0687071994436,-7.47149303510814,1.13872560478451,-6.56127604728973,5.33492535658604e-11,3.34218572844835e-10,"","OsRALF-38",""
"Os12g0542200",184.624079676906,-9.84351183851625,1.03887334775048,-9.47517987619077,2.66301494133184e-21,3.45272219787436e-20,"","Os12g0542200",""
"Os12g0547600",198.893623070532,-1.05963253421413,0.179356243511284,-5.90797684802908,3.46334677149286e-09,1.81765183133401e-08,"","CaMBP",""
"Os12g0554300",17.3132338012317,-1.49375947762319,0.465968794550004,-3.20570710977705,0.00134731049718616,0.00337263206595085,"","Os12g0554300",""
"Os12g0555000",207.589180232459,-4.80761625587445,0.833381356575947,-5.76880706286393,7.98346405015346e-09,4.03933609905355e-08,"","RSOsPR10",""
"Os12g0555200",131.91937817788,-6.7543426033977,0.584139559280252,-11.5628919426722,6.35324710836138e-31,1.3605393569911e-29,"","RPR10b",""
"Os12g0555300",50.9020967784508,-4.84424869597061,0.546687258705011,-8.86109675840194,7.92310621208519e-19,8.92727615356229e-18,"","PR10",""
"Os12g0555500",1371.71161138548,-5.28889627056534,0.519933039237301,-10.1722642560352,2.63706062789353e-24,4.02082776475803e-23,"","OsPR10a",""
"Os12g0556200",310.02381360895,-1.46436675777818,0.30704683034483,-4.76919679038413,1.84961908836278e-06,7.14165687273877e-06,"","Os12g0556200",""
"Os12g0556300",100.080970609965,-1.37043090288962,0.268753766246206,-5.09920631822575,3.41080619351124e-07,1.44115868104754e-06,"","Os12g0556300",""
"Os12g0556900",57.0466792887935,-2.77455935502286,0.398504547744398,-6.96242833545395,3.34456748498559e-12,2.32384600604285e-11,"","Os12g0556900",""
"Os12g0559000",22.0705500932945,-2.06291544337231,0.436452692711698,-4.72654992813844,2.28366660409505e-06,8.71168705922449e-06,"","Os12g0559000",""
"Os12g0560400",134.927605249947,-3.46190615921258,0.2131722501494,-16.2399475390738,2.63149100865679e-59,1.59805031180121e-57,"","Os12g0560400",""
"Os12g0561500",2.018629486605,-4.7657427874043,1.579012685436,-3.0181789110126,0.00254298724540389,0.00600587122098678,"","Os12g0561500",""
"Os12g0562477",335.468892291101,-1.57868106540613,0.176014158460663,-8.96905725773725,2.99063073874099e-19,3.46094618467004e-18,"","Os12g0562477",""
"Os12g0562600",542.800364061643,-1.61600932328364,0.133934317925378,-12.0656852427024,1.60322326286391e-33,3.85286738932871e-32,"","Os12g0562600",""
"Os12g0563600",1057.12570234084,-2.01251605531909,0.196684659797576,-10.2321963359539,1.42255905354102e-24,2.19742803426346e-23,"","Os12g0563600",""
"Os12g0563700",11.4405143666273,-7.2698339307919,1.17028606653257,-6.2120144285163,5.2309622577934e-10,2.98703737868972e-09,"","OsPME35",""
"Os12g0565166",15.4624128376322,-1.54568816416387,0.478223854908533,-3.23214358359331,0.00122865302502833,0.00309845659044548,"","Os12g0565166",""
"Os12g0566700",1848.95887067197,-1.17238455180357,0.180103639657385,-6.50949949725514,7.54016078999104e-11,4.66589819914106e-10,"","OsGELP114",""
"Os12g0567300",634.891122925569,-1.08072038926187,0.273438510322032,-3.95233424870948,7.73925346608112e-05,0.000238828600235511,"","R2R3-MYB",""
"Os12g0570700",1493.674701171,-2.93032329281347,0.338314968132955,-8.6615242269206,4.65497564171891e-18,5.01680432687557e-17,"","OsMT1a",""
"Os12g0571300",1.74051062421109,-4.54741194887576,1.71581604070549,-2.65029108074197,0.00804224491015777,0.0170251796085936,"","Os12g0571300",""
"Os12g0574700",114.270019086447,-2.68585803879207,0.270323198446599,-9.93572898747219,2.91039279112093e-23,4.1658464578627e-22,"","Os12g0574700",""
"Os12g0575000",14814.7321894419,-2.51970105854251,0.209163063039999,-12.0465871073071,2.02147790734664e-33,4.82061194517111e-32,"","Os12g0575000",""
"Os12g0576300",680.464579826061,-1.31960285400882,0.16984257256271,-7.769564686272,7.87563157997915e-15,6.72645720982914e-14,"","Os12g0576300",""
"Os12g0577600",1233.6207029185,-4.32354290514571,0.173764817527476,-24.881578254252,1.17771555032483e-136,4.35526241647736e-134,"","Os12g0577600",""
"Os12g0577700",72.1902216290586,-6.14590448704774,0.549610707801991,-11.1822866618202,4.97902741909803e-29,9.74449939676082e-28,"","Orysa",""
"Os12g0580900",171.532710819713,-1.69416808935733,0.180123053522962,-9.4056149738843,5.17268211313801e-21,6.60977538510678e-20,"","OsPP2C78",""
"Os12g0581900",30.3174117577187,-3.29150494808925,0.475177235876943,-6.92689947996932,4.30164002450293e-12,2.96554632407093e-11,"","Os12g0581900",""
"Os12g0583300",954.213167028988,-8.55205932201034,0.635448594412251,-13.4583023665674,2.75165667724962e-41,8.9944323868356e-40,"","Os12g0583300",""
"Os12g0583500",1215.05211083106,-2.59746841054825,0.200351515160564,-12.964555863062,1.94352842826903e-38,5.68533693827884e-37,"","Os12g0583500",""
"Os12g0594300",1198.59784238879,-1.03252992786298,0.158527116751179,-6.51327008920255,7.35321190529557e-11,4.55590226000271e-10,"","Os12g0594300",""
"Os12g0596300",75.0067493562565,-1.67138939545628,0.418860942238461,-3.99032047849604,6.59840766352701e-05,0.000205672092941513,"","Os12g0596300",""
"Os12g0600701",2377.70114442995,-2.9533323802756,0.263933941379056,-11.1896649777002,4.58161452474333e-29,8.99513970519536e-28,"","Os12g0600701",""
"Os12g0601800",1980.05661834471,-4.05782869803679,0.191243574829954,-21.2181177937342,6.4973355078306e-100,1.08043276427865e-97,"","OsbZIP88",""
"Os12g0603700",121.426236100177,-2.16285772962451,0.273214125659556,-7.91634665449028,2.44591071103301e-15,2.17368470901237e-14,"","OsCIPK04",""
"Os12g0603800",9.67304867783489,-3.90920416888279,0.815140911636936,-4.79574035982621,1.62075098568847e-06,6.30215743446376e-06,"","OsCML5",""
"Os12g0604000",378.250247481713,-1.68487036748497,0.330232383815194,-5.10207493286867,3.35949675659645e-07,1.42093293168642e-06,"","Os12g0604000",""
"Os12g0609025",1.74439101224475,-4.54952280056757,1.68810270604499,-2.69505094937411,0.00703778687931924,0.015079355610355,"","Os12g0609025",""
"Os12g0609500",70.0807281340365,-2.40618207104253,0.253045639706459,-9.5088857244637,1.92715671077279e-21,2.51443716813151e-20,"","Os12g0609500",""
"Os12g0610200",141.310922003453,-1.8060379923141,0.261111390500256,-6.91673384624839,4.62175223025196e-12,3.17827241212747e-11,"","OsPIL11",""
"Os12g0611300",110.251237885831,-2.19323354846685,0.288392984376616,-7.60501699861976,2.84866448449762e-14,2.33172645961009e-13,"","OspPLAIIIzeta",""
"Os12g0612100",2690.61044941791,-1.07557402092097,0.139615362575333,-7.7038371786673,1.32040070964738e-14,1.10937837853283e-13,"","Os12g0612100",""
"Os12g0612300",467.225653215166,-1.92331429090167,0.17594523904023,-10.931323299188,8.16489589417195e-28,1.48206319098827e-26,"","Os12g0612300",""
"Os12g0615400",15214.0938463647,-1.35856859249594,0.176104417963611,-7.7145628043055,1.21397644992055e-14,1.02308484692794e-13,"","Os12g0615400",""
"Os12g0616900",354.105869789801,-1.02418358215394,0.210562451887212,-4.86403712045749,1.15015328693743e-06,4.55374688246226e-06,"","Os12g0616900",""
"Os12g0617400",64.8123105447486,-2.29705048635886,0.334337975406343,-6.87044444642312,6.4002184965972e-12,4.33985259141184e-11,"","OsNCED2",""
"Os12g0617800",4480.86776364923,-1.96544019396211,0.174266168069668,-11.2783807421322,1.67806255821597e-29,3.3503107175598e-28,"","Os12g0617800",""
"Os12g0618600",187.842645553126,-2.1483352584674,0.249359872328595,-8.61540085983209,6.9697308812191e-18,7.42429157540694e-17,"","OsHAP2F",""
"Os12g0620100",6.57204885371814,-6.47231451997317,1.22505277048762,-5.28329446363109,1.26881201136653e-07,5.64607672514879e-07,"","Os12g0620100",""
"Os12g0621400",101.69584961979,-5.425843282489,0.393451481140234,-13.7903745253792,2.91243961652341e-43,1.00503504705572e-41,"","Os12g0621400",""
"Os12g0625000",2514.67534289194,-2.37190275269936,0.184689761121757,-12.8426326304882,9.46018212664294e-38,2.69110140702448e-36,"","rcs1",""
"Os12g0626400",1468.73728228976,-5.23090840405965,0.203554756602446,-25.6977949882837,1.23713684580776e-145,5.67639622751459e-143,"","PSY2",""
"Os12g0626450",3.60432299204381,-5.61087787691352,1.44104288158182,-3.89362311741516,9.8758043761541e-05,0.000300052489304684,"","Os12g0626450",""
"Os12g0628100",1015.06998885618,-3.88101766987722,0.182156588687978,-21.3059417604989,9.99963890137446e-101,1.68544934053983e-98,"","OsADF11",""
"Os12g0628300",13.0825371092732,-1.88699719745635,0.610162172256495,-3.09261583765162,0.00198400785346214,0.0047982198716673,"","Os12g0628300",""
"Os12g0628600",2.49562760135928,-4.29733477208465,1.56393360128084,-2.74777315901724,0.00600015053202108,0.0130810144946666,"","OsPR5",""
"Os12g0629600",148.248142269478,-3.27136038910306,0.693597037071045,-4.71651436534031,2.39919434862973e-06,9.1243036647734e-06,"","Os12g0629600",""
"Os12g0629700",183.651149604134,-2.84819855174538,1.13003309944296,-2.52045586377015,0.0117202935677092,0.0239638317979147,"","Os12g0629700",""
"Os12g0630100",71.0197081399351,-5.02540850356915,0.507601677777534,-9.90029923772558,4.15031353777419e-23,5.91330181284825e-22,"","TOND1",""
"Os12g0632900",130.24201971853,-3.39952933107082,0.380596447535639,-8.93210998968266,4.17959643995794e-19,4.78991031419232e-18,"","Os12g0632900",""
"Os12g0633400",16.4958197544006,-3.92866968744636,0.743540314027895,-5.2837346050062,1.26576584978016e-07,5.63353340398832e-07,"","OsPR1#121",""
"Os12g0634600",131.587220830002,-1.51509297411386,0.26083445520227,-5.80863817603755,6.29830374373475e-09,3.21493761554421e-08,"","Os12g0634600",""
"Os12g0634700",84.180334676735,-1.11827982116113,0.440328802183099,-2.53964722638362,0.0110964331123929,0.0227898145909946,"","Os12g0634700",""
"Os12g0636100",22.2450473980269,-1.16806274358232,0.416766779757173,-2.80267718137921,0.00506803696661774,0.0112468205930934,"","Os12g0636100",""
"Os12g0636400",17.3510309904408,-1.28283769227842,0.448037186413853,-2.86323932740142,0.00419333695654312,0.00946854185475886,"","Os12g0636400",""
"Os12g0637100",281.865320635071,-1.87973437722567,0.387408160710299,-4.85207738984962,1.22174927022853e-06,4.82103546240682e-06,"","OsPAP10c",""
"Os12g0637200",300.036178183301,-1.75690768279659,0.354870130510925,-4.9508468922619,7.38912204710137e-07,3.00377812897507e-06,"","OsPAP10d",""
"Os12g0638200",334.254937119632,-1.21932685980052,0.214181024613744,-5.692973324782,1.24845898212633e-08,6.18290389769022e-08,"","OsPTR2",""
"Os12g0638700",1688.66020414606,-1.12018378020209,0.149281222507158,-7.50384918738444,6.19705989848183e-14,4.95944938968618e-13,"","OSA3",""
"Os12g0639800",27.8409621770972,-1.64501256935661,0.445286687862384,-3.69427744910488,0.000220512927579173,0.000633319671569396,"","Os12g0639800",""
"Os12g0640600",14623.7343440095,-1.43157075237612,0.166361590530236,-8.60517591718942,7.61998024550301e-18,8.10301504475657e-17,"","OsCCD1",""
"Os12g0641300",12.8182779091184,-1.57874191351018,0.664866338666202,-2.37452525672652,0.0175715340200756,0.0344438210771688,"","Os12g0641300",""
